ags;rent_recent;own_value;district_factor
01001000;7.855;1;1.2209
01002000;9.185;1;1.1323
01003000;8.65;1;1.3561
01004000;6.96;1;1.3161
01051011;6.35;1;1.3628
01051044;7.95;1;1.3628
01051003;5.57;1;1.3628
01051010;6.378;0;1.3628
01051012;5.78;1;1.3628
01051016;6.125;1;1.3628
01051022;6.29;1;1.3628
01051024;5.41;1;1.3628
01051026;5.465;1;1.3628
01051032;5.35;1;1.3628
01051037;3.83;1;1.3628
01051051;5.655;1;1.3628
01051064;6.105;1;1.3628
01051089;5.63;1;1.3628
01051097;6.745;1;1.3628
01051110;5.525;1;1.3628
01051021;7.15;1;1.3628
01051034;6.525;1;1.3628
01051046;6.555;1;1.3628
01051057;6.44;1;1.3628
01051062;6.455;1;1.3628
01051072;6.675;1;1.3628
01051073;6.02;1;1.3628
01051076;5.4;1;1.3628
01051077;4.798;0;1.3628
01051090;7.27;1;1.3628
01051103;6.06;1;1.3628
01051118;4.876;0;1.3628
01051119;5.24;1;1.3628
01051005;6.178;0;1.3628
01051008;6.134;0;1.3628
01051019;5.815;1;1.3628
01051020;5.375;1;1.3628
01051023;5.815;1;1.3628
01051030;4.675;0;1.3628
01051035;6.845;1;1.3628
01051036;4.675;0;1.3628
01051038;6.022;0;1.3628
01051047;6.09;1;1.3628
01051049;6.08;1;1.3628
01051053;5.41;1;1.3628
01051058;5.087;0;1.3628
01051060;5.321;0;1.3628
01051061;5.54;1;1.3628
01051065;5.69;1;1.3628
01051068;5.46;1;1.3628
01051071;5.29;1;1.3628
01051080;6.83;1;1.3628
01051088;7.3;1;1.3628
01051092;5.6;1;1.3628
01051096;5.69;1;1.3628
01051100;5.785;1;1.3628
01051102;4.82;1;1.3628
01051114;6.175;1;1.3628
01051117;4.531;0;1.3628
01051120;3.84;0;1.3628
01051125;5.8;1;1.3628
01051131;5.254;0;1.3628
01051133;5.443;0;1.3628
01051136;4.435;1;1.3628
01051139;4.664;0;1.3628
01051141;5.37;1;1.3628
01051048;6.58;1;1.3628
01051067;6.5;1;1.3628
01051069;7.195;1;1.3628
01051075;5.4;1;1.3628
01051081;5.35;1;1.3628
01051082;6.735;1;1.3628
01051087;6.58;1;1.3628
01051107;7.04;1;1.3628
01051113;5.47;1;1.3628
01051122;6.795;1;1.3628
01051130;6.51;1;1.3628
01051001;6.355;1;1.3628
01051002;6.425;1;1.3628
01051004;6.365;1;1.3628
01051006;5.63;1;1.3628
01051015;5.855;1;1.3628
01051017;5.91;1;1.3628
01051027;6.56;1;1.3628
01051028;6.76;1;1.3628
01051039;6.26;1;1.3628
01051054;5.01;1;1.3628
01051063;5.3;1;1.3628
01051074;6.67;1;1.3628
01051078;5.82;1;1.3628
01051083;6.415;1;1.3628
01051085;5.48;1;1.3628
01051086;4.83;1;1.3628
01051098;5.095;1;1.3628
01051099;5.675;1;1.3628
01051104;5.67;1;1.3628
01051126;7.25;1;1.3628
01051134;5.755;1;1.3628
01051135;5.9;0;1.3628
01051137;6.24;1;1.3628
01051138;6.47;1;1.3628
01051013;8.82;1;1.3628
01051014;8.155;1;1.3628
01051033;5.187;0;1.3628
01051043;5.51;1;1.3628
01051045;8.2;1;1.3628
01051050;3.173;0;1.3628
01051079;5.05;1;1.3628
01051084;6.015;1;1.3628
01051093;6.44;1;1.3628
01051105;5.755;1;1.3628
01051108;5.833;0;1.3628
01051109;5.165;1;1.3628
01051121;9.385;1;1.3628
01051127;7.125;1;1.3628
01051128;6.74;1;1.3628
01051129;5.91;1;1.3628
01051132;7.57;1;1.3628
01051140;7.4;1;1.3628
01053032;8.835;1;1.2361
01053083;7.58;1;1.2361
01053090;7.515;1;1.2361
01053100;8.55;1;1.2361
01053116;8.52;1;1.2361
01053129;9.915;1;1.2361
01053008;5.89;1;1.2361
01053009;7.425;1;1.2361
01053011;7.38;1;1.2361
01053024;8.06;1;1.2361
01053034;8.23;1;1.2361
01053061;6.985;1;1.2361
01053067;8.27;1;1.2361
01053075;8.445;1;1.2361
01053094;5.351;0;1.2361
01053103;5.975;1;1.2361
01053120;7.24;1;1.2361
01053002;6.91;1;1.2361
01053005;4.45;0;1.2361
01053013;8.88;1;1.2361
01053014;7.14;1;1.2361
01053037;7.65;1;1.2361
01053056;6.329;0;1.2361
01053084;6.655;1;1.2361
01053095;7.01;1;1.2361
01053113;6.72;1;1.2361
01053125;7.856;0;1.2361
01053134;7.695;1;1.2361
01053010;5.186;0;1.2361
01053015;7.255;1;1.2361
01053020;8.515;1;1.2361
01053029;6.645;1;1.2361
01053035;6.636;0;1.2361
01053046;7.34;1;1.2361
01053048;7.665;1;1.2361
01053064;6.355;1;1.2361
01053080;6.21;1;1.2361
01053092;7.215;1;1.2361
01053104;6.57;1;1.2361
01053115;7.42;1;1.2361
01053119;4.865;1;1.2361
01053126;7.015;1;1.2361
01053132;8.645;1;1.2361
01053003;9.5;1;1.2361
01053012;8.705;1;1.2361
01053023;9.16;1;1.2361
01053028;8.9;1;1.2361
01053050;8.165;1;1.2361
01053053;8.46;1;1.2361
01053072;8.555;1;1.2361
01053131;5.44;1;1.2361
01053133;9.95;1;1.2361
01053135;8.52;1;1.2361
01053006;6.575;1;1.2361
01053019;7.45;1;1.2361
01053022;5.965;1;1.2361
01053058;6.68;1;1.2361
01053073;7.56;1;1.2361
01053074;6.48;1;1.2361
01053082;6.365;1;1.2361
01053087;7.6;1;1.2361
01053111;7.45;1;1.2361
01053128;6.834;0;1.2361
01053001;6.01;0;1.2361
01053004;7.9;1;1.2361
01053016;6.384;0;1.2361
01053018;7.021;0;1.2361
01053026;7.415;1;1.2361
01053030;9.482;0;1.2361
01053033;6.465;1;1.2361
01053040;5.362;0;1.2361
01053041;9.555;1;1.2361
01053043;6.86;1;1.2361
01053051;5.94;1;1.2361
01053054;7.9;1;1.2361
01053057;6.33;1;1.2361
01053062;6.04;1;1.2361
01053066;6.516;0;1.2361
01053078;5.39;1;1.2361
01053088;4.37;1;1.2361
01053093;6.525;1;1.2361
01053098;8.07;1;1.2361
01053102;6.252;0;1.2361
01053107;8.585;1;1.2361
01053110;7.255;1;1.2361
01053117;6.245;1;1.2361
01053123;6.865;1;1.2361
01053136;7.945;1;1.2361
01053007;9.265;1;1.2361
01053017;8.115;1;1.2361
01053021;12.0;1;1.2361
01053027;7.77;1;1.2361
01053031;6.225;1;1.2361
01053036;8.38;1;1.2361
01053042;6.095;1;1.2361
01053045;8.73;1;1.2361
01053047;6.895;1;1.2361
01053049;8.195;1;1.2361
01053052;7.39;1;1.2361
01053059;6.66;1;1.2361
01053060;7.725;1;1.2361
01053070;8.765;1;1.2361
01053071;8.28;1;1.2361
01053076;8.185;1;1.2361
01053089;6.82;1;1.2361
01053091;7.63;1;1.2361
01053106;7.56;1;1.2361
01053025;7.115;1;1.2361
01053038;6.856;0;1.2361
01053039;6.03;1;1.2361
01053044;6.31;1;1.2361
01053068;6.655;1;1.2361
01053069;7.035;1;1.2361
01053077;6.565;1;1.2361
01053079;7.395;1;1.2361
01053081;6.045;1;1.2361
01053085;7.925;1;1.2361
01053086;6.64;1;1.2361
01053096;7.19;1;1.2361
01053097;6.635;1;1.2361
01053099;7.505;1;1.2361
01053101;5.595;1;1.2361
01053108;7.905;1;1.2361
01053109;7.17;1;1.2361
01053112;8.045;1;1.2361
01053114;6.83;1;1.2361
01053118;6.555;1;1.2361
01053121;7.715;1;1.2361
01053122;7.055;1;1.2361
01053124;9.01;1;1.2361
01053127;5.23;1;1.2361
01053130;7.355;1;1.2361
01054033;6.855;1;1.2634
01054056;8.115;1;1.2634
01054108;6.595;1;1.2634
01054138;7.3;1;1.2634
01054168;13.05;1;1.2634
01054035;8.19;1;1.2634
01054036;8.27;1;1.2634
01054040;8.271;0;1.2634
01054063;6.29;1;1.2634
01054072;8.9;1;1.2634
01054090;6.12;1;1.2634
01054095;6.91;1;1.2634
01054100;6.55;1;1.2634
01054104;8.14;1;1.2634
01054113;9.25;1;1.2634
01054134;7.865;1;1.2634
01054135;7.37;1;1.2634
01054140;8.215;1;1.2634
01054145;9.83;1;1.2634
01054148;7.35;1;1.2634
01054150;8.064;0;1.2634
01054046;11.82;1;1.2634
01054061;8.575;1;1.2634
01054078;11.295;1;1.2634
01054149;12.245;1;1.2634
01054003;6.18;1;1.2634
01054004;7.2;1;1.2634
01054011;7.39;1;1.2634
01054013;5.85;1;1.2634
01054041;6.735;1;1.2634
01054057;6.22;1;1.2634
01054079;6.36;1;1.2634
01054092;4.766;0;1.2634
01054101;6.39;1;1.2634
01054118;6.62;1;1.2634
01054123;5.4;1;1.2634
01054144;6.9;1;1.2634
01054152;6.765;1;1.2634
01054050;5.8;1;1.2634
01054074;6.965;0;1.2634
01054103;6.625;1;1.2634
01054005;8.175;1;1.2634
01054015;10.065;1;1.2634
01054025;8.858;0;1.2634
01054083;9.675;1;1.2634
01054085;8.75;1;1.2634
01054087;9.27;1;1.2634
01054089;11.5;1;1.2634
01054094;10.525;1;1.2634
01054098;8.775;1;1.2634
01054129;8.52;1;1.2634
01054143;10.02;1;1.2634
01054158;8.815;0;1.2634
01054160;11.315;1;1.2634
01054163;9.835;1;1.2634
01054164;10.225;1;1.2634
01054001;6.6;1;1.2634
01054009;5.485;1;1.2634
01054016;6.51;1;1.2634
01054017;6.31;1;1.2634
01054018;5.37;1;1.2634
01054022;6.72;1;1.2634
01054027;5.71;1;1.2634
01054034;5.213;0;1.2634
01054048;6.257;0;1.2634
01054055;7.295;1;1.2634
01054062;2.97;1;1.2634
01054065;7.555;1;1.2634
01054068;6.885;1;1.2634
01054073;7.025;1;1.2634
01054076;6.365;1;1.2634
01054086;6.345;1;1.2634
01054088;7.555;1;1.2634
01054109;7.105;1;1.2634
01054110;6.562;0;1.2634
01054124;5.915;1;1.2634
01054125;6.165;1;1.2634
01054126;7.305;1;1.2634
01054131;7.385;1;1.2634
01054136;5.57;1;1.2634
01054142;5.95;1;1.2634
01054154;5.9;1;1.2634
01054165;6.665;1;1.2634
01054166;6.13;1;1.2634
01054167;5.95;1;1.2634
01054007;6.58;1;1.2634
01054023;7.105;1;1.2634
01054026;4.31;1;1.2634
01054032;5.724;0;1.2634
01054042;7.365;1;1.2634
01054043;5.41;1;1.2634
01054052;5.62;1;1.2634
01054054;6.875;1;1.2634
01054070;6.375;1;1.2634
01054084;7.64;1;1.2634
01054091;6.895;1;1.2634
01054096;6.12;1;1.2634
01054097;6.135;1;1.2634
01054099;6.24;1;1.2634
01054105;5.89;1;1.2634
01054106;7.14;1;1.2634
01054116;7.11;1;1.2634
01054119;6.075;1;1.2634
01054120;5.92;1;1.2634
01054130;6.334;0;1.2634
01054132;6.89;1;1.2634
01054141;7.44;1;1.2634
01054156;6.225;1;1.2634
01054157;4.897;0;1.2634
01054159;5.95;1;1.2634
01054161;6.34;1;1.2634
01054162;7.685;1;1.2634
01054002;5.54;1;1.2634
01054006;5.52;1;1.2634
01054010;5.97;1;1.2634
01054012;6.1;1;1.2634
01054014;6.535;1;1.2634
01054019;7.045;1;1.2634
01054020;7.085;1;1.2634
01054024;5.985;1;1.2634
01054037;5.5;1;1.2634
01054038;6.17;1;1.2634
01054045;5.945;1;1.2634
01054059;5.885;1;1.2634
01054071;9.13;1;1.2634
01054075;6.475;1;1.2634
01054080;8.035;1;1.2634
01054093;5.695;1;1.2634
01054121;8.67;1;1.2634
01054128;6.06;1;1.2634
01054146;5.39;1;1.2634
01055001;7.165;1;1.3595
01055004;9.52;1;1.3595
01055007;7.13;1;1.3595
01055010;8.01;1;1.3595
01055012;7.91;1;1.3595
01055016;9.005;1;1.3595
01055018;8.07;1;1.3595
01055021;8.545;1;1.3595
01055025;8.38;1;1.3595
01055028;7.615;1;1.3595
01055032;7.58;1;1.3595
01055033;7.18;1;1.3595
01055035;8.16;1;1.3595
01055040;8.455;1;1.3595
01055041;7.21;1;1.3595
01055042;13.12;1;1.3595
01055044;9.98;1;1.3595
01055046;8.13;1;1.3595
01055014;6.51;1;1.3595
01055015;6.605;1;1.3595
01055017;7.93;1;1.3595
01055022;6.21;1;1.3595
01055031;7.2;1;1.3595
01055043;7.105;1;1.3595
01055006;7.1;1;1.3595
01055011;7.27;1;1.3595
01055020;5.885;1;1.3595
01055023;7.3;1;1.3595
01055027;7.015;1;1.3595
01055029;8.23;1;1.3595
01055036;6.45;1;1.3595
01055002;7.87;1;1.3595
01055024;6.57;1;1.3595
01055037;7.215;1;1.3595
01055038;6.915;1;1.3595
01055039;8.885;1;1.3595
01056002;8.815;1;1.3418
01056005;9.815;1;1.3418
01056015;8.66;1;1.3418
01056018;10.015;1;1.3418
01056021;9.17;1;1.3418
01056025;10.095;1;1.3418
01056039;9.255;1;1.3418
01056041;9.565;1;1.3418
01056043;9.87;1;1.3418
01056044;10.295;1;1.3418
01056048;9.14;1;1.3418
01056049;8.475;1;1.3418
01056050;9.92;1;1.3418
01056029;9.335;1;1.3418
01056030;8.085;1;1.3418
01056031;8.985;1;1.3418
01056033;7.745;1;1.3418
01056042;8.065;1;1.3418
01056045;8.19;1;1.3418
01056046;7.955;1;1.3418
01056006;7.645;1;1.3418
01056010;7.945;1;1.3418
01056038;7.39;1;1.3418
01056051;6.73;1;1.3418
01056003;7.825;1;1.3418
01056004;7.97;1;1.3418
01056008;7.505;1;1.3418
01056011;6.719;0;1.3418
01056014;7.83;1;1.3418
01056017;7.58;1;1.3418
01056022;7.405;1;1.3418
01056026;7.265;1;1.3418
01056034;7.36;1;1.3418
01056035;7.13;1;1.3418
01056009;8.885;1;1.3418
01056013;9.485;1;1.3418
01056032;8.87;1;1.3418
01056040;9.46;1;1.3418
01056047;8.295;1;1.3418
01056001;9.205;1;1.3418
01056016;8.475;1;1.3418
01056019;8.6;1;1.3418
01056020;7.605;1;1.3418
01056023;8.275;1;1.3418
01056024;9.615;1;1.3418
01056027;7.61;1;1.3418
01056028;9.605;1;1.3418
01056036;8.395;1;1.3418
01056037;7.27;1;1.3418
01057001;6.74;1;1.4068
01057008;7.27;1;1.4068
01057009;7.25;1;1.4068
01057057;7.24;1;1.4068
01057062;7.69;1;1.4068
01057091;8.145;1;1.4068
01057004;7.725;1;1.4068
01057007;6.31;1;1.4068
01057013;6.13;1;1.4068
01057021;6.28;1;1.4068
01057026;6.345;1;1.4068
01057027;6.75;1;1.4068
01057029;6.55;1;1.4068
01057030;11.76;1;1.4068
01057034;5.727;0;1.4068
01057035;6.46;1;1.4068
01057038;7.37;1;1.4068
01057048;6.53;1;1.4068
01057055;5.99;1;1.4068
01057076;6.485;1;1.4068
01057082;5.785;1;1.4068
01057015;7.28;1;1.4068
01057017;7.505;1;1.4068
01057022;9.59;1;1.4068
01057032;5.725;1;1.4068
01057045;8.28;1;1.4068
01057053;6.53;1;1.4068
01057065;6.81;1;1.4068
01057067;5.855;1;1.4068
01057089;6.91;1;1.4068
01057002;6.075;1;1.4068
01057010;9.74;1;1.4068
01057011;7.73;1;1.4068
01057023;7.43;0;1.4068
01057031;6.58;1;1.4068
01057033;8.225;1;1.4068
01057037;8.765;1;1.4068
01057042;7.08;1;1.4068
01057046;6.855;1;1.4068
01057047;5.34;1;1.4068
01057054;7.085;1;1.4068
01057058;6.71;1;1.4068
01057059;6.695;1;1.4068
01057066;6.48;1;1.4068
01057070;8.05;1;1.4068
01057084;7.475;1;1.4068
01057086;5.83;1;1.4068
01057003;6.975;1;1.4068
01057006;6.235;1;1.4068
01057012;10.11;1;1.4068
01057018;8.25;1;1.4068
01057020;6.615;1;1.4068
01057028;6.49;1;1.4068
01057039;6.675;1;1.4068
01057040;6.985;1;1.4068
01057041;7.17;1;1.4068
01057043;9.355;1;1.4068
01057049;6.584;0;1.4068
01057056;6.1;1;1.4068
01057060;6.843;0;1.4068
01057063;7.6;1;1.4068
01057073;8.465;1;1.4068
01057078;7.345;1;1.4068
01057079;8.14;1;1.4068
01057081;7.44;1;1.4068
01057087;8.665;1;1.4068
01057088;7.54;1;1.4068
01057016;6.84;1;1.4068
01057044;6.11;1;1.4068
01057050;6.73;1;1.4068
01057052;5.51;1;1.4068
01057072;6.71;1;1.4068
01057077;7.51;1;1.4068
01057090;6.215;1;1.4068
01057025;9.415;1;1.4068
01057051;8.78;1;1.4068
01057074;8.395;1;1.4068
01057005;7.375;1;1.4068
01057024;7.02;1;1.4068
01057068;6.65;1;1.4068
01057069;6.3;1;1.4068
01057071;5.635;1;1.4068
01057080;5.83;1;1.4068
01057083;4.5;1;1.4068
01057085;6.685;1;1.4068
01058005;8.32;1;1.3055
01058034;7.41;1;1.3055
01058043;8.415;1;1.3055
01058092;9.235;1;1.3055
01058135;7.275;1;1.3055
01058169;7.99;1;1.3055
01058001;7.38;1;1.3055
01058028;7.4;1;1.3055
01058050;7.99;1;1.3055
01058093;7.34;1;1.3055
01058104;7.4;1;1.3055
01058126;8.22;1;1.3055
01058130;7.66;1;1.3055
01058171;7.6;1;1.3055
01058037;8.405;1;1.3055
01058116;7.02;1;1.3055
01058150;8.16;1;1.3055
01058157;9.92;1;1.3055
01058051;7.625;1;1.3055
01058058;8.895;1;1.3055
01058096;6.455;1;1.3055
01058110;7.45;1;1.3055
01058112;6.535;1;1.3055
01058121;7.585;1;1.3055
01058142;6.36;1;1.3055
01058165;6.865;1;1.3055
01058003;6.645;1;1.3055
01058054;8.64;1;1.3055
01058118;6.695;1;1.3055
01058136;7.02;1;1.3055
01058010;6.245;1;1.3055
01058029;6.495;1;1.3055
01058036;6.84;1;1.3055
01058047;5.69;1;1.3055
01058055;4.059;0;1.3055
01058056;4.77;1;1.3055
01058070;6.485;1;1.3055
01058078;6.435;1;1.3055
01058089;5.86;0;1.3055
01058097;5.225;1;1.3055
01058129;5.805;1;1.3055
01058154;5.09;1;1.3055
01058031;6.016;0;1.3055
01058048;6.5;1;1.3055
01058068;4.27;1;1.3055
01058071;4.375;1;1.3055
01058075;5.482;0;1.3055
01058086;6.695;1;1.3055
01058101;5.43;1;1.3055
01058148;8.875;1;1.3055
01058155;4.64;1;1.3055
01058172;7.585;1;1.3055
01058011;5.945;1;1.3055
01058021;5.4;1;1.3055
01058023;7.125;1;1.3055
01058027;5.195;1;1.3055
01058038;7.37;1;1.3055
01058045;6.285;1;1.3055
01058046;6.1;1;1.3055
01058049;5.665;1;1.3055
01058059;6.92;1;1.3055
01058065;6.965;1;1.3055
01058091;5.35;1;1.3055
01058094;7.44;1;1.3055
01058117;7.1;1;1.3055
01058120;5.582;0;1.3055
01058147;7.77;1;1.3055
01058163;6.14;1;1.3055
01058168;5.645;1;1.3055
01058026;6.38;1;1.3055
01058073;6.205;1;1.3055
01058122;6.59;1;1.3055
01058124;7.6;1;1.3055
01058132;6.0;1;1.3055
01058140;7.105;1;1.3055
01058146;6.85;1;1.3055
01058016;6.616;0;1.3055
01058022;8.38;1;1.3055
01058033;8.905;1;1.3055
01058063;6.35;1;1.3055
01058064;6.215;1;1.3055
01058076;7.62;1;1.3055
01058098;7.0;1;1.3055
01058108;6.865;1;1.3055
01058109;7.18;1;1.3055
01058133;6.07;1;1.3055
01058143;6.21;1;1.3055
01058144;6.17;1;1.3055
01058153;6.972;0;1.3055
01058170;7.975;1;1.3055
01058008;6.43;1;1.3055
01058024;7.115;1;1.3055
01058030;6.935;1;1.3055
01058035;6.46;1;1.3055
01058039;6.905;1;1.3055
01058066;7.515;1;1.3055
01058069;6.35;1;1.3055
01058080;6.79;1;1.3055
01058081;5.8;1;1.3055
01058083;6.685;1;1.3055
01058088;7.38;1;1.3055
01058111;6.17;1;1.3055
01058123;8.36;1;1.3055
01058127;6.94;1;1.3055
01058152;7.42;1;1.3055
01058175;6.865;1;1.3055
01058004;6.455;1;1.3055
01058012;8.005;1;1.3055
01058032;8.07;1;1.3055
01058040;7.5;1;1.3055
01058042;6.79;1;1.3055
01058052;7.135;1;1.3055
01058057;6.62;1;1.3055
01058067;6.005;1;1.3055
01058082;8.745;1;1.3055
01058084;5.435;1;1.3055
01058087;8.165;1;1.3055
01058090;8.13;1;1.3055
01058099;7.915;1;1.3055
01058102;7.18;1;1.3055
01058137;6.85;1;1.3055
01058162;8.06;1;1.3055
01058166;7.35;1;1.3055
01058173;7.45;1;1.3055
01058174;8.4;1;1.3055
01058007;6.05;1;1.3055
01058009;7.445;1;1.3055
01058013;5.16;1;1.3055
01058014;5.09;1;1.3055
01058015;6.43;1;1.3055
01058025;5.35;1;1.3055
01058044;6.36;1;1.3055
01058061;5.875;1;1.3055
01058062;6.68;1;1.3055
01058072;5.94;1;1.3055
01058074;5.793;0;1.3055
01058077;6.645;1;1.3055
01058085;5.749;0;1.3055
01058100;4.765;1;1.3055
01058103;5.41;1;1.3055
01058106;5.2;1;1.3055
01058113;5.55;1;1.3055
01058115;7.045;1;1.3055
01058119;6.25;1;1.3055
01058125;5.58;1;1.3055
01058128;7.165;1;1.3055
01058131;6.53;1;1.3055
01058134;6.345;1;1.3055
01058151;5.15;1;1.3055
01058156;5.86;1;1.3055
01058158;5.159;0;1.3055
01058159;5.745;1;1.3055
01058161;5.05;1;1.3055
01058164;6.05;1;1.3055
01058167;6.51;1;1.3055
01058018;7.395;1;1.3055
01058019;7.065;1;1.3055
01058053;7.8;1;1.3055
01058105;7.935;1;1.3055
01058107;8.745;1;1.3055
01058138;7.025;1;1.3055
01058139;7.68;1;1.3055
01058141;6.355;1;1.3055
01058145;6.94;1;1.3055
01058160;5.693;0;1.3055
01059045;7.005;1;1.2914
01059075;7.285;1;1.2914
01059113;7.9;1;1.2914
01059120;7.68;1;1.2914
01059183;7.54;1;1.2914
01059107;6.315;1;1.2914
01059128;5.53;1;1.2914
01059131;7.705;1;1.2914
01059132;5.135;1;1.2914
01059138;5.845;1;1.2914
01059162;6.52;1;1.2914
01059169;7.195;1;1.2914
01059174;7.55;1;1.2914
01059012;6.79;1;1.2914
01059018;7.08;1;1.2914
01059019;6.945;1;1.2914
01059026;7.91;1;1.2914
01059032;6.025;1;1.2914
01059043;6.93;1;1.2914
01059056;5.5;1;1.2914
01059078;6.55;1;1.2914
01059103;4.725;1;1.2914
01059116;6.34;1;1.2914
01059126;6.765;1;1.2914
01059127;7.995;1;1.2914
01059182;6.87;1;1.2914
01059002;9.185;1;1.2914
01059034;6.916;0;1.2914
01059067;5.21;1;1.2914
01059068;6.245;1;1.2914
01059106;6.515;1;1.2914
01059118;5.885;1;1.2914
01059137;7.885;1;1.2914
01059145;6.385;1;1.2914
01059157;7.25;1;1.2914
01059176;7.145;1;1.2914
01059178;7.17;1;1.2914
01059159;6.25;1;1.2914
01059171;7.535;1;1.2914
01059184;6.875;1;1.2914
01059076;6.06;1;1.2914
01059161;6.69;1;1.2914
01059185;7.065;1;1.2914
01059105;6.025;0;1.2914
01059115;7.44;1;1.2914
01059123;5.51;1;1.2914
01059124;5.33;1;1.2914
01059129;5.21;1;1.2914
01059143;7.24;1;1.2914
01059144;6.73;1;1.2914
01059149;5.96;1;1.2914
01059151;6.8;1;1.2914
01059158;7.335;1;1.2914
01059173;6.08;1;1.2914
01059177;5.685;1;1.2914
01059179;6.16;1;1.2914
01059006;5.49;1;1.2914
01059055;5.32;1;1.2914
01059060;6.385;1;1.2914
01059063;5.86;1;1.2914
01059065;6.003;0;1.2914
01059070;6.19;1;1.2914
01059072;5.12;1;1.2914
01059074;5.495;1;1.2914
01059080;6.15;1;1.2914
01059083;6.875;1;1.2914
01059094;7.51;1;1.2914
01059095;5.55;1;1.2914
01059187;7.115;1;1.2914
01059008;6.655;1;1.2914
01059037;5.9;1;1.2914
01059042;6.535;1;1.2914
01059049;7.14;1;1.2914
01059062;6.675;1;1.2914
01059073;6.475;1;1.2914
01059081;6.925;1;1.2914
01059082;5.81;1;1.2914
01059084;6.535;1;1.2914
01059086;6.31;1;1.2914
01059090;6.355;1;1.2914
01059093;6.655;1;1.2914
01059097;5.43;1;1.2914
01059098;6.165;1;1.2914
01059189;6.14;1;1.2914
01059102;6.32;1;1.2914
01059109;5.76;1;1.2914
01059112;7.355;1;1.2914
01059121;7.14;1;1.2914
01059136;6.85;1;1.2914
01059142;6.84;1;1.2914
01059147;8.95;0;1.2914
01059148;6.53;1;1.2914
01059152;6.362;0;1.2914
01059154;6.235;1;1.2914
01059155;5.8;1;1.2914
01059163;5.33;1;1.2914
01059164;6.295;1;1.2914
01059167;7.72;1;1.2914
01059168;6.15;1;1.2914
01059186;7.015;1;1.2914
01059010;5.82;1;1.2914
01059023;5.755;1;1.2914
01059039;7.055;1;1.2914
01059041;6.76;1;1.2914
01059044;6.695;1;1.2914
01059057;7.485;1;1.2914
01059077;7.4;1;1.2914
01059079;7.22;1;1.2914
01059092;6.82;1;1.2914
01059001;5.555;1;1.2914
01059005;6.24;1;1.2914
01059009;5.145;1;1.2914
01059020;5.885;1;1.2914
01059024;6.59;1;1.2914
01059035;6.08;1;1.2914
01059050;7.015;1;1.2914
01059051;6.695;1;1.2914
01059053;7.15;1;1.2914
01059058;5.275;1;1.2914
01059087;6.215;1;1.2914
01059088;6.51;1;1.2914
01059096;6.065;1;1.2914
01059188;5.775;1;1.2914
01060004;8.25;1;1.3698
01060005;8.58;1;1.3698
01060019;9.055;1;1.3698
01060039;9.65;1;1.3698
01060044;8.525;1;1.3698
01060063;9.935;1;1.3698
01060092;7.355;1;1.3698
01060003;6.441;0;1.3698
01060009;7.675;1;1.3698
01060013;6.45;1;1.3698
01060021;6.525;1;1.3698
01060023;7.9;1;1.3698
01060027;7.645;1;1.3698
01060031;7.815;1;1.3698
01060033;7.925;1;1.3698
01060035;6.88;1;1.3698
01060037;8.49;1;1.3698
01060040;8.03;1;1.3698
01060056;7.04;1;1.3698
01060095;7.055;1;1.3698
01060099;7.775;1;1.3698
01060012;6.69;1;1.3698
01060017;4.905;1;1.3698
01060026;6.07;1;1.3698
01060072;6.78;1;1.3698
01060080;6.255;1;1.3698
01060086;7.15;1;1.3698
01060087;5.525;1;1.3698
01060089;6.405;1;1.3698
01060043;9.305;1;1.3698
01060046;7.78;1;1.3698
01060058;7.79;1;1.3698
01060065;7.65;1;1.3698
01060076;7.69;1;1.3698
01060085;7.555;1;1.3698
01060002;11.225;1;1.3698
01060034;7.535;1;1.3698
01060036;9.835;1;1.3698
01060054;7.29;1;1.3698
01060064;7.16;1;1.3698
01060073;7.715;1;1.3698
01060042;6.12;1;1.3698
01060045;7.545;1;1.3698
01060047;7.935;1;1.3698
01060066;8.44;1;1.3698
01060077;6.85;1;1.3698
01060082;7.61;1;1.3698
01060084;7.37;1;1.3698
01060094;7.76;1;1.3698
01060100;7.155;1;1.3698
01060007;6.055;1;1.3698
01060008;7.445;1;1.3698
01060022;5.73;1;1.3698
01060029;6.41;1;1.3698
01060041;7.11;1;1.3698
01060051;6.56;1;1.3698
01060053;7.615;1;1.3698
01060057;6.5;1;1.3698
01060062;7.21;1;1.3698
01060074;7.37;1;1.3698
01060088;5.945;1;1.3698
01060101;6.94;1;1.3698
01060011;7.83;1;1.3698
01060016;8.12;1;1.3698
01060028;6.575;1;1.3698
01060038;6.315;1;1.3698
01060052;6.4;1;1.3698
01060068;7.175;1;1.3698
01060006;7.935;1;1.3698
01060010;6.57;1;1.3698
01060015;6.115;1;1.3698
01060018;5.69;0;1.3698
01060020;6.735;1;1.3698
01060024;6.83;1;1.3698
01060025;7.59;1;1.3698
01060030;7.07;1;1.3698
01060048;6.75;1;1.3698
01060049;9.16;1;1.3698
01060050;7.21;1;1.3698
01060059;7.345;1;1.3698
01060060;6.18;1;1.3698
01060061;6.52;1;1.3698
01060067;7.255;1;1.3698
01060069;7.55;1;1.3698
01060070;7.59;1;1.3698
01060071;6.02;1;1.3698
01060075;6.38;1;1.3698
01060079;6.725;1;1.3698
01060081;6.032;0;1.3698
01060090;7.1;1;1.3698
01060091;8.38;1;1.3698
01060093;6.945;1;1.3698
01060096;6.98;1;1.3698
01060097;7.95;1;1.3698
01060098;6.17;1;1.3698
01061029;6.925;1;1.359
01061046;6.955;1;1.359
01061113;6.24;1;1.359
01061005;5.662;0;1.359
01061016;5.87;1;1.359
01061017;6.89;1;1.359
01061058;5.445;0;1.359
01061061;6.595;1;1.359
01061068;4.543;0;1.359
01061072;6.59;1;1.359
01061079;6.38;1;1.359
01061109;6.54;1;1.359
01061115;7.41;1;1.359
01061004;6.684;0;1.359
01061012;6.32;1;1.359
01061015;6.35;1;1.359
01061027;4.375;1;1.359
01061037;6.19;1;1.359
01061041;6.545;1;1.359
01061044;7.935;1;1.359
01061050;8.01;1;1.359
01061054;5.771;0;1.359
01061074;6.74;1;1.359
01061101;7.555;1;1.359
01061118;7.885;1;1.359
01061008;5.043;0;1.359
01061010;6.097;0;1.359
01061024;5.662;0;1.359
01061034;6.555;1;1.359
01061035;7.39;1;1.359
01061039;6.345;1;1.359
01061040;6.415;1;1.359
01061045;5.885;1;1.359
01061047;4.805;1;1.359
01061052;5.96;1;1.359
01061059;5.53;1;1.359
01061065;5.825;1;1.359
01061067;6.175;1;1.359
01061070;6.11;1;1.359
01061082;6.425;1;1.359
01061083;6.715;1;1.359
01061084;3.88;1;1.359
01061098;4.38;1;1.359
01061100;4.977;0;1.359
01061114;5.485;1;1.359
01061006;7.53;1;1.359
01061022;6.615;1;1.359
01061026;6.466;0;1.359
01061030;5.32;1;1.359
01061055;6.465;1;1.359
01061056;6.855;1;1.359
01061057;6.93;1;1.359
01061073;6.725;1;1.359
01061092;7.03;1;1.359
01061104;6.565;1;1.359
01061001;5.885;1;1.359
01061003;4.804;0;1.359
01061011;6.06;1;1.359
01061013;6.53;1;1.359
01061014;5.564;0;1.359
01061021;4.162;0;1.359
01061031;4.485;1;1.359
01061033;6.216;0;1.359
01061043;6.065;1;1.359
01061048;5.76;0;1.359
01061066;5.434;0;1.359
01061076;5.53;1;1.359
01061078;8.0;1;1.359
01061081;5.347;0;1.359
01061085;5.836;0;1.359
01061087;5.385;1;1.359
01061091;5.815;1;1.359
01061097;7.035;1;1.359
01061105;7.785;1;1.359
01061106;4.695;0;1.359
01061107;6.08;1;1.359
01061108;5.336;0;1.359
01061007;6.28;1;1.359
01061018;5.37;1;1.359
01061020;5.04;1;1.359
01061023;5.05;1;1.359
01061025;4.673;0;1.359
01061060;5.629;0;1.359
01061062;6.62;1;1.359
01061063;4.91;1;1.359
01061077;6.325;1;1.359
01061095;5.975;1;1.359
01061102;5.1;1;1.359
01061110;6.1;1;1.359
01061119;4.61;1;1.359
01061019;6.71;1;1.359
01061028;6.475;1;1.359
01061036;7.105;1;1.359
01061038;5.73;1;1.359
01061042;6.715;1;1.359
01061049;6.495;1;1.359
01061064;5.575;0;1.359
01061071;6.032;0;1.359
01061080;5.814;0;1.359
01061086;5.2;1;1.359
01061088;6.085;1;1.359
01061089;6.151;0;1.359
01061093;6.505;1;1.359
01061096;5.76;1;1.359
01061103;4.97;1;1.359
01061111;3.978;0;1.359
01061112;7.19;1;1.359
01061116;6.11;1;1.359
01061117;5.58;1;1.359
01062001;11.78;1;1.2784
01062004;8.585;1;1.2784
01062006;10.145;1;1.2784
01062009;10.12;1;1.2784
01062018;9.435;1;1.2784
01062023;9.575;1;1.2784
01062053;9.945;1;1.2784
01062060;9.635;1;1.2784
01062061;8.895;1;1.2784
01062076;8.855;1;1.2784
01062090;9.415;1;1.2784
01062019;7.09;1;1.2784
01062046;8.015;1;1.2784
01062050;7.22;1;1.2784
01062056;7.865;1;1.2784
01062062;7.775;1;1.2784
01062065;8.065;1;1.2784
01062089;8.58;1;1.2784
01062091;8.34;1;1.2784
01062092;8.32;1;1.2784
01062005;8.235;1;1.2784
01062014;10.4;1;1.2784
01062016;8.89;1;1.2784
01062027;8.645;1;1.2784
01062036;9.075;1;1.2784
01062051;6.59;1;1.2784
01062078;8.905;1;1.2784
01062081;8.565;1;1.2784
01062003;7.085;1;1.2784
01062008;7.985;1;1.2784
01062025;8.53;1;1.2784
01062031;9.54;1;1.2784
01062032;7.045;1;1.2784
01062039;6.385;1;1.2784
01062048;7.835;1;1.2784
01062059;6.915;1;1.2784
01062083;7.45;1;1.2784
01062087;8.43;1;1.2784
01062093;6.435;1;1.2784
01062094;8.105;1;1.2784
01062011;10.15;1;1.2784
01062035;7.905;1;1.2784
01062069;10.075;1;1.2784
01062071;9.945;1;1.2784
01062088;7.87;1;1.2784
01062020;8.015;1;1.2784
01062021;7.49;1;1.2784
01062022;9.05;1;1.2784
01062026;8.215;1;1.2784
01062033;7.57;1;1.2784
01062040;6.625;1;1.2784
01062045;8.645;1;1.2784
01062058;10.0;1;1.2784
01062082;9.395;1;1.2784
01062086;8.87;1;1.2784
02000000;10.875;1;1.3501
03101000;8.43;1;1.2088
03102000;6.02;1;1.0698
03103000;8.28;1;1.0857
03151009;7.585;1;1.2651
03151025;6.885;1;1.2651
03151040;5.935;1;1.2651
03151002;6.795;1;1.2651
03151004;7.43;1;1.2651
03151014;8.6;1;1.2651
03151020;8.23;1;1.2651
03151030;7.98;1;1.2651
03151039;8.715;1;1.2651
03151003;5.675;1;1.2651
03151005;5.865;1;1.2651
03151008;6.835;1;1.2651
03151021;6.51;1;1.2651
03151024;7.695;1;1.2651
03151031;6.825;1;1.2651
03151032;6.115;1;1.2651
03151007;5.67;1;1.2651
03151011;5.91;1;1.2651
03151019;5.395;1;1.2651
03151028;5.065;1;1.2651
03151029;5.665;1;1.2651
03151006;8.03;1;1.2651
03151013;7.97;1;1.2651
03151022;6.535;1;1.2651
03151037;6.765;1;1.2651
03151012;6.04;1;1.2651
03151015;6.685;1;1.2651
03151017;6.28;1;1.2651
03151018;6.23;1;1.2651
03151001;6.205;1;1.2651
03151016;7.925;1;1.2651
03151023;7.095;1;1.2651
03151027;7.85;1;1.2651
03151034;7.585;1;1.2651
03151041;6.67;1;1.2651
03151010;6.315;1;1.2651
03151026;5.075;1;1.2651
03151033;5.67;1;1.2651
03151035;6.405;1;1.2651
03151036;6.25;1;1.2651
03151038;6.1;1;1.2651
03153002;6.45;1;1.1468
03153008;5.255;1;1.1468
03153012;5.72;1;1.1468
03153016;5.55;1;1.1468
03153017;6.36;1;1.1468
03153018;7.45;1;1.1468
03153019;5.045;1;1.1468
03154013;6.095;1;1.2344
03154014;7.455;1;1.2344
03154019;5.05;1;1.2344
03154028;5.81;1;1.2344
03154008;5.485;1;1.2344
03154015;6.615;1;1.2344
03154016;4.73;1;1.2344
03154018;5.54;1;1.2344
03154002;4.079;0;1.2344
03154006;3.64;1;1.2344
03154012;3.735;1;1.2344
03154027;4.095;1;1.2344
03154005;4.57;1;1.2344
03154017;8.17;1;1.2344
03154021;5.025;1;1.2344
03154022;4.97;1;1.2344
03154025;4.85;1;1.2344
03154026;5.82;1;1.2344
03154001;5.925;1;1.2344
03154004;7.495;1;1.2344
03154007;7.085;1;1.2344
03154009;5.9;1;1.2344
03154024;7.075;1;1.2344
03155001;5.23;1;1.2337
03155002;4.62;1;1.2337
03155003;4.645;1;1.2337
03155005;5.785;1;1.2337
03155006;4.46;1;1.2337
03155007;5.0;1;1.2337
03155009;5.455;1;1.2337
03155010;6.4;1;1.2337
03155011;6.16;1;1.2337
03155012;4.695;1;1.2337
03155013;5.925;1;1.2337
03157001;6.535;1;1.3522
03157002;5.71;1;1.3522
03157005;6.985;1;1.3522
03157006;6.79;1;1.3522
03157007;7.43;1;1.3522
03157008;7.165;1;1.3522
03157009;5.98;1;1.3522
03158006;6.875;1;1.16
03158037;7.795;1;1.16
03158039;5.745;1;1.16
03158002;5.895;1;1.16
03158004;5.06;1;1.16
03158011;5.13;1;1.16
03158016;5.235;1;1.16
03158018;5.975;1;1.16
03158028;5.035;1;1.16
03158005;5.745;1;1.16
03158010;5.525;1;1.16
03158014;4.895;1;1.16
03158019;7.14;1;1.16
03158023;6.12;1;1.16
03158038;4.795;1;1.16
03158009;5.36;1;1.16
03158012;5.81;1;1.16
03158013;6.73;1;1.16
03158030;6.995;1;1.16
03158033;5.505;1;1.16
03158007;5.36;1;1.16
03158008;5.865;1;1.16
03158017;4.11;1;1.16
03158021;5.48;1;1.16
03158022;5.19;1;1.16
03158025;4.075;1;1.16
03158027;5.865;1;1.16
03158031;4.33;1;1.16
03158032;5.395;1;1.16
03158035;5.43;1;1.16
03158036;5.605;1;1.16
03158040;4.965;1;1.16
03159001;5.425;1;1.2376
03159002;4.435;1;1.2376
03159003;5.64;1;1.2376
03159004;5.11;1;1.2376
03159007;7.53;1;1.2376
03159010;6.06;1;1.2376
03159013;6.385;1;1.2376
03159015;5.88;1;1.2376
03159016;9.635;1;1.2376
03159017;5.94;1;1.2376
03159019;5.41;1;1.2376
03159026;5.305;1;1.2376
03159029;7.42;1;1.2376
03159034;5.64;1;1.2376
03159036;4.725;1;1.2376
03159008;5.69;1;1.2376
03159009;5.985;1;1.2376
03159021;4.57;1;1.2376
03159024;5.32;1;1.2376
03159031;5.47;1;1.2376
03159005;4.965;1;1.2376
03159006;4.505;1;1.2376
03159014;5.52;1;1.2376
03159022;5.59;1;1.2376
03159025;5.255;1;1.2376
03159027;4.415;1;1.2376
03159028;4.26;1;1.2376
03159030;4.015;1;1.2376
03159037;4.925;1;1.2376
03159038;5.04;1;1.2376
03159012;5.045;1;1.2376
03159018;5.285;1;1.2376
03159020;4.685;1;1.2376
03159039;4.905;1;1.2376
03159011;5.945;1;1.2376
03159023;4.67;1;1.2376
03159032;5.395;1;1.2376
03159033;4.92;1;1.2376
03159035;5.335;1;1.2376
03241001;9.13;1;1.239
03241002;6.91;1;1.239
03241003;7.45;1;1.239
03241004;8.175;1;1.239
03241005;7.585;1;1.239
03241006;7.565;1;1.239
03241007;7.69;1;1.239
03241008;8.295;1;1.239
03241009;7.915;1;1.239
03241010;8.27;1;1.239
03241011;7.135;1;1.239
03241012;6.61;1;1.239
03241013;7.56;1;1.239
03241014;7.405;1;1.239
03241015;7.33;1;1.239
03241016;7.135;1;1.239
03241017;6.62;1;1.239
03241018;6.315;1;1.239
03241019;8.05;1;1.239
03241020;6.525;1;1.239
03241021;7.205;1;1.239
03251007;6.485;1;1.3036
03251012;6.41;1;1.3036
03251037;7.765;1;1.3036
03251040;6.335;1;1.3036
03251041;7.245;1;1.3036
03251042;6.53;1;1.3036
03251044;5.375;1;1.3036
03251047;8.17;1;1.3036
03251009;6.09;1;1.3036
03251020;8.415;1;1.3036
03251022;6.38;1;1.3036
03251023;6.705;1;1.3036
03251025;4.805;1;1.3036
03251029;5.25;1;1.3036
03251036;5.855;1;1.3036
03251005;5.965;1;1.3036
03251013;5.95;1;1.3036
03251014;5.32;1;1.3036
03251017;5.255;1;1.3036
03251002;5.37;1;1.3036
03251026;5.695;1;1.3036
03251033;6.01;1;1.3036
03251049;6.445;1;1.3036
03251003;4.83;1;1.3036
03251004;5.62;1;1.3036
03251018;6.595;1;1.3036
03251021;6.705;1;1.3036
03251043;5.54;1;1.3036
03251045;5.555;1;1.3036
03251006;4.54;1;1.3036
03251011;5.17;1;1.3036
03251019;6.315;1;1.3036
03251030;6.155;1;1.3036
03251046;5.73;1;1.3036
03251001;4.995;1;1.3036
03251015;5.0;1;1.3036
03251028;5.205;1;1.3036
03251031;5.31;1;1.3036
03251032;5.305;1;1.3036
03251038;5.205;1;1.3036
03251008;4.86;1;1.3036
03251024;4.985;1;1.3036
03251027;4.685;1;1.3036
03251034;5.275;1;1.3036
03251035;4.045;1;1.3036
03252001;5.155;1;1.3257
03252002;5.78;1;1.3257
03252003;5.79;1;1.3257
03252004;4.73;1;1.3257
03252005;5.05;1;1.3257
03252006;6.06;1;1.3257
03252007;5.175;1;1.3257
03252008;4.77;1;1.3257
03254002;6.1;1;1.2895
03254003;6.205;1;1.2895
03254005;5.785;1;1.2895
03254008;5.39;1;1.2895
03254011;5.8;1;1.2895
03254014;5.425;1;1.2895
03254017;6.27;1;1.2895
03254020;6.165;1;1.2895
03254021;7.305;1;1.2895
03254022;6.13;1;1.2895
03254026;6.035;1;1.2895
03254028;6.82;1;1.2895
03254029;5.28;1;1.2895
03254032;5.59;1;1.2895
03254042;4.67;1;1.2895
03254044;4.675;1;1.2895
03254045;4.8;1;1.2895
03254013;5.125;1;1.2895
03254041;4.635;1;1.2895
03254043;5.61;1;1.2895
03255008;4.8;1;1.3675
03255023;5.495;1;1.3675
03255002;4.88;1;1.3675
03255015;3.545;1;1.3675
03255021;3.413;0;1.3675
03255030;3.915;1;1.3675
03255004;4.67;1;1.3675
03255009;3.785;1;1.3675
03255014;4.195;1;1.3675
03255026;4.53;1;1.3675
03255003;4.645;1;1.3675
03255005;4.36;1;1.3675
03255016;4.37;1;1.3675
03255017;4.37;1;1.3675
03255019;3.64;1;1.3675
03255020;3.94;1;1.3675
03255025;4.28;1;1.3675
03255031;3.955;1;1.3675
03255032;4.105;1;1.3675
03255033;4.495;1;1.3675
03255035;2.89;1;1.3675
03255001;4.11;1;1.3675
03255007;3.845;1;1.3675
03255010;3.395;1;1.3675
03255012;3.8;1;1.3675
03255013;4.595;1;1.3675
03255018;3.5;1;1.3675
03255022;3.565;1;1.3675
03255027;4.31;1;1.3675
03255028;3.455;1;1.3675
03255034;4.69;1;1.3675
03255036;4.38;1;1.3675
03256022;6.575;1;1.3764
03256025;5.585;1;1.3764
03256030;5.15;1;1.3764
03256005;5.495;1;1.3764
03256011;5.6;1;1.3764
03256012;4.71;1;1.3764
03256027;5.55;1;1.3764
03256020;5.67;1;1.3764
03256026;5.27;1;1.3764
03256029;5.63;1;1.3764
03256031;4.835;1;1.3764
03256004;5.38;1;1.3764
03256024;4.74;1;1.3764
03256033;5.165;1;1.3764
03256034;4.94;1;1.3764
03256003;5.61;1;1.3764
03256007;5.79;1;1.3764
03256008;5.145;1;1.3764
03256009;4.55;1;1.3764
03256010;5.515;1;1.3764
03256013;4.95;1;1.3764
03256014;6.175;1;1.3764
03256015;5.635;1;1.3764
03256028;5.505;1;1.3764
03256035;3.745;1;1.3764
03256006;4.895;1;1.3764
03256016;5.275;1;1.3764
03256017;5.085;1;1.3764
03256018;4.985;1;1.3764
03256032;5.635;1;1.3764
03256001;4.875;1;1.3764
03256002;5.065;1;1.3764
03256019;5.385;1;1.3764
03256021;6.33;1;1.3764
03256023;4.88;1;1.3764
03256036;5.395;1;1.3764
03257003;5.175;1;1.3166
03257009;7.08;1;1.3166
03257028;5.805;1;1.3166
03257031;5.77;1;1.3166
03257035;6.31;1;1.3166
03257001;5.24;1;1.3166
03257005;5.895;1;1.3166
03257008;5.355;1;1.3166
03257012;5.71;1;1.3166
03257022;6.67;1;1.3166
03257007;5.085;1;1.3166
03257015;5.765;1;1.3166
03257020;7.04;1;1.3166
03257021;5.035;1;1.3166
03257006;7.24;1;1.3166
03257011;5.555;1;1.3166
03257016;5.14;1;1.3166
03257036;5.595;1;1.3166
03257019;5.87;1;1.3166
03257023;6.0;1;1.3166
03257025;5.16;1;1.3166
03257027;5.15;1;1.3166
03257030;4.35;1;1.3166
03257037;6.005;1;1.3166
03257013;5.795;1;1.3166
03257014;5.56;1;1.3166
03257026;5.545;1;1.3166
03257034;6.295;1;1.3166
03257002;5.735;1;1.3166
03257017;5.45;1;1.3166
03257018;6.47;1;1.3166
03257024;5.16;1;1.3166
03257029;5.51;1;1.3166
03257032;6.19;1;1.3166
03257004;6.0;1;1.3166
03257010;6.32;1;1.3166
03257033;5.6;1;1.3166
03257038;4.64;1;1.3166
03351004;5.655;1;1.268
03351006;7.055;1;1.268
03351010;5.995;1;1.268
03351012;6.595;1;1.268
03351023;6.21;1;1.268
03351024;6.695;1;1.268
03351025;5.68;1;1.268
03351026;6.185;1;1.268
03351005;7.185;1;1.268
03351007;6.205;1;1.268
03351017;5.86;1;1.268
03351022;6.325;1;1.268
03351002;6.25;1;1.268
03351003;6.745;1;1.268
03351008;4.92;1;1.268
03351015;5.805;1;1.268
03351016;6.985;1;1.268
03351001;6.23;1;1.268
03351018;6.735;1;1.268
03351021;6.28;1;1.268
03351501;5.325;1;1.268
03352011;6.875;1;1.4179
03352032;6.245;1;1.4179
03352050;6.605;1;1.4179
03352059;5.78;1;1.4179
03352060;6.375;1;1.4179
03352061;6.68;1;1.4179
03352062;6.43;1;1.4179
03352002;5.195;1;1.4179
03352024;5.21;1;1.4179
03352029;5.71;1;1.4179
03352036;4.345;1;1.4179
03352052;3.88;1;1.4179
03352020;6.32;1;1.4179
03352022;6.5;1;1.4179
03352044;5.835;1;1.4179
03352004;5.125;1;1.4179
03352008;5.055;1;1.4179
03352025;5.185;1;1.4179
03352038;5.755;1;1.4179
03352039;5.335;1;1.4179
03352041;5.735;1;1.4179
03352042;6.34;1;1.4179
03352043;5.29;1;1.4179
03352045;4.935;1;1.4179
03352046;7.42;1;1.4179
03352051;4.96;1;1.4179
03352055;5.435;1;1.4179
03352056;6.78;1;1.4179
03352063;6.375;1;1.4179
03353005;9.815;1;1.3284
03353026;10.02;1;1.3284
03353029;9.155;1;1.3284
03353031;9.5;1;1.3284
03353032;9.075;1;1.3284
03353040;8.94;1;1.3284
03353007;7.94;1;1.3284
03353023;7.855;1;1.3284
03353033;8.095;1;1.3284
03353002;8.305;1;1.3284
03353004;7.92;1;1.3284
03353009;7.715;1;1.3284
03353016;8.81;1;1.3284
03353024;8.19;1;1.3284
03353036;7.02;1;1.3284
03353001;9.425;1;1.3284
03353008;7.425;1;1.3284
03353014;6.9;1;1.3284
03353019;8.795;1;1.3284
03353025;7.555;1;1.3284
03353028;6.91;1;1.3284
03353039;7.86;1;1.3284
03353003;10.06;1;1.3284
03353017;7.345;1;1.3284
03353020;8.945;1;1.3284
03353010;7.14;1;1.3284
03353011;7.685;1;1.3284
03353012;7.505;1;1.3284
03353013;8.005;1;1.3284
03353030;7.47;1;1.3284
03353034;7.655;1;1.3284
03353037;7.33;1;1.3284
03353042;8.58;1;1.3284
03353006;7.98;1;1.3284
03353015;7.41;1;1.3284
03353018;7.2;1;1.3284
03353021;8.025;1;1.3284
03353022;6.975;1;1.3284
03353027;7.71;1;1.3284
03353035;8.635;1;1.3284
03353038;6.72;1;1.3284
03353041;7.08;1;1.3284
03354005;5.69;1;1.2816
03354007;4.925;1;1.2816
03354010;4.59;1;1.2816
03354020;4.385;1;1.2816
03354021;4.235;1;1.2816
03354003;4.29;1;1.2816
03354004;5.2;1;1.2816
03354006;5.635;1;1.2816
03354008;4.36;1;1.2816
03354009;5.55;1;1.2816
03354011;6.175;1;1.2816
03354012;4.945;1;1.2816
03354014;4.555;1;1.2816
03354019;4.785;1;1.2816
03354027;4.425;1;1.2816
03354001;5.05;1;1.2816
03354002;4.83;1;1.2816
03354013;5.41;1;1.2816
03354015;5.135;1;1.2816
03354016;4.285;1;1.2816
03354017;4.77;1;1.2816
03354018;5.14;1;1.2816
03354022;5.105;1;1.2816
03354023;5.305;1;1.2816
03354024;4.7;1;1.2816
03354025;4.72;1;1.2816
03354026;4.615;1;1.2816
03355001;8.58;1;1.271
03355009;6.69;1;1.271
03355022;9.54;1;1.271
03355049;5.475;1;1.271
03355002;6.895;1;1.271
03355008;5.945;1;1.271
03355027;6.69;1;1.271
03355029;5.975;1;1.271
03355034;6.775;1;1.271
03355004;8.575;1;1.271
03355007;7.365;1;1.271
03355017;8.005;1;1.271
03355023;8.56;1;1.271
03355028;7.88;1;1.271
03355039;9.525;1;1.271
03355042;7.905;1;1.271
03355010;5.185;1;1.271
03355012;5.855;1;1.271
03355013;6.475;1;1.271
03355025;5.05;1;1.271
03355037;6.175;1;1.271
03355020;7.37;1;1.271
03355031;8.25;1;1.271
03355035;7.125;1;1.271
03355041;6.985;1;1.271
03355006;6.97;1;1.271
03355014;8.1;1;1.271
03355016;8.1;1;1.271
03355024;7.925;1;1.271
03355005;7.54;1;1.271
03355026;6.615;1;1.271
03355030;7.0;1;1.271
03355036;6.03;1;1.271
03355038;7.305;1;1.271
03355040;8.235;1;1.271
03355003;7.305;1;1.271
03355011;7.78;1;1.271
03355015;6.845;1;1.271
03355018;6.745;1;1.271
03355019;6.955;1;1.271
03355021;6.345;1;1.271
03355032;7.295;1;1.271
03355033;7.43;1;1.271
03356002;6.945;1;1.2769
03356005;8.2;1;1.2769
03356007;7.13;1;1.2769
03356008;7.705;1;1.2769
03356009;7.69;1;1.2769
03356011;7.12;1;1.2769
03356001;6.085;1;1.2769
03356003;6.36;1;1.2769
03356004;5.76;1;1.2769
03356006;6.2;1;1.2769
03356010;5.65;1;1.2769
03357008;6.425;1;1.326
03357016;6.09;1;1.326
03357039;7.78;1;1.326
03357041;6.705;1;1.326
03357051;5.9;1;1.326
03357006;6.095;1;1.326
03357009;5.775;1;1.326
03357024;6.18;1;1.326
03357025;5.53;1;1.326
03357031;5.45;1;1.326
03357054;4.405;1;1.326
03357015;6.445;1;1.326
03357023;5.245;1;1.326
03357033;6.825;1;1.326
03357046;4.87;1;1.326
03357049;5.03;1;1.326
03357002;5.125;1;1.326
03357004;5.605;1;1.326
03357012;5.265;1;1.326
03357027;5.09;1;1.326
03357035;5.705;1;1.326
03357003;5.005;1;1.326
03357011;5.355;1;1.326
03357014;4.44;1;1.326
03357036;5.835;1;1.326
03357038;5.35;1;1.326
03357040;5.505;1;1.326
03357042;6.37;1;1.326
03357043;6.415;1;1.326
03357017;7.13;1;1.326
03357019;5.985;1;1.326
03357029;6.03;1;1.326
03357032;5.76;1;1.326
03357034;4.995;1;1.326
03357044;7.015;1;1.326
03357048;6.81;1;1.326
03357050;5.825;1;1.326
03357056;5.96;1;1.326
03357001;6.805;1;1.326
03357005;6.59;1;1.326
03357020;6.435;1;1.326
03357022;5.915;1;1.326
03357028;6.14;1;1.326
03357037;6.205;1;1.326
03357045;7.455;1;1.326
03357007;5.615;1;1.326
03357010;6.58;1;1.326
03357026;5.785;1;1.326
03357030;5.525;1;1.326
03357047;8.025;1;1.326
03357052;5.765;1;1.326
03357053;6.47;1;1.326
03357055;6.025;1;1.326
03357013;6.815;1;1.326
03357018;6.535;1;1.326
03357021;6.645;1;1.326
03357057;7.195;1;1.326
03358002;6.94;1;1.2982
03358008;6.05;1;1.2982
03358016;6.135;1;1.2982
03358017;6.22;1;1.2982
03358019;6.805;1;1.2982
03358021;6.99;1;1.2982
03358023;6.0;1;1.2982
03358024;6.345;1;1.2982
03358001;5.9;1;1.2982
03358006;5.46;1;1.2982
03358011;4.99;1;1.2982
03358012;5.05;1;1.2982
03358014;6.6;1;1.2982
03358003;5.11;1;1.2982
03358009;4.465;1;1.2982
03358013;5.365;1;1.2982
03358018;5.55;1;1.2982
03358005;5.99;1;1.2982
03358007;5.52;1;1.2982
03358010;5.64;1;1.2982
03358015;6.065;1;1.2982
03358020;6.64;1;1.2982
03358501;4.055;1;1.2982
03359010;9.31;1;1.2986
03359013;6.79;1;1.2986
03359028;8.43;1;1.2986
03359038;8.1;1;1.2986
03359003;8.225;1;1.2986
03359006;7.855;1;1.2986
03359037;6.48;1;1.2986
03359011;6.85;1;1.2986
03359017;7.595;1;1.2986
03359031;6.115;1;1.2986
03359002;6.56;1;1.2986
03359005;6.905;1;1.2986
03359008;5.105;1;1.2986
03359023;8.29;1;1.2986
03359001;9.06;1;1.2986
03359007;7.27;1;1.2986
03359012;8.07;1;1.2986
03359027;8.315;1;1.2986
03359034;7.34;1;1.2986
03359020;8.125;1;1.2986
03359021;7.94;1;1.2986
03359026;7.39;1;1.2986
03359032;7.49;1;1.2986
03359033;9.445;1;1.2986
03359039;7.595;1;1.2986
03359004;5.605;1;1.2986
03359018;5.845;1;1.2986
03359030;6.525;1;1.2986
03359035;5.14;1;1.2986
03359040;6.87;1;1.2986
03359009;5.13;1;1.2986
03359014;5.94;1;1.2986
03359015;5.355;1;1.2986
03359016;5.745;1;1.2986
03359019;4.96;1;1.2986
03359022;6.415;1;1.2986
03359024;5.86;1;1.2986
03359025;7.385;1;1.2986
03359029;6.01;1;1.2986
03359036;6.645;1;1.2986
03360004;6.76;1;1.3311
03360025;6.49;1;1.3311
03360015;4.355;1;1.3311
03360016;5.46;1;1.3311
03360018;5.3;1;1.3311
03360022;4.6;1;1.3311
03360024;4.925;1;1.3311
03360007;5.14;1;1.3311
03360009;5.02;1;1.3311
03360023;6.97;1;1.3311
03360001;6.17;1;1.3311
03360002;7.64;1;1.3311
03360003;6.2;1;1.3311
03360006;6.71;1;1.3311
03360008;5.925;1;1.3311
03360010;7.76;1;1.3311
03360011;6.02;1;1.3311
03360012;5.91;1;1.3311
03360014;5.0;1;1.3311
03360017;5.855;1;1.3311
03360019;5.635;1;1.3311
03360026;4.145;1;1.3311
03360029;5.24;1;1.3311
03360005;5.815;1;1.3311
03360013;5.695;1;1.3311
03360020;4.8;1;1.3311
03360030;5.645;1;1.3311
03361001;8.01;1;1.342
03361003;5.71;1;1.342
03361005;6.375;1;1.342
03361006;7.015;1;1.342
03361008;7.465;1;1.342
03361009;7.895;1;1.342
03361012;7.255;1;1.342
03361002;6.45;1;1.342
03361004;6.2;1;1.342
03361010;6.815;1;1.342
03361013;6.575;1;1.342
03401000;7.09;1;1.2623
03402000;6.91;1;1.1592
03403000;9.015;1;1.2291
03404000;8.26;1;1.2579
03405000;6.275;1;1.106
03451001;6.975;1;1.4078
03451002;8.12;1;1.4078
03451004;6.825;1;1.4078
03451005;7.215;1;1.4078
03451007;6.98;1;1.4078
03451008;7.915;1;1.4078
03452001;6.92;1;1.1618
03452002;9.88;1;1.1618
03452006;6.735;1;1.1618
03452007;8.135;1;1.1618
03452011;9.825;1;1.1618
03452012;6.08;1;1.1618
03452013;10.36;1;1.1618
03452014;6.455;1;1.1618
03452019;7.2;1;1.1618
03452020;12.08;1;1.1618
03452023;6.155;1;1.1618
03452025;6.445;1;1.1618
03452027;8.745;1;1.1618
03452015;6.015;1;1.1618
03452017;6.8;1;1.1618
03452021;6.21;1;1.1618
03452022;6.065;1;1.1618
03452024;6.465;1;1.1618
03452026;5.325;1;1.1618
03452003;6.675;1;1.1618
03452008;6.7;1;1.1618
03452009;8.33;1;1.1618
03452010;6.51;1;1.1618
03452016;6.215;1;1.1618
03453001;6.155;1;1.2965
03453002;6.145;1;1.2965
03453003;6.425;1;1.2965
03453004;7.08;1;1.2965
03453005;6.49;1;1.2965
03453006;6.02;1;1.2965
03453007;6.265;1;1.2965
03453008;7.25;1;1.2965
03453009;6.05;1;1.2965
03453010;5.665;1;1.2965
03453011;6.165;1;1.2965
03453012;6.245;1;1.2965
03453013;5.745;1;1.2965
03454010;7.095;1;1.3864
03454014;5.905;1;1.3864
03454018;6.275;1;1.3864
03454019;6.795;1;1.3864
03454032;7.15;1;1.3864
03454035;6.87;1;1.3864
03454041;6.74;1;1.3864
03454044;6.09;1;1.3864
03454045;6.48;1;1.3864
03454054;5.785;1;1.3864
03454007;5.71;1;1.3864
03454008;6.32;1;1.3864
03454020;6.035;1;1.3864
03454025;5.605;1;1.3864
03454030;4.57;1;1.3864
03454037;4.755;1;1.3864
03454038;5.42;1;1.3864
03454056;6.125;1;1.3864
03454060;5.515;1;1.3864
03454001;4.575;1;1.3864
03454003;5.46;1;1.3864
03454012;5.375;1;1.3864
03454036;5.66;1;1.3864
03454053;5.625;1;1.3864
03454009;5.135;1;1.3864
03454021;6.385;1;1.3864
03454026;6.005;1;1.3864
03454013;6.265;1;1.3864
03454029;6.1;1;1.3864
03454039;5.655;1;1.3864
03454040;5.315;1;1.3864
03454043;4.7;1;1.3864
03454052;4.935;1;1.3864
03454002;5.88;1;1.3864
03454015;4.605;1;1.3864
03454017;5.41;1;1.3864
03454028;5.445;1;1.3864
03454031;5.305;1;1.3864
03454059;4.613;0;1.3864
03454004;5.13;1;1.3864
03454006;4.7;1;1.3864
03454011;5.795;1;1.3864
03454022;4.47;1;1.3864
03454051;5.645;1;1.3864
03454005;5.46;1;1.3864
03454016;3.71;1;1.3864
03454023;5.21;1;1.3864
03454024;6.375;1;1.3864
03454047;6.64;1;1.3864
03454048;4.855;1;1.3864
03454050;4.265;1;1.3864
03454058;4.74;1;1.3864
03454034;5.645;1;1.3864
03454046;5.585;1;1.3864
03454049;6.425;1;1.3864
03454027;4.66;1;1.3864
03454033;5.095;1;1.3864
03454042;4.995;1;1.3864
03454055;5.485;1;1.3864
03454057;5.845;1;1.3864
03455007;7.35;1;1.2133
03455014;6.295;1;1.2133
03455015;7.215;1;1.2133
03455020;7.62;1;1.2133
03455021;10.495;1;1.2133
03455025;6.25;1;1.2133
03455026;6.505;1;1.2133
03455027;6.465;1;1.2133
03456001;6.565;1;1.4665
03456015;6.895;1;1.4665
03456025;6.14;1;1.4665
03456002;6.085;1;1.4665
03456009;5.46;1;1.4665
03456012;4.87;1;1.4665
03456019;5.495;1;1.4665
03456004;4.91;1;1.4665
03456005;4.915;1;1.4665
03456013;5.26;1;1.4665
03456014;5.97;1;1.4665
03456017;4.91;1;1.4665
03456003;4.815;0;1.4665
03456010;5.8;1;1.4665
03456016;6.58;1;1.4665
03456018;6.22;1;1.4665
03456020;5.435;1;1.4665
03456027;6.485;1;1.4665
03456006;4.88;1;1.4665
03456007;9.02;1;1.4665
03456008;5.8;1;1.4665
03456011;5.42;1;1.4665
03456023;6.09;1;1.4665
03456024;4.89;1;1.4665
03456026;4.945;1;1.4665
03457002;9.665;1;1.2651
03457012;5.97;1;1.2651
03457013;7.105;1;1.2651
03457014;7.555;1;1.2651
03457017;6.18;1;1.2651
03457018;6.04;1;1.2651
03457020;5.885;1;1.2651
03457021;6.48;1;1.2651
03457022;6.0;1;1.2651
03457024;6.365;1;1.2651
03457003;6.55;1;1.2651
03457009;5.785;1;1.2651
03457010;11.07;1;1.2651
03457011;6.085;1;1.2651
03457015;5.765;1;1.2651
03457019;5.442;0;1.2651
03457006;6.645;1;1.2651
03457008;5.635;1;1.2651
03457016;6.315;1;1.2651
03458003;6.76;1;1.2923
03458005;7.635;1;1.2923
03458007;6.385;1;1.2923
03458009;7.02;1;1.2923
03458010;7.025;1;1.2923
03458013;7.005;1;1.2923
03458014;7.095;1;1.2923
03458001;5.675;1;1.2923
03458002;4.895;1;1.2923
03458004;6.32;1;1.2923
03458006;6.035;1;1.2923
03458008;6.375;1;1.2923
03458011;6.465;1;1.2923
03458012;5.44;1;1.2923
03458015;4.98;1;1.2923
03459003;6.345;1;1.2976
03459004;7.01;1;1.2976
03459005;6.23;1;1.2976
03459006;7.755;1;1.2976
03459008;6.58;1;1.2976
03459012;6.17;1;1.2976
03459013;6.91;1;1.2976
03459014;6.25;1;1.2976
03459015;6.795;1;1.2976
03459019;6.79;1;1.2976
03459020;6.19;1;1.2976
03459021;6.745;1;1.2976
03459022;6.41;1;1.2976
03459024;6.27;1;1.2976
03459029;6.01;1;1.2976
03459033;6.58;1;1.2976
03459034;5.86;1;1.2976
03459007;6.16;1;1.2976
03459025;5.885;1;1.2976
03459028;5.575;1;1.2976
03459030;6.715;1;1.2976
03459001;5.81;1;1.2976
03459002;6.255;1;1.2976
03459010;6.64;1;1.2976
03459016;5.245;1;1.2976
03459018;5.45;1;1.2976
03459023;5.52;1;1.2976
03459031;5.845;1;1.2976
03459009;5.17;1;1.2976
03459011;4.74;1;1.2976
03459017;5.315;1;1.2976
03459026;4.885;1;1.2976
03459027;5.335;1;1.2976
03459032;5.555;1;1.2976
03460001;5.82;1;1.2897
03460002;6.66;1;1.2897
03460003;6.455;1;1.2897
03460004;6.635;1;1.2897
03460005;6.47;1;1.2897
03460006;6.755;1;1.2897
03460007;6.295;1;1.2897
03460008;6.17;1;1.2897
03460009;7.855;1;1.2897
03460010;7.42;1;1.2897
03461001;5.6;1;1.3385
03461002;5.47;1;1.3385
03461003;5.65;1;1.3385
03461004;5.635;1;1.3385
03461005;6.15;1;1.3385
03461006;7.59;1;1.3385
03461007;5.735;1;1.3385
03461008;6.035;1;1.3385
03461009;5.21;1;1.3385
03462005;6.81;1;1.2851
03462007;11.095;1;1.2851
03462014;11.39;1;1.2851
03462019;6.4;1;1.2851
03462002;5.22;1;1.2851
03462003;6.965;1;1.2851
03462006;5.765;1;1.2851
03462008;6.42;1;1.2851
03462010;7.665;1;1.2851
03462015;5.755;1;1.2851
03462017;6.11;1;1.2851
03462001;6.355;1;1.2851
03462004;5.825;1;1.2851
03462009;6.7;1;1.2851
03462011;6.61;1;1.2851
03462012;5.88;1;1.2851
03462013;5.695;1;1.2851
03462016;5.97;1;1.2851
03462018;6.075;1;1.2851
04011000;9.14;1;1.2101
04012000;6.26;1;1.2157
05111000;10.545;1;1.3058
05112000;6.41;1;1.2387
05113000;7.59;1;1.2213
05114000;7.27;1;1.3274
05116000;7.025;1;1.3423
05117000;7.225;1;1.2789
05119000;6.305;1;1.291
05120000;6.245;1;1.2314
05122000;7.075;1;1.2763
05124000;6.685;1;1.2895
05154004;6.92;1;1.2954
05154008;6.6;1;1.2954
05154012;7.075;1;1.2954
05154016;6.53;1;1.2954
05154020;6.905;1;1.2954
05154024;6.23;1;1.2954
05154028;7.125;1;1.2954
05154032;7.035;1;1.2954
05154036;7.235;1;1.2954
05154040;7.025;1;1.2954
05154044;6.775;1;1.2954
05154048;6.755;1;1.2954
05154052;6.735;1;1.2954
05154056;6.63;1;1.2954
05154060;7.0;1;1.2954
05154064;6.76;1;1.2954
05158004;7.815;1;1.3024
05158008;8.025;1;1.3024
05158012;7.055;1;1.3024
05158016;9.07;1;1.3024
05158020;8.715;1;1.3024
05158024;8.085;1;1.3024
05158026;8.735;1;1.3024
05158028;8.665;1;1.3024
05158032;6.625;1;1.3024
05158036;6.895;1;1.3024
05162004;8.065;1;1.3219
05162008;7.355;1;1.3219
05162012;7.05;1;1.3219
05162016;8.7;1;1.3219
05162020;7.68;1;1.3219
05162022;9.695;1;1.3219
05162024;8.28;1;1.3219
05162028;7.69;1;1.3219
05166004;6.925;1;1.3479
05166008;6.79;1;1.3479
05166012;7.78;1;1.3479
05166016;6.86;1;1.3479
05166020;6.655;1;1.3479
05166024;6.685;1;1.3479
05166028;7.585;1;1.3479
05166032;6.69;1;1.3479
05166036;7.585;1;1.3479
05170004;6.785;1;1.3095
05170008;6.885;1;1.3095
05170012;6.665;1;1.3095
05170016;6.59;1;1.3095
05170020;6.73;1;1.3095
05170024;6.85;1;1.3095
05170028;7.07;1;1.3095
05170032;6.485;1;1.3095
05170036;6.505;1;1.3095
05170040;7.225;1;1.3095
05170044;6.13;1;1.3095
05170048;6.605;1;1.3095
05170052;7.41;1;1.3095
05314000;10.625;1;1.2009
05315000;11.055;1;1.2474
05316000;8.025;1;1.3333
05334002;9.38;1;1.2617
05334004;6.465;1;1.2617
05334008;6.345;1;1.2617
05334012;6.6;1;1.2617
05334016;6.93;1;1.2617
05334020;6.175;1;1.2617
05334024;7.245;1;1.2617
05334028;6.38;1;1.2617
05334032;6.39;1;1.2617
05334036;7.335;1;1.2617
05358004;6.47;1;1.3428
05358008;6.875;1;1.3428
05358012;5.725;1;1.3428
05358016;5.695;1;1.3428
05358020;6.44;1;1.3428
05358024;7.135;1;1.3428
05358028;6.63;1;1.3428
05358032;6.935;1;1.3428
05358036;6.155;1;1.3428
05358040;7.12;1;1.3428
05358044;6.805;1;1.3428
05358048;6.5;1;1.3428
05358052;6.635;1;1.3428
05358056;6.325;1;1.3428
05358060;6.635;1;1.3428
05362004;7.37;1;1.3541
05362008;7.33;1;1.3541
05362012;9.445;1;1.3541
05362016;6.895;1;1.3541
05362020;8.075;1;1.3541
05362024;8.825;1;1.3541
05362028;9.51;1;1.3541
05362032;7.98;1;1.3541
05362036;9.31;1;1.3541
05362040;8.75;1;1.3541
05366004;6.4;1;1.4355
05366008;5.405;1;1.4355
05366012;6.185;1;1.4355
05366016;7.105;1;1.4355
05366020;5.355;1;1.4355
05366024;6.115;1;1.4355
05366028;6.505;1;1.4355
05366032;5.925;1;1.4355
05366036;5.86;1;1.4355
05366040;7.355;1;1.4355
05366044;6.53;1;1.4355
05370004;6.975;1;1.3415
05370008;6.695;1;1.3415
05370012;6.565;1;1.3415
05370016;6.715;1;1.3415
05370020;6.74;1;1.3415
05370024;6.425;1;1.3415
05370028;6.29;1;1.3415
05370032;6.39;1;1.3415
05370036;6.685;1;1.3415
05370040;6.595;1;1.3415
05374004;6.205;1;1.3386
05374008;6.53;1;1.3386
05374012;6.59;1;1.3386
05374016;5.98;1;1.3386
05374020;6.915;1;1.3386
05374024;6.045;1;1.3386
05374028;5.965;1;1.3386
05374032;6.18;1;1.3386
05374036;6.42;1;1.3386
05374040;5.775;1;1.3386
05374044;6.055;1;1.3386
05374048;6.58;1;1.3386
05374052;6.49;1;1.3386
05378004;9.02;1;1.2923
05378008;7.335;1;1.2923
05378012;7.36;1;1.2923
05378016;8.005;1;1.2923
05378020;7.995;1;1.2923
05378024;7.78;1;1.2923
05378028;8.46;1;1.2923
05378032;7.015;1;1.2923
05382004;8.445;1;1.3687
05382008;8.965;1;1.3687
05382012;8.52;1;1.3687
05382016;6.595;1;1.3687
05382020;7.9;1;1.3687
05382024;8.485;1;1.3687
05382028;7.77;1;1.3687
05382032;7.95;1;1.3687
05382036;6.885;1;1.3687
05382040;7.53;1;1.3687
05382044;8.49;1;1.3687
05382048;8.345;1;1.3687
05382052;6.63;1;1.3687
05382056;8.36;1;1.3687
05382060;8.615;1;1.3687
05382064;7.295;1;1.3687
05382068;7.82;1;1.3687
05382072;7.9;1;1.3687
05382076;5.815;1;1.3687
05512000;6.715;1;1.2628
05513000;5.915;1;1.2054
05515000;9.915;1;1.1942
05554004;6.87;1;1.3604
05554008;7.24;1;1.3604
05554012;6.8;1;1.3604
05554016;6.23;1;1.3604
05554020;6.97;1;1.3604
05554024;6.155;1;1.3604
05554028;6.355;1;1.3604
05554032;6.515;1;1.3604
05554036;6.025;1;1.3604
05554040;6.795;1;1.3604
05554044;6.505;1;1.3604
05554048;7.265;1;1.3604
05554052;6.765;1;1.3604
05554056;6.735;1;1.3604
05554060;6.445;1;1.3604
05554064;6.21;1;1.3604
05554068;6.595;1;1.3604
05558004;6.53;1;1.4442
05558008;6.89;1;1.4442
05558012;6.88;1;1.4442
05558016;6.71;1;1.4442
05558020;7.38;1;1.4442
05558024;6.875;1;1.4442
05558028;6.57;1;1.4442
05558032;7.14;1;1.4442
05558036;6.785;1;1.4442
05558040;6.65;1;1.4442
05558044;6.975;1;1.4442
05562004;6.52;1;1.2102
05562008;6.195;1;1.2102
05562012;6.365;1;1.2102
05562014;6.18;1;1.2102
05562016;7.33;1;1.2102
05562020;6.155;1;1.2102
05562024;6.525;1;1.2102
05562028;6.075;1;1.2102
05562032;6.48;1;1.2102
05562036;6.63;1;1.2102
05566004;7.01;1;1.4301
05566008;6.725;1;1.4301
05566012;7.135;1;1.4301
05566016;5.78;1;1.4301
05566020;5.635;1;1.4301
05566024;5.89;1;1.4301
05566028;6.565;1;1.4301
05566032;6.505;1;1.4301
05566036;6.395;1;1.4301
05566040;6.335;1;1.4301
05566044;6.28;1;1.4301
05566048;6.48;1;1.4301
05566052;5.99;1;1.4301
05566056;6.37;1;1.4301
05566060;6.61;1;1.4301
05566064;7.03;1;1.4301
05566068;6.185;1;1.4301
05566072;5.755;1;1.4301
05566076;6.6;1;1.4301
05566080;6.395;1;1.4301
05566084;7.02;1;1.4301
05566088;6.155;1;1.4301
05566092;6.255;1;1.4301
05566096;6.09;1;1.4301
05570004;6.335;1;1.3571
05570008;6.14;1;1.3571
05570012;6.195;1;1.3571
05570016;6.815;1;1.3571
05570020;6.035;1;1.3571
05570024;6.7;1;1.3571
05570028;6.285;1;1.3571
05570032;7.22;1;1.3571
05570036;7.015;1;1.3571
05570040;6.505;1;1.3571
05570044;7.58;1;1.3571
05570048;6.27;1;1.3571
05570052;7.015;1;1.3571
05711000;7.82;1;1.2174
05754004;6.185;1;1.3751
05754008;7.275;1;1.3751
05754012;6.58;1;1.3751
05754016;6.635;1;1.3751
05754020;6.62;1;1.3751
05754024;6.365;1;1.3751
05754028;7.39;1;1.3751
05754032;6.96;1;1.3751
05754036;6.74;1;1.3751
05754040;6.61;1;1.3751
05754044;6.98;1;1.3751
05754048;6.225;1;1.3751
05754052;6.44;1;1.3751
05758004;6.28;1;1.3339
05758008;6.08;1;1.3339
05758012;6.38;1;1.3339
05758016;5.855;1;1.3339
05758020;5.7;1;1.3339
05758024;5.83;1;1.3339
05758028;5.695;1;1.3339
05758032;5.995;1;1.3339
05758036;5.51;1;1.3339
05762004;5.295;1;1.3556
05762008;4.605;1;1.3556
05762012;4.19;1;1.3556
05762016;4.96;1;1.3556
05762020;5.26;1;1.3556
05762024;4.735;1;1.3556
05762028;4.635;1;1.3556
05762032;5.12;1;1.3556
05762036;5.475;1;1.3556
05762040;4.975;1;1.3556
05766004;6.07;1;1.2957
05766008;6.555;1;1.2957
05766012;4.955;1;1.2957
05766016;5.365;1;1.2957
05766020;6.85;1;1.2957
05766024;5.185;1;1.2957
05766028;4.725;1;1.2957
05766032;6.22;1;1.2957
05766036;5.105;1;1.2957
05766040;5.81;1;1.2957
05766044;6.695;1;1.2957
05766048;6.61;1;1.2957
05766052;4.765;1;1.2957
05766056;6.535;1;1.2957
05766060;4.855;1;1.2957
05766064;5.715;1;1.2957
05770004;6.665;1;1.452
05770008;5.75;1;1.452
05770012;5.425;1;1.452
05770016;5.77;1;1.452
05770020;6.13;1;1.452
05770024;6.815;1;1.452
05770028;5.57;1;1.452
05770032;6.05;1;1.452
05770036;5.79;1;1.452
05770040;6.105;1;1.452
05770044;5.635;1;1.452
05774004;5.27;1;1.3131
05774008;6.85;1;1.3131
05774012;6.135;1;1.3131
05774016;5.01;1;1.3131
05774020;6.435;1;1.3131
05774024;6.225;1;1.3131
05774028;5.33;1;1.3131
05774032;7.82;1;1.3131
05774036;6.145;1;1.3131
05774040;5.19;1;1.3131
05911000;7.56;1;1.1971
05913000;7.42;1;1.2399
05914000;5.83;1;1.2333
05915000;6.285;1;1.2172
05916000;6.275;1;1.2239
05954004;6.45;1;1.2596
05954008;6.0;1;1.2596
05954012;6.17;1;1.2596
05954016;6.65;1;1.2596
05954020;6.815;1;1.2596
05954024;6.31;1;1.2596
05954028;6.81;1;1.2596
05954032;6.325;1;1.2596
05954036;6.53;1;1.2596
05958004;5.815;1;1.3012
05958008;5.075;1;1.3012
05958012;5.75;1;1.3012
05958016;5.27;1;1.3012
05958020;4.8;1;1.3012
05958024;5.23;1;1.3012
05958028;4.915;1;1.3012
05958032;5.565;1;1.3012
05958036;5.725;1;1.3012
05958040;5.92;1;1.3012
05958044;5.405;1;1.3012
05958048;5.985;1;1.3012
05962004;4.98;1;1.1922
05962008;5.555;1;1.1922
05962012;6.01;1;1.1922
05962016;6.185;1;1.1922
05962020;5.555;1;1.1922
05962024;6.225;1;1.1922
05962028;5.505;1;1.1922
05962032;6.19;1;1.1922
05962036;6.095;1;1.1922
05962040;6.125;1;1.1922
05962044;5.46;1;1.1922
05962048;5.625;1;1.1922
05962052;5.49;1;1.1922
05962056;5.66;1;1.1922
05962060;5.23;1;1.1922
05966004;6.925;1;1.3731
05966008;6.07;1;1.3731
05966012;5.585;1;1.3731
05966016;5.27;1;1.3731
05966020;5.745;1;1.3731
05966024;7.1;1;1.3731
05966028;6.2;1;1.3731
05970004;5.945;1;1.1888
05970008;6.0;1;1.1888
05970012;5.625;1;1.1888
05970016;6.855;1;1.1888
05970020;6.16;1;1.1888
05970024;6.375;1;1.1888
05970028;5.93;1;1.1888
05970032;6.825;1;1.1888
05970036;6.02;1;1.1888
05970040;7.425;1;1.1888
05970044;6.695;1;1.1888
05974004;5.64;1;1.3177
05974008;7.335;1;1.3177
05974012;6.065;1;1.3177
05974016;6.09;1;1.3177
05974020;5.91;1;1.3177
05974024;5.89;1;1.3177
05974028;6.62;1;1.3177
05974032;6.725;1;1.3177
05974036;5.265;1;1.3177
05974040;6.87;1;1.3177
05974044;5.465;1;1.3177
05974048;5.57;1;1.3177
05974052;6.215;1;1.3177
05974056;5.99;1;1.3177
05978004;6.0;1;1.2779
05978008;6.07;1;1.2779
05978012;5.98;1;1.2779
05978016;6.365;1;1.2779
05978020;6.385;1;1.2779
05978024;6.245;1;1.2779
05978028;6.44;1;1.2779
05978032;6.455;1;1.2779
05978036;6.6;1;1.2779
05978040;6.485;1;1.2779
06411000;11.355;1;1.247
06412000;13.085;1;1.2717
06413000;10.275;1;1.3236
06414000;10.27;1;1.2892
06431001;7.82;1;1.3571
06431002;8.965;1;1.3571
06431003;7.12;1;1.3571
06431004;6.785;1;1.3571
06431005;8.445;1;1.3571
06431006;8.005;1;1.3571
06431007;6.775;1;1.3571
06431008;6.97;1;1.3571
06431009;6.375;1;1.3571
06431010;6.975;1;1.3571
06431011;9.03;1;1.3571
06431012;7.22;1;1.3571
06431013;7.655;1;1.3571
06431014;7.16;1;1.3571
06431015;6.875;1;1.3571
06431016;8.44;1;1.3571
06431017;7.005;1;1.3571
06431018;7.66;1;1.3571
06431019;6.96;1;1.3571
06431020;8.08;1;1.3571
06431021;6.235;1;1.3571
06431022;9.055;1;1.3571
06432001;9.295;1;1.3155
06432002;7.975;1;1.3155
06432003;9.605;1;1.3155
06432004;10.41;1;1.3155
06432005;8.22;1;1.3155
06432006;9.115;1;1.3155
06432007;7.705;1;1.3155
06432008;10.03;1;1.3155
06432009;7.88;1;1.3155
06432010;8.375;1;1.3155
06432011;8.785;1;1.3155
06432012;9.115;1;1.3155
06432013;8.195;1;1.3155
06432014;9.035;1;1.3155
06432015;8.465;1;1.3155
06432016;8.34;1;1.3155
06432017;7.355;1;1.3155
06432018;8.825;1;1.3155
06432019;8.245;1;1.3155
06432020;9.44;1;1.3155
06432021;7.585;1;1.3155
06432022;9.54;1;1.3155
06432023;9.06;1;1.3155
06433001;7.99;1;1.3257
06433002;9.205;1;1.3257
06433003;9.18;1;1.3257
06433004;8.535;1;1.3257
06433005;8.39;1;1.3257
06433006;9.575;1;1.3257
06433007;11.555;1;1.3257
06433008;10.54;1;1.3257
06433009;9.115;1;1.3257
06433010;9.89;1;1.3257
06433011;8.865;1;1.3257
06433012;9.815;1;1.3257
06433013;7.91;1;1.3257
06433014;8.2;1;1.3257
06434001;11.535;1;1.2948
06434002;10.275;1;1.2948
06434003;8.67;1;1.2948
06434004;6.63;1;1.2948
06434005;11.265;1;1.2948
06434006;10.375;1;1.2948
06434007;8.805;1;1.2948
06434008;11.515;1;1.2948
06434009;7.81;1;1.2948
06434010;9.22;1;1.2948
06434011;8.38;1;1.2948
06434012;8.955;1;1.2948
06434013;6.795;1;1.2948
06435001;7.47;1;1.3509
06435002;6.97;1;1.3509
06435003;7.225;1;1.3509
06435004;6.38;1;1.3509
06435005;5.905;1;1.3509
06435006;8.265;1;1.3509
06435007;8.985;1;1.3509
06435008;4.95;1;1.3509
06435009;7.09;1;1.3509
06435010;8.34;1;1.3509
06435011;8.565;1;1.3509
06435012;7.685;1;1.3509
06435013;7.05;1;1.3509
06435014;9.04;1;1.3509
06435015;7.425;1;1.3509
06435016;5.72;1;1.3509
06435017;8.245;1;1.3509
06435018;7.435;1;1.3509
06435019;9.24;1;1.3509
06435020;7.625;1;1.3509
06435021;8.09;1;1.3509
06435022;8.475;1;1.3509
06435023;7.705;1;1.3509
06435024;7.005;1;1.3509
06435025;6.45;1;1.3509
06435026;8.265;1;1.3509
06435027;5.44;1;1.3509
06435028;5.84;1;1.3509
06435029;6.76;1;1.3509
06436001;11.57;1;1.2716
06436002;9.73;1;1.2716
06436003;11.665;1;1.2716
06436004;9.78;1;1.2716
06436005;10.22;1;1.2716
06436006;9.995;1;1.2716
06436007;10.505;1;1.2716
06436008;10.31;1;1.2716
06436009;10.7;1;1.2716
06436010;11.57;1;1.2716
06436011;10.5;1;1.2716
06436012;10.775;1;1.2716
06437001;7.71;1;1.3075
06437003;6.805;1;1.3075
06437004;6.58;1;1.3075
06437005;5.99;1;1.3075
06437006;7.425;1;1.3075
06437007;6.53;1;1.3075
06437009;7.135;1;1.3075
06437010;6.28;1;1.3075
06437011;7.13;1;1.3075
06437012;6.0;1;1.3075
06437013;6.86;1;1.3075
06437016;5.685;1;1.3075
06438001;9.605;1;1.3072
06438002;9.96;1;1.3072
06438003;10.015;1;1.3072
06438004;8.165;1;1.3072
06438005;9.89;1;1.3072
06438006;10.12;1;1.3072
06438007;8.335;1;1.3072
06438008;9.24;1;1.3072
06438009;11.025;1;1.3072
06438010;9.32;1;1.3072
06438011;9.18;1;1.3072
06438012;9.66;1;1.3072
06438013;9.11;1;1.3072
06439001;6.19;1;1.2706
06439002;8.005;1;1.2706
06439003;9.505;1;1.2706
06439004;8.94;1;1.2706
06439005;6.25;1;1.2706
06439006;6.45;1;1.2706
06439007;7.605;1;1.2706
06439008;9.045;1;1.2706
06439009;8.875;1;1.2706
06439010;5.925;1;1.2706
06439011;9.16;1;1.2706
06439012;9.53;1;1.2706
06439013;8.295;1;1.2706
06439014;8.73;1;1.2706
06439015;8.635;1;1.2706
06439016;7.085;1;1.2706
06439017;9.53;1;1.2706
06440001;7.525;1;1.3172
06440002;9.115;1;1.3172
06440003;10.88;1;1.3172
06440004;7.38;1;1.3172
06440005;8.41;1;1.3172
06440006;6.83;1;1.3172
06440007;7.105;1;1.3172
06440008;9.0;1;1.3172
06440009;5.825;1;1.3172
06440010;7.22;1;1.3172
06440011;5.885;1;1.3172
06440012;9.73;1;1.3172
06440013;4.95;1;1.3172
06440014;6.815;1;1.3172
06440015;7.39;1;1.3172
06440016;6.615;1;1.3172
06440017;7.805;1;1.3172
06440018;7.38;1;1.3172
06440019;5.815;1;1.3172
06440020;7.375;1;1.3172
06440021;7.65;1;1.3172
06440022;6.945;1;1.3172
06440023;9.26;1;1.3172
06440024;6.7;1;1.3172
06440025;8.19;1;1.3172
06531001;5.82;1;1.284
06531002;7.185;1;1.284
06531003;7.27;1;1.284
06531004;7.9;1;1.284
06531005;9.39;1;1.284
06531006;6.39;1;1.284
06531007;9.24;1;1.284
06531008;6.1;1;1.284
06531009;6.96;1;1.284
06531010;6.185;1;1.284
06531011;7.55;1;1.284
06531012;9.165;1;1.284
06531013;7.45;1;1.284
06531014;7.635;1;1.284
06531015;6.07;1;1.284
06531016;6.635;1;1.284
06531017;7.27;1;1.284
06531018;7.865;1;1.284
06532001;7.455;1;1.3021
06532002;6.25;1;1.3021
06532003;6.655;1;1.3021
06532004;4.91;1;1.3021
06532005;5.845;1;1.3021
06532006;6.395;1;1.3021
06532007;5.415;1;1.3021
06532008;6.41;1;1.3021
06532009;5.95;1;1.3021
06532010;5.185;1;1.3021
06532011;6.2;1;1.3021
06532012;6.885;1;1.3021
06532013;5.65;1;1.3021
06532014;6.565;1;1.3021
06532015;7.28;1;1.3021
06532016;6.305;1;1.3021
06532017;5.865;1;1.3021
06532018;6.17;1;1.3021
06532019;4.715;1;1.3021
06532020;6.665;1;1.3021
06532021;6.355;1;1.3021
06532022;5.935;1;1.3021
06532023;7.955;1;1.3021
06533001;6.015;1;1.3947
06533002;6.13;1;1.3947
06533003;7.7;1;1.3947
06533004;5.89;1;1.3947
06533005;6.415;1;1.3947
06533006;6.95;1;1.3947
06533007;6.665;1;1.3947
06533008;6.52;1;1.3947
06533009;7.605;1;1.3947
06533010;6.695;1;1.3947
06533011;5.305;1;1.3947
06533012;5.905;1;1.3947
06533013;6.22;1;1.3947
06533014;6.575;1;1.3947
06533015;5.76;1;1.3947
06533016;5.715;1;1.3947
06533017;6.385;1;1.3947
06533018;5.97;1;1.3947
06533019;5.69;1;1.3947
06534001;6.065;1;1.2052
06534002;6.58;1;1.2052
06534003;5.675;1;1.2052
06534004;5.775;1;1.2052
06534005;5.36;1;1.2052
06534006;7.92;1;1.2052
06534007;5.85;1;1.2052
06534008;7.34;1;1.2052
06534009;7.14;1;1.2052
06534010;6.55;1;1.2052
06534011;7.0;1;1.2052
06534012;6.955;1;1.2052
06534013;5.985;1;1.2052
06534014;10.0;1;1.2052
06534015;5.325;1;1.2052
06534016;5.45;1;1.2052
06534017;5.95;1;1.2052
06534018;6.29;1;1.2052
06534019;5.5;1;1.2052
06534020;7.615;1;1.2052
06534021;6.135;1;1.2052
06534022;5.05;1;1.2052
06535001;6.32;1;1.3628
06535002;5.045;1;1.3628
06535003;4.075;1;1.3628
06535004;4.765;1;1.3628
06535005;4.91;1;1.3628
06535006;5.285;1;1.3628
06535007;4.91;1;1.3628
06535008;4.905;1;1.3628
06535009;5.425;1;1.3628
06535010;4.91;1;1.3628
06535011;5.79;1;1.3628
06535012;4.24;1;1.3628
06535013;5.69;1;1.3628
06535014;5.12;1;1.3628
06535015;5.06;1;1.3628
06535016;5.615;1;1.3628
06535017;4.505;1;1.3628
06535018;5.15;1;1.3628
06535019;5.225;1;1.3628
06611000;7.9;1;1.1456
06631001;6.225;1;1.2982
06631002;5.67;1;1.2982
06631003;6.015;1;1.2982
06631004;4.795;1;1.2982
06631005;4.335;1;1.2982
06631006;6.465;1;1.2982
06631007;5.295;1;1.2982
06631008;5.835;1;1.2982
06631009;8.56;1;1.2982
06631010;6.305;1;1.2982
06631011;5.785;1;1.2982
06631012;5.205;1;1.2982
06631013;6.665;1;1.2982
06631014;4.83;1;1.2982
06631015;6.71;1;1.2982
06631016;5.085;1;1.2982
06631017;7.33;1;1.2982
06631018;6.03;1;1.2982
06631019;5.415;1;1.2982
06631020;7.495;1;1.2982
06631021;5.01;1;1.2982
06631022;4.435;1;1.2982
06631023;5.52;1;1.2982
06632001;5.005;1;1.3117
06632002;6.725;1;1.3117
06632003;5.625;1;1.3117
06632004;5.14;1;1.3117
06632005;4.285;1;1.3117
06632006;6.03;1;1.3117
06632007;5.44;1;1.3117
06632008;5.315;1;1.3117
06632009;5.3;1;1.3117
06632010;4.655;1;1.3117
06632011;5.47;1;1.3117
06632012;6.05;1;1.3117
06632013;4.865;1;1.3117
06632014;5.21;1;1.3117
06632015;5.365;1;1.3117
06632016;5.23;1;1.3117
06632017;5.075;1;1.3117
06632018;5.735;1;1.3117
06632019;5.325;1;1.3117
06632020;5.58;1;1.3117
06633001;6.355;1;1.3612
06633002;5.02;1;1.3612
06633003;7.025;1;1.3612
06633004;5.145;1;1.3612
06633005;5.875;1;1.3612
06633006;5.615;1;1.3612
06633007;6.79;1;1.3612
06633008;7.08;1;1.3612
06633009;6.855;1;1.3612
06633010;5.365;1;1.3612
06633011;6.52;1;1.3612
06633012;6.51;1;1.3612
06633013;5.635;1;1.3612
06633014;5.655;1;1.3612
06633015;6.97;1;1.3612
06633016;4.595;1;1.3612
06633017;7.255;1;1.3612
06633018;4.61;1;1.3612
06633019;6.375;1;1.3612
06633020;7.905;1;1.3612
06633022;5.345;1;1.3612
06633023;6.505;1;1.3612
06633024;5.92;1;1.3612
06633025;4.3;1;1.3612
06633026;7.42;1;1.3612
06633028;5.415;1;1.3612
06633029;5.47;1;1.3612
06633030;4.43;1;1.3612
06634001;5.49;1;1.3004
06634002;6.18;1;1.3004
06634003;5.56;1;1.3004
06634004;4.625;1;1.3004
06634005;6.35;1;1.3004
06634006;4.76;1;1.3004
06634007;6.5;1;1.3004
06634008;5.925;1;1.3004
06634009;6.09;1;1.3004
06634010;4.355;1;1.3004
06634011;5.08;1;1.3004
06634012;5.6;1;1.3004
06634013;5.415;1;1.3004
06634014;6.54;1;1.3004
06634015;5.04;1;1.3004
06634016;4.375;1;1.3004
06634017;5.07;1;1.3004
06634018;5.835;1;1.3004
06634019;5.52;1;1.3004
06634020;4.205;1;1.3004
06634021;5.15;1;1.3004
06634022;5.95;1;1.3004
06634023;5.145;1;1.3004
06634024;5.1;1;1.3004
06634025;5.9;1;1.3004
06634026;5.05;1;1.3004
06634027;5.615;1;1.3004
06635001;5.48;1;1.3064
06635002;5.76;1;1.3064
06635003;5.935;1;1.3064
06635004;6.255;1;1.3064
06635006;5.305;1;1.3064
06635007;4.905;1;1.3064
06635008;4.965;1;1.3064
06635009;5.035;1;1.3064
06635010;4.635;1;1.3064
06635011;5.785;1;1.3064
06635012;4.965;1;1.3064
06635013;4.555;1;1.3064
06635014;4.875;1;1.3064
06635015;5.885;1;1.3064
06635016;4.75;1;1.3064
06635017;5.105;1;1.3064
06635018;4.66;1;1.3064
06635019;4.69;1;1.3064
06635020;4.595;1;1.3064
06635021;5.27;1;1.3064
06635022;6.255;1;1.3064
06636001;5.635;1;1.3248
06636002;4.25;1;1.3248
06636003;5.2;1;1.3248
06636004;5.08;1;1.3248
06636005;4.59;1;1.3248
06636006;5.55;1;1.3248
06636007;4.84;1;1.3248
06636008;4.065;1;1.3248
06636009;5.685;1;1.3248
06636010;4.245;1;1.3248
06636011;4.89;1;1.3248
06636012;4.485;1;1.3248
06636013;4.98;1;1.3248
06636014;5.025;1;1.3248
06636015;3.96;1;1.3248
06636016;5.63;1;1.3248
07111000;8.5;1;1.2529
07131007;8.035;1;1.3828
07131070;7.845;1;1.3828
07131077;6.775;1;1.3828
07131090;6.885;1;1.3828
07131001;6.145;1;1.3828
07131004;5.17;1;1.3828
07131005;5.09;1;1.3828
07131008;4.64;1;1.3828
07131009;3.708;0;1.3828
07131018;4.88;1;1.3828
07131021;4.512;0;1.3828
07131022;3.73;0;1.3828
07131026;3.54;1;1.3828
07131028;4.935;1;1.3828
07131030;4.08;1;1.3828
07131032;5.0;1;1.3828
07131033;4.22;1;1.3828
07131034;4.63;1;1.3828
07131037;4.61;1;1.3828
07131042;4.64;1;1.3828
07131044;5.015;1;1.3828
07131050;8.71;1;1.3828
07131051;6.1;1;1.3828
07131052;5.016;0;1.3828
07131058;9.07;1;1.3828
07131062;5.091;0;1.3828
07131065;4.469;0;1.3828
07131066;5.391;0;1.3828
07131069;3.635;1;1.3828
07131072;6.4;1;1.3828
07131074;4.83;1;1.3828
07131076;4.994;0;1.3828
07131079;3.74;1;1.3828
07131082;4.95;1;1.3828
07131083;7.375;1;1.3828
07131084;5.19;1;1.3828
07131085;4.34;1;1.3828
07131086;5.47;1;1.3828
07131501;4.675;1;1.3828
07131002;5.49;1;1.3828
07131003;6.035;1;1.3828
07131011;5.975;1;1.3828
07131017;6.11;1;1.3828
07131027;5.82;1;1.3828
07131029;4.675;1;1.3828
07131036;5.965;1;1.3828
07131039;5.53;1;1.3828
07131040;4.6;1;1.3828
07131047;4.995;1;1.3828
07131049;5.465;1;1.3828
07131068;5.745;1;1.3828
07131006;6.735;1;1.3828
07131014;5.55;1;1.3828
07131025;5.505;1;1.3828
07131081;6.06;1;1.3828
07131016;4.82;1;1.3828
07131041;5.38;1;1.3828
07131054;5.255;1;1.3828
07131055;6.035;1;1.3828
07131059;4.685;1;1.3828
07131060;5.53;1;1.3828
07131073;5.66;1;1.3828
07131202;5.73;1;1.3828
07131204;4.651;0;1.3828
07131205;5.705;1;1.3828
07131206;4.36;1;1.3828
07131208;5.12;1;1.3828
07131209;4.73;1;1.3828
07131210;4.995;1;1.3828
07131211;5.825;1;1.3828
07131502;5.075;1;1.3828
07132018;5.75;1;1.3923
07132019;6.32;1;1.3923
07132026;4.525;1;1.3923
07132036;5.015;1;1.3923
07132050;5.875;1;1.3923
07132068;4.07;1;1.3923
07132075;4.81;1;1.3923
07132079;4.17;1;1.3923
07132101;4.685;1;1.3923
07132113;5.82;1;1.3923
07132007;5.265;1;1.3923
07132010;4.635;1;1.3923
07132013;5.295;1;1.3923
07132014;4.75;1;1.3923
07132028;5.61;1;1.3923
07132034;5.36;1;1.3923
07132038;5.935;1;1.3923
07132044;5.625;1;1.3923
07132077;4.58;1;1.3923
07132091;5.745;1;1.3923
07132096;5.505;1;1.3923
07132102;3.98;1;1.3923
07132012;5.93;1;1.3923
07132037;5.065;1;1.3923
07132045;5.065;1;1.3923
07132063;5.71;1;1.3923
07132072;6.315;1;1.3923
07132076;5.915;1;1.3923
07132008;5.435;1;1.3923
07132011;5.065;1;1.3923
07132054;4.64;1;1.3923
07132080;5.1;1;1.3923
07132105;4.855;1;1.3923
07132117;5.495;1;1.3923
07132002;5.41;1;1.3923
07132006;5.715;1;1.3923
07132020;6.65;1;1.3923
07132024;5.085;1;1.3923
07132025;5.465;1;1.3923
07132030;4.71;1;1.3923
07132039;5.575;1;1.3923
07132042;5.17;1;1.3923
07132059;5.24;1;1.3923
07132066;5.575;1;1.3923
07132071;3.605;1;1.3923
07132073;5.35;1;1.3923
07132095;5.205;1;1.3923
07132098;5.74;1;1.3923
07132107;5.315;1;1.3923
07132108;5.315;1;1.3923
07132111;5.515;1;1.3923
07132001;4.895;1;1.3923
07132004;5.035;0;1.3923
07132005;5.22;1;1.3923
07132009;5.01;1;1.3923
07132015;5.805;1;1.3923
07132016;5.385;1;1.3923
07132017;5.11;1;1.3923
07132022;5.078;0;1.3923
07132023;5.745;1;1.3923
07132027;5.68;1;1.3923
07132029;4.525;0;1.3923
07132031;4.57;1;1.3923
07132032;6.195;1;1.3923
07132033;5.155;1;1.3923
07132035;6.15;1;1.3923
07132040;5.02;1;1.3923
07132041;5.61;1;1.3923
07132043;5.545;1;1.3923
07132046;6.26;1;1.3923
07132047;5.2;1;1.3923
07132048;4.72;1;1.3923
07132049;4.585;1;1.3923
07132051;4.76;1;1.3923
07132052;3.84;1;1.3923
07132053;5.26;1;1.3923
07132055;6.765;1;1.3923
07132057;4.76;1;1.3923
07132058;4.373;0;1.3923
07132060;3.689;0;1.3923
07132061;5.05;1;1.3923
07132062;4.98;1;1.3923
07132064;4.93;1;1.3923
07132065;5.34;1;1.3923
07132067;4.84;1;1.3923
07132069;5.5;1;1.3923
07132070;5.505;1;1.3923
07132078;5.57;1;1.3923
07132081;3.71;1;1.3923
07132082;4.775;1;1.3923
07132083;5.485;1;1.3923
07132085;6.715;1;1.3923
07132086;5.11;1;1.3923
07132087;5.599;0;1.3923
07132088;4.785;0;1.3923
07132089;6.85;1;1.3923
07132090;5.22;1;1.3923
07132093;5.375;1;1.3923
07132094;5.55;1;1.3923
07132097;5.97;1;1.3923
07132099;5.33;1;1.3923
07132100;4.67;1;1.3923
07132103;5.375;1;1.3923
07132104;7.43;1;1.3923
07132106;4.715;1;1.3923
07132109;4.13;1;1.3923
07132110;4.72;1;1.3923
07132112;5.19;1;1.3923
07132114;5.23;1;1.3923
07132115;5.73;1;1.3923
07132116;5.625;1;1.3923
07132118;5.765;1;1.3923
07132119;6.59;1;1.3923
07132201;4.99;1;1.3923
07132501;6.185;1;1.3923
07132502;13.115;1;1.3923
07133006;7.52;1;1.4272
07133003;5.9;1;1.4272
07133012;6.53;1;1.4272
07133030;8.105;1;1.4272
07133031;6.055;1;1.4272
07133032;5.87;1;1.4272
07133037;6.825;1;1.4272
07133039;5.15;1;1.4272
07133045;5.04;1;1.4272
07133069;6.325;1;1.4272
07133078;6.425;1;1.4272
07133080;4.15;1;1.4272
07133104;6.59;1;1.4272
07133106;6.175;1;1.4272
07133002;5.16;1;1.4272
07133004;5.34;1;1.4272
07133013;5.11;1;1.4272
07133014;5.8;1;1.4272
07133015;5.7;1;1.4272
07133019;5.188;0;1.4272
07133021;5.71;1;1.4272
07133027;5.57;1;1.4272
07133033;4.773;0;1.4272
07133036;6.395;1;1.4272
07133040;7.04;1;1.4272
07133044;5.25;1;1.4272
07133048;5.955;1;1.4272
07133061;5.57;1;1.4272
07133068;6.06;1;1.4272
07133070;5.745;1;1.4272
07133071;6.19;1;1.4272
07133074;5.215;1;1.4272
07133075;5.99;1;1.4272
07133086;7.185;1;1.4272
07133088;5.645;1;1.4272
07133089;5.11;1;1.4272
07133098;5.34;1;1.4272
07133099;5.54;1;1.4272
07133100;5.96;1;1.4272
07133101;5.405;1;1.4272
07133105;5.965;1;1.4272
07133107;6.115;1;1.4272
07133109;5.885;1;1.4272
07133112;6.505;1;1.4272
07133115;4.74;1;1.4272
07133117;7.585;1;1.4272
07133008;5.81;1;1.4272
07133010;5.04;1;1.4272
07133016;5.66;1;1.4272
07133038;5.64;1;1.4272
07133041;4.28;1;1.4272
07133043;5.04;1;1.4272
07133046;5.0;1;1.4272
07133052;5.66;1;1.4272
07133059;4.37;0;1.4272
07133063;4.621;0;1.4272
07133073;4.98;1;1.4272
07133077;4.85;1;1.4272
07133096;5.24;1;1.4272
07133113;5.111;0;1.4272
07133201;7.665;1;1.4272
07133202;4.86;1;1.4272
07133204;4.741;0;1.4272
07133205;4.109;0;1.4272
07133001;4.861;0;1.4272
07133005;4.806;0;1.4272
07133009;7.6;1;1.4272
07133011;4.615;1;1.4272
07133017;4.78;1;1.4272
07133020;3.93;1;1.4272
07133022;3.324;0;1.4272
07133024;3.749;0;1.4272
07133049;4.83;1;1.4272
07133050;5.54;1;1.4272
07133051;5.416;0;1.4272
07133053;4.905;1;1.4272
07133055;4.414;0;1.4272
07133057;4.385;1;1.4272
07133058;3.629;0;1.4272
07133060;3.596;0;1.4272
07133062;4.565;1;1.4272
07133064;5.395;1;1.4272
07133065;6.055;1;1.4272
07133066;5.425;1;1.4272
07133067;5.635;1;1.4272
07133072;4.82;1;1.4272
07133076;5.74;1;1.4272
07133081;4.855;1;1.4272
07133083;5.03;1;1.4272
07133084;5.144;0;1.4272
07133090;3.84;1;1.4272
07133092;3.019;0;1.4272
07133094;4.26;1;1.4272
07133102;5.14;1;1.4272
07133111;5.265;1;1.4272
07133116;4.265;1;1.4272
07133501;6.575;1;1.4272
07133018;6.76;1;1.4272
07133023;4.95;1;1.4272
07133025;5.99;1;1.4272
07133026;7.355;1;1.4272
07133028;6.79;1;1.4272
07133035;6.42;1;1.4272
07133054;7.265;1;1.4272
07133056;7.165;1;1.4272
07133085;6.59;1;1.4272
07133087;6.285;1;1.4272
07133091;6.31;1;1.4272
07133093;6.105;1;1.4272
07133095;5.885;1;1.4272
07133103;7.005;1;1.4272
07133108;5.915;1;1.4272
07133110;6.665;1;1.4272
07133114;6.12;1;1.4272
07134045;5.255;1;1.4244
07134005;5.3;1;1.4244
07134007;5.45;1;1.4244
07134008;5.995;1;1.4244
07134021;3.721;0;1.4244
07134026;4.07;1;1.4244
07134027;6.455;1;1.4244
07134033;5.8;1;1.4244
07134036;6.15;1;1.4244
07134051;4.168;0;1.4244
07134054;7.33;1;1.4244
07134068;2.89;1;1.4244
07134073;5.13;1;1.4244
07134074;3.63;1;1.4244
07134075;5.43;1;1.4244
07134001;4.88;1;1.4244
07134002;4.866;0;1.4244
07134010;5.42;1;1.4244
07134011;3.56;1;1.4244
07134015;5.375;1;1.4244
07134016;5.775;1;1.4244
07134018;6.1;1;1.4244
07134020;4.555;1;1.4244
07134022;4.888;0;1.4244
07134024;4.845;1;1.4244
07134029;5.88;1;1.4244
07134031;2.902;0;1.4244
07134034;4.03;1;1.4244
07134042;6.075;1;1.4244
07134048;4.61;1;1.4244
07134050;5.58;1;1.4244
07134053;4.823;0;1.4244
07134057;4.61;1;1.4244
07134058;5.74;1;1.4244
07134061;5.172;0;1.4244
07134062;4.805;1;1.4244
07134063;5.303;0;1.4244
07134070;3.623;0;1.4244
07134071;4.812;0;1.4244
07134072;5.715;1;1.4244
07134078;4.605;0;1.4244
07134080;5.595;1;1.4244
07134084;4.31;0;1.4244
07134085;4.419;0;1.4244
07134094;4.39;1;1.4244
07134003;4.855;1;1.4244
07134004;4.4;1;1.4244
07134006;4.2;1;1.4244
07134009;5.9;1;1.4244
07134012;3.863;0;1.4244
07134013;4.059;0;1.4244
07134014;5.365;1;1.4244
07134017;4.38;1;1.4244
07134019;9.74;1;1.4244
07134025;5.025;1;1.4244
07134028;4.54;1;1.4244
07134030;5.045;1;1.4244
07134032;5.936;0;1.4244
07134035;3.39;1;1.4244
07134037;3.786;0;1.4244
07134038;5.24;1;1.4244
07134039;4.55;1;1.4244
07134040;4.45;1;1.4244
07134041;4.02;1;1.4244
07134043;4.535;1;1.4244
07134044;4.48;1;1.4244
07134046;5.31;1;1.4244
07134047;5.025;1;1.4244
07134049;6.005;1;1.4244
07134052;4.212;0;1.4244
07134055;5.055;1;1.4244
07134056;6.29;1;1.4244
07134059;5.5;1;1.4244
07134060;4.865;1;1.4244
07134064;4.419;0;1.4244
07134065;3.86;1;1.4244
07134066;4.88;1;1.4244
07134067;4.954;0;1.4244
07134069;4.79;1;1.4244
07134076;4.93;1;1.4244
07134077;5.77;1;1.4244
07134079;3.59;0;1.4244
07134081;4.234;0;1.4244
07134082;4.76;1;1.4244
07134083;4.899;0;1.4244
07134086;4.266;0;1.4244
07134087;4.93;1;1.4244
07134088;3.63;1;1.4244
07134089;4.755;1;1.4244
07134090;4.045;1;1.4244
07134091;4.637;0;1.4244
07134092;4.223;0;1.4244
07134095;4.037;0;1.4244
07134502;4.25;1;1.4244
07135007;4.795;1;1.46
07135012;5.535;1;1.46
07135015;5.49;1;1.46
07135017;6.39;1;1.46
07135020;6.27;1;1.46
07135021;4.575;1;1.46
07135024;5.75;1;1.46
07135025;6.515;1;1.46
07135027;5.37;1;1.46
07135029;5.145;1;1.46
07135036;5.36;1;1.46
07135049;5.21;1;1.46
07135053;4.61;1;1.46
07135056;4.86;1;1.46
07135060;5.66;1;1.46
07135065;4.815;1;1.46
07135066;4.725;1;1.46
07135069;5.36;1;1.46
07135072;5.19;1;1.46
07135079;5.725;1;1.46
07135082;5.155;1;1.46
07135086;6.015;1;1.46
07135090;6.24;1;1.46
07135009;5.28;1;1.46
07135011;5.655;1;1.46
07135014;4.256;0;1.46
07135016;4.405;1;1.46
07135022;4.514;0;1.46
07135023;5.26;1;1.46
07135026;5.16;1;1.46
07135028;6.015;1;1.46
07135031;5.075;1;1.46
07135033;4.595;1;1.46
07135038;5.0;1;1.46
07135040;5.061;0;1.46
07135042;5.56;1;1.46
07135043;5.22;1;1.46
07135044;3.72;1;1.46
07135045;5.78;1;1.46
07135046;5.81;1;1.46
07135051;4.355;1;1.46
07135052;4.95;1;1.46
07135058;4.975;1;1.46
07135062;4.417;0;1.46
07135067;4.785;1;1.46
07135075;5.34;1;1.46
07135084;4.46;1;1.46
07135093;3.19;1;1.46
07135502;5.025;1;1.46
07135002;5.35;1;1.46
07135005;5.115;1;1.46
07135008;5.295;1;1.46
07135018;5.63;1;1.46
07135030;5.02;1;1.46
07135034;5.67;1;1.46
07135035;4.98;1;1.46
07135048;4.385;0;1.46
07135057;4.815;1;1.46
07135078;3.76;1;1.46
07135083;5.17;1;1.46
07135085;4.59;1;1.46
07135089;4.39;1;1.46
07135091;4.1;1;1.46
07135501;6.31;1;1.46
07135001;5.025;1;1.46
07135003;4.88;1;1.46
07135004;6.39;1;1.46
07135010;5.015;1;1.46
07135013;4.5;1;1.46
07135019;5.975;1;1.46
07135032;3.517;0;1.46
07135037;5.86;1;1.46
07135039;3.924;0;1.46
07135041;4.224;0;1.46
07135054;4.105;1;1.46
07135061;5.38;1;1.46
07135064;3.16;1;1.46
07135068;4.728;0;1.46
07135070;4.21;1;1.46
07135071;4.065;1;1.46
07135073;5.38;1;1.46
07135074;4.3;1;1.46
07135076;5.8;1;1.46
07135077;3.24;1;1.46
07135080;5.04;1;1.46
07135081;4.37;1;1.46
07135088;3.6;1;1.46
07135092;5.76;1;1.46
07137003;6.725;1;1.3902
07137068;6.56;1;1.3902
07137203;6.835;1;1.3902
07137056;5.29;1;1.3902
07137057;5.86;1;1.3902
07137081;5.685;1;1.3902
07137088;6.11;1;1.3902
07137096;6.685;1;1.3902
07137023;4.602;0;1.3902
07137027;5.19;1;1.3902
07137029;5.005;1;1.3902
07137030;4.45;0;1.3902
07137041;4.565;1;1.3902
07137048;5.64;1;1.3902
07137053;5.68;1;1.3902
07137065;5.79;1;1.3902
07137070;5.815;1;1.3902
07137080;6.9;1;1.3902
07137086;6.06;1;1.3902
07137087;4.445;1;1.3902
07137089;6.18;1;1.3902
07137095;5.3;1;1.3902
07137102;6.145;1;1.3902
07137112;5.29;1;1.3902
07137114;5.54;1;1.3902
07137501;5.18;1;1.3902
07137001;4.798;0;1.3902
07137004;5.16;1;1.3902
07137006;6.52;1;1.3902
07137007;5.355;1;1.3902
07137011;4.44;1;1.3902
07137014;4.66;1;1.3902
07137019;4.95;1;1.3902
07137025;4.98;1;1.3902
07137034;4.167;0;1.3902
07137035;4.48;1;1.3902
07137036;5.46;1;1.3902
07137043;5.185;1;1.3902
07137049;5.025;1;1.3902
07137055;5.825;1;1.3902
07137060;5.255;1;1.3902
07137066;4.23;1;1.3902
07137074;4.82;1;1.3902
07137077;4.32;1;1.3902
07137079;3.495;1;1.3902
07137092;4.5;1;1.3902
07137097;5.495;1;1.3902
07137099;5.25;1;1.3902
07137105;5.19;1;1.3902
07137110;3.84;1;1.3902
07137113;3.71;0;1.3902
07137008;5.39;1;1.3902
07137069;6.175;1;1.3902
07137093;3.995;1;1.3902
07137101;5.235;1;1.3902
07137106;5.545;1;1.3902
07137218;6.87;1;1.3902
07137224;7.69;1;1.3902
07137226;8.61;1;1.3902
07137229;7.345;1;1.3902
07137202;6.305;1;1.3902
07137209;6.265;1;1.3902
07137211;6.585;1;1.3902
07137216;7.14;1;1.3902
07137222;6.345;1;1.3902
07137225;6.54;1;1.3902
07137228;6.86;1;1.3902
07137201;6.155;1;1.3902
07137204;6.395;1;1.3902
07137205;5.495;1;1.3902
07137206;5.435;1;1.3902
07137207;6.3;1;1.3902
07137208;5.22;1;1.3902
07137212;5.795;1;1.3902
07137214;5.415;1;1.3902
07137215;5.09;1;1.3902
07137217;5.915;1;1.3902
07137219;6.43;1;1.3902
07137220;6.725;1;1.3902
07137221;6.685;1;1.3902
07137223;5.905;1;1.3902
07137227;6.24;1;1.3902
07137230;6.93;1;1.3902
07137231;5.735;1;1.3902
07137504;5.21;1;1.3902
07138045;6.825;1;1.4252
07138003;6.725;1;1.4252
07138044;5.755;1;1.4252
07138077;6.49;1;1.4252
07138080;6.685;1;1.4252
07138004;6.76;1;1.4252
07138024;7.99;1;1.4252
07138038;5.99;1;1.4252
07138063;6.055;1;1.4252
07138012;5.9;1;1.4252
07138023;6.785;1;1.4252
07138031;5.015;1;1.4252
07138034;5.32;1;1.4252
07138069;4.775;1;1.4252
07138201;5.245;1;1.4252
07138009;5.94;1;1.4252
07138037;5.96;1;1.4252
07138041;6.705;1;1.4252
07138055;6.22;1;1.4252
07138068;5.94;1;1.4252
07138075;6.33;1;1.4252
07138501;6.375;1;1.4252
07138011;6.165;1;1.4252
07138013;6.425;1;1.4252
07138014;5.775;1;1.4252
07138025;5.045;1;1.4252
07138027;5.72;1;1.4252
07138040;5.945;1;1.4252
07138048;5.61;1;1.4252
07138050;5.545;1;1.4252
07138052;4.87;1;1.4252
07138057;5.57;1;1.4252
07138058;4.957;0;1.4252
07138059;5.86;1;1.4252
07138064;4.615;1;1.4252
07138070;5.95;1;1.4252
07138074;5.13;1;1.4252
07138078;5.17;1;1.4252
07138008;7.12;1;1.4252
07138019;6.84;1;1.4252
07138062;7.905;1;1.4252
07138073;7.46;1;1.4252
07138002;6.28;1;1.4252
07138005;6.0;1;1.4252
07138006;5.79;1;1.4252
07138007;10.355;1;1.4252
07138010;5.575;1;1.4252
07138015;6.42;1;1.4252
07138026;6.965;1;1.4252
07138030;5.605;1;1.4252
07138036;6.395;1;1.4252
07138042;5.865;1;1.4252
07138043;6.145;1;1.4252
07138047;5.5;1;1.4252
07138053;6.265;1;1.4252
07138054;5.475;1;1.4252
07138061;6.95;1;1.4252
07138065;5.1;1;1.4252
07138066;5.66;1;1.4252
07138071;6.56;1;1.4252
07138072;4.765;1;1.4252
07138076;5.835;1;1.4252
07140501;6.465;1;1.416
07140001;4.815;1;1.416
07140009;5.855;1;1.416
07140010;4.45;1;1.416
07140018;4.84;1;1.416
07140021;4.96;1;1.416
07140042;4.705;1;1.416
07140046;5.49;1;1.416
07140055;5.055;1;1.416
07140064;6.135;1;1.416
07140073;3.125;0;1.416
07140095;9.4;1;1.416
07140131;3.55;1;1.416
07140147;5.45;1;1.416
07140153;5.43;1;1.416
07140202;5.27;1;1.416
07140204;4.51;1;1.416
07140502;4.239;0;1.416
07140503;4.9;1;1.416
07140504;4.135;1;1.416
07140006;4.66;1;1.416
07140007;4.348;0;1.416
07140024;6.535;1;1.416
07140028;4.71;1;1.416
07140029;4.807;0;1.416
07140030;5.2;1;1.416
07140040;4.17;1;1.416
07140041;5.865;1;1.416
07140044;3.98;1;1.416
07140048;4.916;0;1.416
07140049;6.095;1;1.416
07140050;6.8;1;1.416
07140053;4.119;0;1.416
07140062;5.09;1;1.416
07140067;5.805;1;1.416
07140071;4.37;0;1.416
07140081;4.345;1;1.416
07140082;4.695;1;1.416
07140086;4.24;1;1.416
07140090;4.84;0;1.416
07140094;4.501;0;1.416
07140105;5.85;1;1.416
07140107;5.925;1;1.416
07140109;4.44;1;1.416
07140111;3.735;1;1.416
07140120;4.206;0;1.416
07140122;5.325;1;1.416
07140128;4.15;1;1.416
07140129;4.065;1;1.416
07140130;5.65;1;1.416
07140135;5.506;0;1.416
07140141;6.22;1;1.416
07140145;5.25;1;1.416
07140146;4.261;0;1.416
07140151;3.755;1;1.416
07140154;3.86;1;1.416
07140159;4.33;1;1.416
07140163;5.49;1;1.416
07140164;3.911;0;1.416
07140165;3.32;1;1.416
07140002;4.0;1;1.416
07140003;5.32;1;1.416
07140011;6.075;0;1.416
07140012;5.681;0;1.416
07140015;4.555;1;1.416
07140020;4.163;0;1.416
07140023;4.665;0;1.416
07140027;5.435;1;1.416
07140035;5.89;1;1.416
07140037;5.21;1;1.416
07140039;4.775;1;1.416
07140056;6.19;1;1.416
07140058;5.56;1;1.416
07140065;4.4;1;1.416
07140068;5.43;1;1.416
07140070;5.22;1;1.416
07140076;4.34;1;1.416
07140077;5.925;1;1.416
07140079;4.885;1;1.416
07140085;4.64;1;1.416
07140092;5.055;1;1.416
07140096;5.605;1;1.416
07140099;5.94;1;1.416
07140100;5.43;1;1.416
07140101;4.32;1;1.416
07140106;5.77;1;1.416
07140113;4.28;1;1.416
07140115;4.927;0;1.416
07140118;6.555;1;1.416
07140119;4.21;1;1.416
07140121;4.851;0;1.416
07140123;5.26;1;1.416
07140125;6.67;1;1.416
07140126;5.57;1;1.416
07140127;7.035;1;1.416
07140134;4.24;1;1.416
07140138;5.28;1;1.416
07140139;5.34;1;1.416
07140144;6.31;1;1.416
07140148;4.294;0;1.416
07140150;4.755;1;1.416
07140158;4.414;0;1.416
07140166;5.99;1;1.416
07140005;5.365;1;1.416
07140014;4.17;1;1.416
07140016;5.305;1;1.416
07140025;4.76;1;1.416
07140031;6.2;1;1.416
07140036;6.23;1;1.416
07140043;4.985;1;1.416
07140045;5.84;1;1.416
07140047;4.4;1;1.416
07140060;5.0;1;1.416
07140063;6.01;1;1.416
07140075;4.31;1;1.416
07140080;5.77;1;1.416
07140084;6.21;1;1.416
07140087;4.975;1;1.416
07140089;4.479;0;1.416
07140093;3.824;0;1.416
07140098;5.55;0;1.416
07140102;5.43;1;1.416
07140104;4.765;1;1.416
07140108;4.79;1;1.416
07140110;4.34;1;1.416
07140112;5.725;1;1.416
07140116;4.42;1;1.416
07140117;5.88;1;1.416
07140133;6.265;1;1.416
07140140;5.445;1;1.416
07140149;4.873;0;1.416
07140155;5.375;1;1.416
07140156;7.823;0;1.416
07140161;5.77;1;1.416
07140201;4.46;1;1.416
07140205;5.05;1;1.416
07141075;6.925;1;1.4554
07141002;6.405;1;1.4554
07141005;6.24;1;1.4554
07141014;6.34;1;1.4554
07141021;4.76;1;1.4554
07141022;4.115;1;1.4554
07141029;6.87;1;1.4554
07141030;5.925;1;1.4554
07141038;5.885;1;1.4554
07141045;6.11;1;1.4554
07141049;6.94;1;1.4554
07141052;6.7;1;1.4554
07141053;5.79;1;1.4554
07141057;6.37;1;1.4554
07141059;5.59;1;1.4554
07141061;5.95;1;1.4554
07141062;5.52;1;1.4554
07141064;4.2;1;1.4554
07141076;5.28;1;1.4554
07141077;5.33;1;1.4554
07141124;5.33;1;1.4554
07141130;5.59;1;1.4554
07141133;4.26;1;1.4554
07141503;6.18;1;1.4554
07141009;4.35;1;1.4554
07141012;5.715;1;1.4554
07141015;5.31;1;1.4554
07141019;6.505;1;1.4554
07141035;3.678;0;1.4554
07141037;6.415;1;1.4554
07141040;5.823;0;1.4554
07141047;5.705;1;1.4554
07141055;4.16;1;1.4554
07141060;5.375;1;1.4554
07141063;5.66;1;1.4554
07141067;3.37;1;1.4554
07141070;4.3;1;1.4554
07141078;4.53;1;1.4554
07141080;6.688;0;1.4554
07141084;4.2;1;1.4554
07141085;5.36;1;1.4554
07141092;6.37;1;1.4554
07141094;3.5;1;1.4554
07141097;3.01;1;1.4554
07141100;9.293;0;1.4554
07141104;4.91;1;1.4554
07141105;4.925;1;1.4554
07141107;5.555;1;1.4554
07141110;5.265;0;1.4554
07141116;5.24;1;1.4554
07141120;4.75;1;1.4554
07141131;5.62;1;1.4554
07141137;4.56;1;1.4554
07141140;4.28;0;1.4554
07141502;4.18;1;1.4554
07141016;5.21;1;1.4554
07141023;4.98;1;1.4554
07141024;4.72;1;1.4554
07141031;5.67;1;1.4554
07141042;5.755;1;1.4554
07141066;5.595;1;1.4554
07141069;5.23;1;1.4554
07141072;4.54;1;1.4554
07141079;5.59;1;1.4554
07141083;4.641;0;1.4554
07141099;4.33;1;1.4554
07141108;5.205;1;1.4554
07141109;4.465;1;1.4554
07141112;4.14;1;1.4554
07141114;4.6;1;1.4554
07141115;3.831;0;1.4554
07141121;5.2;1;1.4554
07141122;5.09;0;1.4554
07141136;4.835;1;1.4554
07141138;4.89;1;1.4554
07141501;5.76;1;1.4554
07141003;4.92;1;1.4554
07141006;6.3;1;1.4554
07141008;5.02;1;1.4554
07141025;5.415;1;1.4554
07141026;3.908;0;1.4554
07141027;5.36;1;1.4554
07141033;5.99;1;1.4554
07141041;6.135;1;1.4554
07141044;5.275;1;1.4554
07141046;4.63;1;1.4554
07141058;5.199;0;1.4554
07141071;4.995;1;1.4554
07141082;4.553;0;1.4554
07141086;5.78;1;1.4554
07141087;4.86;0;1.4554
07141091;5.71;1;1.4554
07141098;5.76;1;1.4554
07141103;5.545;1;1.4554
07141106;4.717;0;1.4554
07141111;5.055;1;1.4554
07141127;4.2;1;1.4554
07141128;3.76;1;1.4554
07141129;5.435;1;1.4554
07141132;4.62;1;1.4554
07141135;4.89;1;1.4554
07141139;5.21;1;1.4554
07141141;4.564;0;1.4554
07141201;5.59;1;1.4554
07141001;8.25;1;1.4554
07141010;4.98;1;1.4554
07141011;4.87;1;1.4554
07141013;4.78;1;1.4554
07141018;9.74;1;1.4554
07141020;5.155;1;1.4554
07141032;4.75;1;1.4554
07141034;5.33;1;1.4554
07141036;6.19;1;1.4554
07141039;5.276;0;1.4554
07141043;5.935;1;1.4554
07141050;4.605;1;1.4554
07141051;6.345;1;1.4554
07141054;5.14;1;1.4554
07141065;5.545;1;1.4554
07141068;5.89;1;1.4554
07141073;5.415;1;1.4554
07141074;6.38;1;1.4554
07141081;3.89;1;1.4554
07141088;5.013;0;1.4554
07141089;4.91;1;1.4554
07141093;4.97;1;1.4554
07141095;5.885;1;1.4554
07141096;3.94;0;1.4554
07141101;4.728;0;1.4554
07141102;5.66;1;1.4554
07141113;5.945;1;1.4554
07141117;6.55;1;1.4554
07141118;5.462;0;1.4554
07141125;5.095;1;1.4554
07141126;4.96;1;1.4554
07143206;6.5;1;1.3895
07143211;4.92;1;1.3895
07143216;5.095;1;1.3895
07143222;4.675;1;1.3895
07143227;8.355;1;1.3895
07143231;7.885;1;1.3895
07143234;5.485;1;1.3895
07143243;5.13;1;1.3895
07143248;4.915;1;1.3895
07143253;5.495;1;1.3895
07143255;5.165;1;1.3895
07143264;5.555;1;1.3895
07143270;4.555;1;1.3895
07143277;4.105;1;1.3895
07143279;5.625;1;1.3895
07143280;5.345;1;1.3895
07143297;5.34;1;1.3895
07143300;5.37;1;1.3895
07143202;6.08;1;1.3895
07143204;4.315;1;1.3895
07143205;5.725;1;1.3895
07143212;5.26;1;1.3895
07143215;5.945;1;1.3895
07143223;5.89;1;1.3895
07143225;6.88;1;1.3895
07143229;6.775;1;1.3895
07143235;5.655;1;1.3895
07143236;4.64;1;1.3895
07143240;4.765;0;1.3895
07143241;5.365;1;1.3895
07143250;5.255;1;1.3895
07143252;4.08;1;1.3895
07143257;5.315;1;1.3895
07143258;4.69;1;1.3895
07143259;4.855;1;1.3895
07143260;5.24;1;1.3895
07143261;5.18;1;1.3895
07143262;5.095;1;1.3895
07143265;5.565;1;1.3895
07143267;6.55;1;1.3895
07143268;5.505;1;1.3895
07143269;5.82;1;1.3895
07143276;5.8;1;1.3895
07143287;5.57;1;1.3895
07143294;5.15;1;1.3895
07143296;4.75;1;1.3895
07143299;5.38;1;1.3895
07143301;5.48;1;1.3895
07143306;4.732;0;1.3895
07143310;4.655;1;1.3895
07143313;5.01;1;1.3895
07143030;5.305;1;1.3895
07143031;5.96;1;1.3895
07143032;6.395;1;1.3895
07143040;5.77;1;1.3895
07143005;7.48;1;1.3895
07143008;5.64;1;1.3895
07143013;6.12;1;1.3895
07143020;5.65;1;1.3895
07143021;5.125;1;1.3895
07143023;6.415;1;1.3895
07143024;5.775;1;1.3895
07143026;5.56;1;1.3895
07143027;6.45;1;1.3895
07143033;5.97;1;1.3895
07143034;6.545;1;1.3895
07143036;5.56;1;1.3895
07143039;6.625;1;1.3895
07143048;7.72;1;1.3895
07143051;6.175;1;1.3895
07143052;6.99;1;1.3895
07143053;6.195;1;1.3895
07143054;5.845;1;1.3895
07143055;6.595;1;1.3895
07143057;6.51;1;1.3895
07143065;6.035;1;1.3895
07143071;6.75;1;1.3895
07143072;5.825;1;1.3895
07143077;6.33;1;1.3895
07143079;6.45;1;1.3895
07143001;5.08;1;1.3895
07143006;6.165;1;1.3895
07143007;4.665;1;1.3895
07143009;5.64;1;1.3895
07143038;4.78;1;1.3895
07143050;5.65;1;1.3895
07143059;5.445;1;1.3895
07143062;6.95;1;1.3895
07143068;5.53;1;1.3895
07143082;5.097;0;1.3895
07143084;6.32;1;1.3895
07143214;4.62;1;1.3895
07143218;4.67;1;1.3895
07143237;5.005;1;1.3895
07143244;4.876;0;1.3895
07143245;4.3;1;1.3895
07143246;4.98;1;1.3895
07143256;5.495;1;1.3895
07143271;6.81;1;1.3895
07143272;5.185;0;1.3895
07143274;4.58;1;1.3895
07143278;4.621;0;1.3895
07143282;5.04;1;1.3895
07143283;6.29;1;1.3895
07143285;6.04;1;1.3895
07143286;5.595;1;1.3895
07143291;5.725;1;1.3895
07143292;5.275;1;1.3895
07143295;9.545;1;1.3895
07143302;4.843;0;1.3895
07143303;5.583;0;1.3895
07143309;5.4;1;1.3895
07143311;4.78;1;1.3895
07143315;5.92;1;1.3895
07143015;4.35;1;1.3895
07143018;7.255;1;1.3895
07143019;5.405;1;1.3895
07143022;5.9;1;1.3895
07143025;5.245;1;1.3895
07143029;6.145;1;1.3895
07143041;4.65;1;1.3895
07143044;5.105;1;1.3895
07143045;4.44;1;1.3895
07143046;5.25;1;1.3895
07143056;5.435;1;1.3895
07143061;4.905;1;1.3895
07143064;4.67;1;1.3895
07143066;6.075;1;1.3895
07143067;5.87;1;1.3895
07143069;4.87;1;1.3895
07143075;5.15;1;1.3895
07143078;5.135;1;1.3895
07143085;4.71;1;1.3895
07143221;5.13;0;1.3895
07143305;5.85;1;1.3895
07143011;5.85;1;1.3895
07143037;5.835;1;1.3895
07143058;5.595;1;1.3895
07143074;5.985;1;1.3895
07143080;5.31;1;1.3895
07143203;6.45;1;1.3895
07143208;6.175;1;1.3895
07143210;5.54;1;1.3895
07143220;5.65;1;1.3895
07143232;5.43;1;1.3895
07143239;5.335;1;1.3895
07143251;4.47;1;1.3895
07143263;5.64;1;1.3895
07143266;4.71;1;1.3895
07143273;5.915;1;1.3895
07143281;5.185;1;1.3895
07143290;4.59;1;1.3895
07143304;5.825;1;1.3895
07143316;6.401;0;1.3895
07143501;5.75;1;1.3895
07143502;4.345;0;1.3895
07143200;7.385;1;1.3895
07143207;5.55;1;1.3895
07143209;6.35;1;1.3895
07143213;5.775;1;1.3895
07143219;5.41;1;1.3895
07143224;6.015;1;1.3895
07143226;4.76;1;1.3895
07143228;5.895;1;1.3895
07143230;7.06;1;1.3895
07143233;4.6;1;1.3895
07143238;6.125;1;1.3895
07143242;6.165;1;1.3895
07143247;5.045;1;1.3895
07143249;5.7;1;1.3895
07143254;5.445;1;1.3895
07143284;6.39;1;1.3895
07143288;6.395;1;1.3895
07143289;5.02;1;1.3895
07143293;6.755;1;1.3895
07143298;5.325;1;1.3895
07143307;5.045;1;1.3895
07143308;6.245;1;1.3895
07143312;5.54;1;1.3895
07143314;6.3;1;1.3895
07143003;6.455;1;1.3895
07143010;6.06;1;1.3895
07143012;5.88;1;1.3895
07143028;5.84;1;1.3895
07143042;6.29;1;1.3895
07143047;5.82;1;1.3895
07143049;6.18;1;1.3895
07143060;5.595;1;1.3895
07143070;6.575;1;1.3895
07143073;6.405;1;1.3895
07143081;6.7;1;1.3895
07143275;5.683;0;1.3895
07211000;8.74;1;1.2952
07231134;7.07;1;1.3615
07231502;5.4;1;1.3615
07231008;6.575;1;1.3615
07231012;6.365;1;1.3615
07231016;5.75;1;1.3615
07231030;5.11;1;1.3615
07231040;5.66;1;1.3615
07231041;5.505;1;1.3615
07231056;4.819;0;1.3615
07231066;5.42;1;1.3615
07231070;4.19;1;1.3615
07231071;4.84;1;1.3615
07231075;6.405;1;1.3615
07231076;6.155;1;1.3615
07231077;5.4;1;1.3615
07231081;5.245;1;1.3615
07231086;6.085;1;1.3615
07231087;5.095;1;1.3615
07231090;6.06;1;1.3615
07231092;5.56;1;1.3615
07231105;6.07;1;1.3615
07231125;5.735;1;1.3615
07231126;5.855;1;1.3615
07231133;4.73;1;1.3615
07231136;6.15;1;1.3615
07231006;4.76;1;1.3615
07231017;4.41;1;1.3615
07231018;6.48;1;1.3615
07231019;4.045;0;1.3615
07231035;4.464;0;1.3615
07231054;4.852;0;1.3615
07231058;5.91;1;1.3615
07231064;6.64;1;1.3615
07231078;4.68;0;1.3615
07231079;4.935;1;1.3615
07231083;5.078;0;1.3615
07231093;4.109;0;1.3615
07231115;5.31;1;1.3615
07231122;4.76;1;1.3615
07231123;6.045;1;1.3615
07231202;4.045;0;1.3615
07231203;4.637;0;1.3615
07231204;5.32;1;1.3615
07231001;5.585;1;1.3615
07231003;5.805;1;1.3615
07231007;5.975;1;1.3615
07231009;5.93;1;1.3615
07231010;5.26;1;1.3615
07231013;5.595;1;1.3615
07231021;7.25;1;1.3615
07231022;9.45;1;1.3615
07231023;6.218;0;1.3615
07231024;5.99;1;1.3615
07231025;5.725;1;1.3615
07231026;5.525;1;1.3615
07231031;5.695;1;1.3615
07231036;4.776;0;1.3615
07231037;5.475;1;1.3615
07231044;6.67;0;1.3615
07231046;5.49;1;1.3615
07231049;6.98;1;1.3615
07231050;5.15;1;1.3615
07231051;7.885;0;1.3615
07231053;7.505;1;1.3615
07231062;5.5;1;1.3615
07231065;4.37;1;1.3615
07231069;5.74;1;1.3615
07231074;5.56;1;1.3615
07231080;5.55;1;1.3615
07231082;5.89;1;1.3615
07231085;5.53;1;1.3615
07231091;6.035;0;1.3615
07231095;4.4;1;1.3615
07231096;4.75;1;1.3615
07231100;5.46;1;1.3615
07231101;3.66;1;1.3615
07231103;5.475;1;1.3615
07231104;4.948;0;1.3615
07231107;5.97;1;1.3615
07231108;5.385;1;1.3615
07231111;6.035;1;1.3615
07231113;6.225;1;1.3615
07231114;5.41;1;1.3615
07231117;5.39;1;1.3615
07231127;5.91;1;1.3615
07231503;6.08;1;1.3615
07231504;4.7;1;1.3615
07231004;6.31;1;1.3615
07231005;5.04;1;1.3615
07231014;4.55;1;1.3615
07231020;5.96;0;1.3615
07231029;5.025;1;1.3615
07231033;6.21;1;1.3615
07231057;4.525;1;1.3615
07231067;5.555;1;1.3615
07231068;5.95;1;1.3615
07231072;5.72;1;1.3615
07231110;5.945;1;1.3615
07231120;6.15;1;1.3615
07231124;5.935;1;1.3615
07231132;8.81;0;1.3615
07231206;6.08;1;1.3615
07231501;4.295;1;1.3615
07232018;7.675;1;1.4043
07232201;6.395;1;1.4043
07232211;4.787;0;1.4043
07232212;6.745;1;1.4043
07232213;5.66;1;1.4043
07232214;6.835;1;1.4043
07232220;5.161;0;1.4043
07232221;4.091;0;1.4043
07232229;6.565;1;1.4043
07232233;6.211;0;1.4043
07232234;6.505;1;1.4043
07232245;7.615;1;1.4043
07232246;4.75;1;1.4043
07232247;5.04;1;1.4043
07232248;6.222;0;1.4043
07232253;4.28;1;1.4043
07232254;4.995;1;1.4043
07232255;5.397;0;1.4043
07232258;4.44;1;1.4043
07232259;5.55;1;1.4043
07232260;5.69;1;1.4043
07232261;4.583;0;1.4043
07232262;4.93;1;1.4043
07232263;4.43;1;1.4043
07232264;5.622;0;1.4043
07232285;4.87;1;1.4043
07232287;5.03;1;1.4043
07232291;3.866;0;1.4043
07232293;6.2;1;1.4043
07232294;4.166;0;1.4043
07232301;6.735;0;1.4043
07232310;5.868;0;1.4043
07232315;5.151;0;1.4043
07232322;5.615;1;1.4043
07232333;4.12;1;1.4043
07232002;7.585;1;1.4043
07232003;5.472;0;1.4043
07232005;3.92;1;1.4043
07232008;6.31;1;1.4043
07232011;4.476;0;1.4043
07232016;5.98;1;1.4043
07232019;8.32;1;1.4043
07232025;8.79;1;1.4043
07232028;9.65;1;1.4043
07232033;7.21;1;1.4043
07232037;6.685;1;1.4043
07232038;3.759;0;1.4043
07232040;6.99;1;1.4043
07232041;7.175;0;1.4043
07232042;6.628;0;1.4043
07232049;5.568;0;1.4043
07232053;6.24;1;1.4043
07232054;6.73;1;1.4043
07232056;5.73;1;1.4043
07232059;8.08;1;1.4043
07232063;7.82;1;1.4043
07232064;5.12;1;1.4043
07232065;5.782;0;1.4043
07232066;6.564;0;1.4043
07232067;7.095;1;1.4043
07232068;6.232;0;1.4043
07232069;4.5;1;1.4043
07232072;4.91;1;1.4043
07232078;6.26;1;1.4043
07232080;5.76;1;1.4043
07232082;7.87;1;1.4043
07232088;5.82;1;1.4043
07232089;5.558;0;1.4043
07232090;5.74;0;1.4043
07232093;7.55;1;1.4043
07232095;5.1;1;1.4043
07232096;5.161;0;1.4043
07232102;5.105;1;1.4043
07232103;5.61;1;1.4043
07232106;5.01;1;1.4043
07232108;6.37;1;1.4043
07232110;6.521;0;1.4043
07232112;8.76;1;1.4043
07232114;7.15;1;1.4043
07232117;4.508;0;1.4043
07232122;6.53;1;1.4043
07232128;6.76;1;1.4043
07232131;6.49;1;1.4043
07232132;4.358;0;1.4043
07232138;5.986;0;1.4043
07232218;6.14;1;1.4043
07232225;6.8;1;1.4043
07232202;5.295;1;1.4043
07232206;5.685;1;1.4043
07232207;4.797;0;1.4043
07232208;4.21;1;1.4043
07232209;5.905;1;1.4043
07232216;4.187;0;1.4043
07232222;5.51;1;1.4043
07232223;5.965;1;1.4043
07232224;5.429;0;1.4043
07232226;5.665;1;1.4043
07232227;4.29;1;1.4043
07232230;5.301;0;1.4043
07232231;5.435;1;1.4043
07232236;3.737;0;1.4043
07232238;4.829;0;1.4043
07232250;5.6;1;1.4043
07232256;5.935;1;1.4043
07232266;7.11;0;1.4043
07232271;3.641;0;1.4043
07232272;6.69;1;1.4043
07232279;4.326;0;1.4043
07232280;9.509;0;1.4043
07232283;4.9;1;1.4043
07232284;6.768;0;1.4043
07232288;5.51;1;1.4043
07232290;6.275;1;1.4043
07232292;4.069;0;1.4043
07232295;5.705;1;1.4043
07232296;6.8;1;1.4043
07232300;5.16;1;1.4043
07232302;4.32;1;1.4043
07232304;5.925;1;1.4043
07232305;5.16;1;1.4043
07232307;4.48;1;1.4043
07232308;4.273;0;1.4043
07232318;4.37;1;1.4043
07232320;6.005;1;1.4043
07232321;5.325;1;1.4043
07232328;2.677;0;1.4043
07232329;4.545;1;1.4043
07232332;3.4;1;1.4043
07232006;4.915;0;1.4043
07232010;5.755;1;1.4043
07232050;6.04;1;1.4043
07232055;6.4;1;1.4043
07232104;11.16;1;1.4043
07232107;6.04;1;1.4043
07232123;5.86;1;1.4043
07232289;5.305;1;1.4043
07232311;6.555;1;1.4043
07232007;7.575;1;1.4043
07232009;5.61;1;1.4043
07232013;5.565;1;1.4043
07232014;5.965;1;1.4043
07232015;5.695;1;1.4043
07232017;5.45;1;1.4043
07232020;5.911;0;1.4043
07232024;6.48;1;1.4043
07232026;6.375;1;1.4043
07232027;5.36;1;1.4043
07232029;10.89;1;1.4043
07232030;6.255;1;1.4043
07232032;4.401;0;1.4043
07232034;7.85;1;1.4043
07232039;5.61;1;1.4043
07232043;5.04;1;1.4043
07232044;6.78;1;1.4043
07232045;8.65;1;1.4043
07232046;12.004;0;1.4043
07232048;3.812;0;1.4043
07232057;4.54;1;1.4043
07232058;4.85;1;1.4043
07232060;5.635;1;1.4043
07232061;6.62;1;1.4043
07232062;6.35;1;1.4043
07232070;5.4;1;1.4043
07232071;4.96;1;1.4043
07232074;4.39;0;1.4043
07232075;4.78;1;1.4043
07232076;4.83;1;1.4043
07232077;6.31;1;1.4043
07232079;6.09;1;1.4043
07232081;5.125;1;1.4043
07232083;7.885;1;1.4043
07232086;5.27;1;1.4043
07232087;5.145;1;1.4043
07232091;27.295;1;1.4043
07232092;4.305;0;1.4043
07232097;5.451;0;1.4043
07232098;5.79;1;1.4043
07232099;5.99;1;1.4043
07232100;4.348;0;1.4043
07232101;5.255;1;1.4043
07232105;4.945;1;1.4043
07232109;5.995;1;1.4043
07232111;5.055;1;1.4043
07232113;4.862;0;1.4043
07232115;5.311;0;1.4043
07232118;5.98;1;1.4043
07232119;5.17;1;1.4043
07232120;4.99;0;1.4043
07232124;6.8;1;1.4043
07232125;4.345;1;1.4043
07232126;5.255;1;1.4043
07232133;5.258;0;1.4043
07232134;5.53;1;1.4043
07232135;4.87;1;1.4043
07232137;6.86;1;1.4043
07232203;5.91;1;1.4043
07232210;5.985;1;1.4043
07232228;4.945;1;1.4043
07232273;6.62;1;1.4043
07232282;5.58;1;1.4043
07232306;4.83;1;1.4043
07232313;6.05;0;1.4043
07232331;4.79;1;1.4043
07232501;5.975;1;1.4043
07232502;4.28;1;1.4043
07233006;4.745;1;1.4305
07233008;3.85;1;1.4305
07233011;4.76;1;1.4305
07233014;5.615;1;1.4305
07233016;4.263;0;1.4305
07233017;5.43;1;1.4305
07233018;5.405;1;1.4305
07233020;5.49;1;1.4305
07233021;4.565;1;1.4305
07233027;5.37;1;1.4305
07233030;4.64;1;1.4305
07233031;4.629;0;1.4305
07233034;4.91;1;1.4305
07233039;5.585;1;1.4305
07233040;4.575;0;1.4305
07233042;5.1;1;1.4305
07233043;5.611;0;1.4305
07233046;4.185;1;1.4305
07233049;5.15;1;1.4305
07233052;4.845;1;1.4305
07233055;4.316;0;1.4305
07233061;5.54;1;1.4305
07233063;5.82;1;1.4305
07233064;4.825;1;1.4305
07233065;5.84;1;1.4305
07233067;4.511;0;1.4305
07233068;3.81;1;1.4305
07233070;5.09;1;1.4305
07233071;3.76;1;1.4305
07233074;4.545;1;1.4305
07233075;5.205;1;1.4305
07233077;5.5;1;1.4305
07233079;4.3;1;1.4305
07233081;4.705;1;1.4305
07233084;4.44;1;1.4305
07233501;6.22;1;1.4305
07233003;4.522;0;1.4305
07233010;4.435;0;1.4305
07233032;5.147;0;1.4305
07233037;5.061;0;1.4305
07233048;5.05;0;1.4305
07233201;4.878;0;1.4305
07233202;4.565;0;1.4305
07233203;4.66;1;1.4305
07233205;4.597;0;1.4305
07233206;5.28;1;1.4305
07233207;3.971;0;1.4305
07233208;8.57;1;1.4305
07233210;5.395;1;1.4305
07233212;6.25;1;1.4305
07233213;4.86;1;1.4305
07233215;5.46;1;1.4305
07233216;3.874;0;1.4305
07233217;4.446;0;1.4305
07233218;5.705;1;1.4305
07233220;4.263;0;1.4305
07233221;5.396;0;1.4305
07233222;5.05;0;1.4305
07233224;6.26;1;1.4305
07233225;2.85;1;1.4305
07233226;4.511;0;1.4305
07233230;3.68;0;1.4305
07233233;5.352;0;1.4305
07233234;5.545;1;1.4305
07233236;5.45;0;1.4305
07233242;4.41;1;1.4305
07233243;4.651;0;1.4305
07233244;8.58;1;1.4305
07233002;5.881;0;1.4305
07233004;4.63;1;1.4305
07233005;5.495;1;1.4305
07233007;5.57;1;1.4305
07233019;4.608;0;1.4305
07233022;4.01;1;1.4305
07233023;5.266;0;1.4305
07233026;6.14;1;1.4305
07233028;5.66;1;1.4305
07233029;5.765;1;1.4305
07233033;6.49;1;1.4305
07233035;5.345;1;1.4305
07233036;4.815;1;1.4305
07233038;4.795;1;1.4305
07233041;5.195;1;1.4305
07233050;5.05;1;1.4305
07233053;4.44;1;1.4305
07233054;5.54;1;1.4305
07233056;5.7;1;1.4305
07233058;5.39;1;1.4305
07233060;4.37;1;1.4305
07233076;4.455;1;1.4305
07233080;5.145;1;1.4305
07233083;5.37;1;1.4305
07233204;5.3;1;1.4305
07233209;4.36;1;1.4305
07233211;4.165;0;1.4305
07233214;4.95;1;1.4305
07233219;4.85;1;1.4305
07233223;4.7;1;1.4305
07233227;4.58;1;1.4305
07233229;5.72;1;1.4305
07233232;4.505;1;1.4305
07233235;5.55;1;1.4305
07233237;5.169;0;1.4305
07233239;4.63;1;1.4305
07233240;5.23;1;1.4305
07233241;5.73;1;1.4305
07235005;4.67;1;1.3358
07235008;5.79;1;1.3358
07235014;4.715;1;1.3358
07235030;5.15;1;1.3358
07235035;5.345;1;1.3358
07235036;5.925;1;1.3358
07235045;6.1;1;1.3358
07235047;4.101;0;1.3358
07235092;4.58;1;1.3358
07235093;5.17;1;1.3358
07235112;5.07;1;1.3358
07235114;6.065;1;1.3358
07235153;5.445;1;1.3358
07235055;6.68;1;1.3358
07235068;7.505;1;1.3358
07235095;8.875;1;1.3358
07235096;7.81;1;1.3358
07235101;7.6;1;1.3358
07235106;6.945;1;1.3358
07235132;7.23;1;1.3358
07235133;8.075;1;1.3358
07235143;7.18;1;1.3358
07235144;6.46;1;1.3358
07235146;7.6;1;1.3358
07235148;6.235;1;1.3358
07235010;6.17;1;1.3358
07235021;6.815;1;1.3358
07235037;6.615;1;1.3358
07235038;7.35;1;1.3358
07235044;9.95;1;1.3358
07235046;6.802;0;1.3358
07235050;5.945;1;1.3358
07235056;6.78;1;1.3358
07235070;7.675;1;1.3358
07235080;5.765;1;1.3358
07235085;8.02;1;1.3358
07235090;6.585;1;1.3358
07235100;5.576;0;1.3358
07235103;6.3;1;1.3358
07235107;7.685;1;1.3358
07235116;7.205;1;1.3358
07235124;6.64;1;1.3358
07235129;5.68;1;1.3358
07235135;7.53;1;1.3358
07235141;7.055;1;1.3358
07235004;6.785;1;1.3358
07235015;6.085;1;1.3358
07235019;6.935;1;1.3358
07235022;6.935;1;1.3358
07235026;6.615;1;1.3358
07235060;7.555;1;1.3358
07235063;6.61;1;1.3358
07235067;5.95;1;1.3358
07235074;7.595;1;1.3358
07235077;5.715;1;1.3358
07235078;7.47;1;1.3358
07235083;6.785;1;1.3358
07235091;4.895;1;1.3358
07235108;6.89;1;1.3358
07235115;7.56;1;1.3358
07235120;7.257;0;1.3358
07235125;8.24;1;1.3358
07235134;5.76;1;1.3358
07235207;6.51;1;1.3358
07235001;7.19;1;1.3358
07235027;7.17;1;1.3358
07235048;6.635;1;1.3358
07235051;7.75;1;1.3358
07235069;6.715;1;1.3358
07235073;8.54;1;1.3358
07235094;7.315;1;1.3358
07235111;7.035;1;1.3358
07235137;7.795;1;1.3358
07235151;6.01;1;1.3358
07235501;6.125;1;1.3358
07235002;7.89;1;1.3358
07235003;6.0;1;1.3358
07235025;7.38;1;1.3358
07235028;6.565;1;1.3358
07235033;5.41;1;1.3358
07235040;6.2;1;1.3358
07235043;5.835;1;1.3358
07235052;5.695;1;1.3358
07235057;5.294;0;1.3358
07235058;5.935;1;1.3358
07235062;7.82;1;1.3358
07235072;6.995;1;1.3358
07235081;4.815;1;1.3358
07235082;6.823;0;1.3358
07235098;6.37;1;1.3358
07235104;8.535;1;1.3358
07235105;6.78;1;1.3358
07235118;7.42;1;1.3358
07235119;5.68;1;1.3358
07235122;6.42;1;1.3358
07235123;5.75;0;1.3358
07235126;6.18;1;1.3358
07235131;4.895;1;1.3358
07235136;6.24;1;1.3358
07235140;5.205;1;1.3358
07235142;5.275;1;1.3358
07235149;8.865;1;1.3358
07235152;5.825;1;1.3358
07235154;7.145;1;1.3358
07311000;7.94;1;1.3627
07312000;8.01;1;1.3009
07313000;8.85;1;1.2271
07314000;8.365;1;1.3473
07315000;11.28;1;1.2606
07316000;7.82;1;1.3312
07317000;5.275;1;1.3213
07318000;8.385;1;1.2904
07319000;7.99;1;1.2791
07320000;5.81;1;1.2874
07331003;7.225;1;1.3837
07331001;7.115;1;1.3837
07331005;5.865;1;1.3837
07331007;6.62;1;1.3837
07331008;6.745;1;1.3837
07331010;6.365;1;1.3837
07331012;6.93;1;1.3837
07331014;4.309;0;1.3837
07331020;5.78;1;1.3837
07331021;6.64;1;1.3837
07331022;6.077;0;1.3837
07331024;6.445;1;1.3837
07331025;7.145;1;1.3837
07331026;6.35;1;1.3837
07331027;6.215;1;1.3837
07331031;6.35;1;1.3837
07331032;7.3;1;1.3837
07331042;6.64;1;1.3837
07331043;7.065;1;1.3837
07331044;5.94;1;1.3837
07331050;5.815;1;1.3837
07331051;5.1;1;1.3837
07331052;6.9;1;1.3837
07331053;5.49;1;1.3837
07331067;6.48;1;1.3837
07331002;7.01;1;1.3837
07331018;6.37;1;1.3837
07331034;6.615;1;1.3837
07331038;6.11;1;1.3837
07331045;7.12;1;1.3837
07331023;7.355;1;1.3837
07331041;5.345;1;1.3837
07331046;11.24;1;1.3837
07331047;7.44;1;1.3837
07331048;7.395;1;1.3837
07331054;6.6;1;1.3837
07331066;6.815;1;1.3837
07331017;5.83;1;1.3837
07331030;6.87;1;1.3837
07331035;7.185;1;1.3837
07331060;5.855;1;1.3837
07331062;5.595;1;1.3837
07331070;5.485;1;1.3837
07331072;6.925;1;1.3837
07331075;6.075;1;1.3837
07331004;6.69;1;1.3837
07331019;7.56;1;1.3837
07331029;7.39;1;1.3837
07331033;6.5;1;1.3837
07331056;7.62;1;1.3837
07331058;8.27;1;1.3837
07331059;7.705;1;1.3837
07331061;7.185;1;1.3837
07331063;7.8;1;1.3837
07331064;7.465;1;1.3837
07331065;7.165;1;1.3837
07331068;7.375;1;1.3837
07331073;7.965;1;1.3837
07331006;7.775;1;1.3837
07331009;6.96;1;1.3837
07331011;7.03;1;1.3837
07331015;6.495;1;1.3837
07331028;5.458;0;1.3837
07331036;6.145;1;1.3837
07331037;6.675;1;1.3837
07331039;6.21;1;1.3837
07331049;5.84;1;1.3837
07331055;7.56;1;1.3837
07331071;7.54;1;1.3837
07332002;8.335;1;1.3583
07332024;7.57;1;1.3583
07332025;7.34;1;1.3583
07332009;8.05;1;1.3583
07332017;8.17;1;1.3583
07332035;7.29;1;1.3583
07332039;7.22;1;1.3583
07332043;7.82;1;1.3583
07332005;7.3;1;1.3583
07332008;7.7;1;1.3583
07332015;7.92;1;1.3583
07332019;7.85;1;1.3583
07332026;6.98;1;1.3583
07332028;7.3;1;1.3583
07332049;7.64;1;1.3583
07332050;7.685;1;1.3583
07332014;5.46;1;1.3583
07332016;5.685;1;1.3583
07332018;5.685;1;1.3583
07332032;6.545;1;1.3583
07332034;7.045;1;1.3583
07332037;5.24;1;1.3583
07332048;5.7;1;1.3583
07332013;6.73;1;1.3583
07332020;7.685;1;1.3583
07332022;7.795;1;1.3583
07332046;8.005;1;1.3583
07332001;5.75;1;1.3583
07332003;5.92;1;1.3583
07332004;6.302;0;1.3583
07332006;7.07;1;1.3583
07332007;6.06;1;1.3583
07332010;6.98;1;1.3583
07332012;6.495;1;1.3583
07332021;7.035;1;1.3583
07332023;7.15;1;1.3583
07332027;6.375;1;1.3583
07332029;7.125;1;1.3583
07332030;8.035;1;1.3583
07332031;6.925;1;1.3583
07332033;6.135;1;1.3583
07332036;8.01;1;1.3583
07332038;6.635;1;1.3583
07332040;7.24;1;1.3583
07332041;6.435;1;1.3583
07332042;6.82;1;1.3583
07332044;6.68;1;1.3583
07332047;6.135;1;1.3583
07333019;6.665;1;1.49
07333038;6.215;1;1.49
07333060;6.23;1;1.49
07333001;6.16;1;1.49
07333006;4.545;1;1.49
07333012;5.61;1;1.49
07333017;5.59;1;1.49
07333018;5.535;1;1.49
07333026;6.84;1;1.49
07333041;5.35;1;1.49
07333058;6.32;1;1.49
07333064;7.185;1;1.49
07333074;5.47;1;1.49
07333081;5.425;1;1.49
07333501;5.6;1;1.49
07333005;8.3;1;1.49
07333007;6.12;1;1.49
07333010;6.495;1;1.49
07333013;5.57;1;1.49
07333022;5.82;1;1.49
07333031;5.015;1;1.49
07333035;5.316;0;1.49
07333039;6.865;1;1.49
07333040;5.155;1;1.49
07333045;5.9;1;1.49
07333046;4.16;1;1.49
07333047;5.32;1;1.49
07333056;6.63;1;1.49
07333057;6.04;1;1.49
07333062;6.5;1;1.49
07333076;6.705;1;1.49
07333009;5.785;1;1.49
07333011;6.335;1;1.49
07333020;5.558;0;1.49
07333027;5.315;1;1.49
07333030;5.92;1;1.49
07333033;5.895;1;1.49
07333042;5.34;1;1.49
07333048;6.245;1;1.49
07333069;6.25;1;1.49
07333071;4.89;1;1.49
07333075;4.85;1;1.49
07333080;5.745;1;1.49
07333503;5.98;1;1.49
07333003;5.125;1;1.49
07333004;4.339;0;1.49
07333008;4.09;1;1.49
07333014;4.75;1;1.49
07333016;4.372;0;1.49
07333021;3.71;1;1.49
07333023;5.03;1;1.49
07333024;6.22;1;1.49
07333025;4.29;1;1.49
07333028;4.88;1;1.49
07333034;5.26;1;1.49
07333036;4.811;0;1.49
07333037;4.815;1;1.49
07333043;5.01;1;1.49
07333049;5.605;1;1.49
07333050;4.273;0;1.49
07333051;4.415;1;1.49
07333053;3.888;0;1.49
07333054;5.145;1;1.49
07333055;5.15;1;1.49
07333061;4.723;0;1.49
07333065;5.595;1;1.49
07333066;5.48;1;1.49
07333067;4.877;0;1.49
07333068;5.887;0;1.49
07333072;6.546;0;1.49
07333073;5.67;1;1.49
07333078;4.58;0;1.49
07333079;4.42;1;1.49
07333083;6.75;1;1.49
07333084;5.4;1;1.49
07333201;3.537;0;1.49
07333202;4.712;0;1.49
07333203;4.47;1;1.49
07333502;6.035;1;1.49
07334007;8.775;1;1.3412
07334501;8.41;1;1.3412
07334001;7.455;1;1.3412
07334014;6.135;1;1.3412
07334023;6.33;1;1.3412
07334036;7.71;1;1.3412
07334002;6.97;1;1.3412
07334008;7.655;1;1.3412
07334021;7.42;1;1.3412
07334027;6.025;1;1.3412
07334009;6.98;1;1.3412
07334012;8.24;1;1.3412
07334022;6.77;1;1.3412
07334024;7.44;1;1.3412
07334004;7.365;1;1.3412
07334005;5.575;1;1.3412
07334013;8.055;1;1.3412
07334020;7.485;1;1.3412
07334030;6.64;1;1.3412
07334031;6.38;1;1.3412
07334034;6.085;1;1.3412
07334006;5.915;1;1.3412
07334017;7.415;1;1.3412
07334018;7.14;1;1.3412
07334028;7.79;1;1.3412
07334032;6.895;1;1.3412
07334033;6.195;1;1.3412
07334011;7.56;1;1.3412
07334015;7.52;1;1.3412
07334016;7.345;1;1.3412
07334025;7.81;1;1.3412
07335003;6.065;1;1.5215
07335011;5.51;1;1.5215
07335201;7.555;1;1.5215
07335202;5.62;1;1.5215
07335203;5.86;1;1.5215
07335004;6.255;1;1.5215
07335007;6.795;1;1.5215
07335010;4.995;1;1.5215
07335015;6.305;1;1.5215
07335026;6.21;1;1.5215
07335028;5.515;1;1.5215
07335048;5.44;1;1.5215
07335205;6.645;1;1.5215
07335016;6.855;1;1.5215
07335020;6.49;1;1.5215
07335030;6.72;1;1.5215
07335038;6.95;1;1.5215
07335044;6.03;1;1.5215
07335005;6.525;1;1.5215
07335006;5.67;1;1.5215
07335019;5.515;1;1.5215
07335024;7.0;1;1.5215
07335040;6.925;1;1.5215
07335043;6.35;1;1.5215
07335049;7.04;1;1.5215
07335501;5.63;1;1.5215
07335009;5.1;1;1.5215
07335013;6.96;1;1.5215
07335014;5.865;1;1.5215
07335017;6.15;1;1.5215
07335025;5.47;1;1.5215
07335029;4.845;1;1.5215
07335033;5.7;1;1.5215
07335034;6.99;1;1.5215
07335035;6.89;1;1.5215
07335041;5.65;1;1.5215
07335042;5.47;1;1.5215
07335046;5.6;1;1.5215
07335002;5.815;1;1.5215
07335012;6.4;1;1.5215
07335018;7.54;1;1.5215
07335021;5.835;1;1.5215
07335022;6.625;1;1.5215
07335023;5.465;1;1.5215
07335027;6.15;1;1.5215
07335031;5.802;0;1.5215
07335037;5.98;1;1.5215
07335045;6.155;1;1.5215
07335047;6.68;1;1.5215
07335204;5.96;1;1.5215
07336001;5.249;0;1.5062
07336005;4.96;1;1.5062
07336012;8.131;0;1.5062
07336013;4.1;1;1.5062
07336014;4.606;0;1.5062
07336019;4.22;1;1.5062
07336023;5.04;1;1.5062
07336029;5.55;1;1.5062
07336030;4.795;1;1.5062
07336033;4.64;1;1.5062
07336036;4.79;1;1.5062
07336038;5.08;1;1.5062
07336040;3.857;0;1.5062
07336042;5.91;1;1.5062
07336043;3.91;1;1.5062
07336044;5.806;0;1.5062
07336045;5.28;1;1.5062
07336048;5.3;1;1.5062
07336049;4.435;0;1.5062
07336050;4.96;0;1.5062
07336053;5.0;1;1.5062
07336057;3.471;0;1.5062
07336058;6.07;1;1.5062
07336060;5.885;1;1.5062
07336061;4.785;1;1.5062
07336062;4.939;0;1.5062
07336065;4.221;0;1.5062
07336069;4.68;1;1.5062
07336072;4.01;1;1.5062
07336073;4.495;1;1.5062
07336074;4.885;1;1.5062
07336075;6.86;1;1.5062
07336085;4.495;1;1.5062
07336086;6.556;0;1.5062
07336087;5.975;1;1.5062
07336090;5.205;1;1.5062
07336095;4.35;1;1.5062
07336104;3.889;0;1.5062
07336105;5.04;1;1.5062
07336004;4.58;1;1.5062
07336008;3.57;1;1.5062
07336010;5.175;1;1.5062
07336011;5.685;1;1.5062
07336016;5.315;1;1.5062
07336017;5.415;1;1.5062
07336027;4.57;1;1.5062
07336031;6.42;1;1.5062
07336032;5.825;1;1.5062
07336037;7.205;1;1.5062
07336041;6.24;1;1.5062
07336047;5.4;1;1.5062
07336054;4.83;1;1.5062
07336056;5.86;1;1.5062
07336064;5.345;1;1.5062
07336076;5.085;1;1.5062
07336082;4.47;1;1.5062
07336092;6.41;1;1.5062
07336096;5.105;1;1.5062
07336101;4.495;1;1.5062
07336102;6.38;1;1.5062
07336107;5.77;1;1.5062
07336501;6.485;1;1.5062
07336002;4.564;0;1.5062
07336003;6.15;1;1.5062
07336006;5.235;1;1.5062
07336009;4.2;1;1.5062
07336015;4.928;0;1.5062
07336018;5.131;0;1.5062
07336021;5.292;0;1.5062
07336022;5.22;1;1.5062
07336024;4.895;1;1.5062
07336025;5.57;1;1.5062
07336034;4.715;1;1.5062
07336039;5.585;1;1.5062
07336046;5.23;1;1.5062
07336051;5.51;1;1.5062
07336052;5.155;1;1.5062
07336055;5.495;1;1.5062
07336066;4.29;1;1.5062
07336067;5.39;1;1.5062
07336068;5.345;1;1.5062
07336070;4.242;0;1.5062
07336071;6.78;1;1.5062
07336077;5.115;1;1.5062
07336079;4.9;1;1.5062
07336081;4.082;0;1.5062
07336084;5.98;1;1.5062
07336088;5.08;1;1.5062
07336089;4.68;1;1.5062
07336091;3.91;1;1.5062
07336094;4.585;0;1.5062
07336097;4.43;1;1.5062
07336098;5.32;1;1.5062
07336099;4.39;1;1.5062
07336103;4.499;0;1.5062
07336106;5.595;1;1.5062
07337001;6.345;1;1.3613
07337017;6.915;1;1.3613
07337024;6.855;1;1.3613
07337033;5.685;1;1.3613
07337054;5.244;0;1.3613
07337064;7.595;1;1.3613
07337067;6.78;1;1.3613
07337074;5.51;1;1.3613
07337078;5.925;1;1.3613
07337080;6.65;1;1.3613
07337081;6.245;1;1.3613
07337083;7.6;1;1.3613
07337501;6.575;1;1.3613
07337005;7.655;1;1.3613
07337006;6.295;1;1.3613
07337008;6.34;1;1.3613
07337013;18.5;1;1.3613
07337018;6.22;1;1.3613
07337019;6.04;1;1.3613
07337029;5.76;1;1.3613
07337037;7.585;1;1.3613
07337045;6.995;1;1.3613
07337046;4.91;1;1.3613
07337049;6.96;1;1.3613
07337055;5.355;1;1.3613
07337056;6.14;1;1.3613
07337058;6.995;1;1.3613
07337059;6.46;1;1.3613
07337060;5.1;0;1.3613
07337062;7.74;1;1.3613
07337071;5.93;1;1.3613
07337072;6.035;1;1.3613
07337076;6.635;1;1.3613
07337079;6.33;1;1.3613
07337002;7.525;1;1.3613
07337011;7.055;1;1.3613
07337015;7.44;1;1.3613
07337020;8.05;1;1.3613
07337021;7.46;1;1.3613
07337025;6.18;1;1.3613
07337027;6.295;1;1.3613
07337028;7.15;1;1.3613
07337032;6.545;1;1.3613
07337035;7.84;1;1.3613
07337036;6.49;1;1.3613
07337048;6.44;1;1.3613
07337066;7.505;1;1.3613
07337069;7.445;1;1.3613
07337077;6.31;1;1.3613
07337084;7.665;1;1.3613
07337038;7.515;1;1.3613
07337039;6.96;1;1.3613
07337044;7.055;1;1.3613
07337068;7.52;1;1.3613
07337007;7.03;1;1.3613
07337009;7.065;1;1.3613
07337012;6.775;1;1.3613
07337022;7.26;1;1.3613
07337026;7.46;1;1.3613
07337031;6.935;1;1.3613
07337040;6.425;1;1.3613
07337042;7.385;1;1.3613
07337043;7.58;1;1.3613
07337050;6.765;1;1.3613
07337051;6.465;1;1.3613
07337065;7.03;1;1.3613
07337073;8.0;1;1.3613
07337082;7.645;1;1.3613
07337047;6.67;1;1.3613
07337052;7.62;1;1.3613
07337070;7.065;1;1.3613
07337014;7.62;1;1.3613
07337023;7.28;1;1.3613
07337041;7.4;1;1.3613
07337061;7.31;1;1.3613
07338004;7.44;1;1.4081
07338005;7.43;1;1.4081
07338017;8.06;1;1.4081
07338019;7.745;1;1.4081
07338025;7.955;1;1.4081
07338006;7.155;1;1.4081
07338014;6.8;1;1.4081
07338022;6.555;1;1.4081
07338003;7.685;1;1.4081
07338008;7.09;1;1.4081
07338018;7.97;1;1.4081
07338002;7.57;1;1.4081
07338009;6.935;1;1.4081
07338012;7.84;1;1.4081
07338013;6.65;1;1.4081
07338015;6.435;1;1.4081
07338016;7.615;1;1.4081
07338007;7.86;1;1.4081
07338010;8.225;1;1.4081
07338011;7.735;1;1.4081
07338023;7.88;1;1.4081
07338001;7.98;1;1.4081
07338020;7.66;1;1.4081
07338021;7.74;1;1.4081
07338026;7.435;1;1.4081
07339005;8.43;1;1.3091
07339009;8.935;1;1.3091
07339030;8.945;1;1.3091
07339003;5.8;1;1.3091
07339007;6.369;0;1.3091
07339036;4.84;1;1.3091
07339038;7.52;1;1.3091
07339040;6.06;1;1.3091
07339044;6.45;1;1.3091
07339045;6.68;1;1.3091
07339058;6.415;1;1.3091
07339062;7.51;1;1.3091
07339063;6.89;1;1.3091
07339006;9.48;1;1.3091
07339020;8.74;1;1.3091
07339026;8.79;1;1.3091
07339034;8.185;1;1.3091
07339039;9.015;1;1.3091
07339001;8.61;1;1.3091
07339008;7.44;1;1.3091
07339016;7.25;1;1.3091
07339019;8.52;1;1.3091
07339041;7.255;1;1.3091
07339046;7.8;1;1.3091
07339048;8.175;1;1.3091
07339051;7.78;1;1.3091
07339017;9.345;1;1.3091
07339031;7.55;1;1.3091
07339032;9.18;1;1.3091
07339042;9.47;1;1.3091
07339047;9.32;1;1.3091
07339054;8.265;1;1.3091
07339057;8.12;1;1.3091
07339067;8.65;1;1.3091
07339010;7.77;1;1.3091
07339011;7.505;1;1.3091
07339012;8.565;1;1.3091
07339013;6.25;1;1.3091
07339015;7.91;1;1.3091
07339018;7.365;1;1.3091
07339024;7.57;1;1.3091
07339025;7.685;1;1.3091
07339028;6.23;1;1.3091
07339033;7.6;1;1.3091
07339035;7.39;1;1.3091
07339037;8.46;1;1.3091
07339043;8.44;1;1.3091
07339049;8.265;1;1.3091
07339053;7.92;1;1.3091
07339059;6.625;1;1.3091
07339060;7.92;1;1.3091
07339064;6.18;1;1.3091
07339066;5.311;0;1.3091
07339201;6.85;1;1.3091
07339002;6.795;1;1.3091
07339004;6.735;1;1.3091
07339021;7.255;1;1.3091
07339022;7.125;1;1.3091
07339029;8.045;1;1.3091
07339050;6.265;1;1.3091
07339056;6.74;1;1.3091
07339065;6.32;1;1.3091
07339068;6.335;1;1.3091
07339202;6.08;1;1.3091
07340001;5.31;1;1.3996
07340002;6.355;1;1.3996
07340004;5.98;1;1.3996
07340009;5.275;1;1.3996
07340010;5.483;0;1.3996
07340011;5.185;1;1.3996
07340021;4.269;0;1.3996
07340029;4.84;1;1.3996
07340033;3.05;1;1.3996
07340034;4.085;0;1.3996
07340039;4.82;1;1.3996
07340043;4.37;1;1.3996
07340045;4.295;1;1.3996
07340501;5.38;1;1.3996
07340502;5.27;1;1.3996
07340005;5.705;1;1.3996
07340006;4.258;0;1.3996
07340014;5.865;1;1.3996
07340020;6.025;1;1.3996
07340030;5.48;1;1.3996
07340047;5.83;1;1.3996
07340049;4.62;1;1.3996
07340057;6.335;1;1.3996
07340008;4.215;1;1.3996
07340019;4.36;1;1.3996
07340026;4.62;1;1.3996
07340028;5.28;1;1.3996
07340036;4.833;0;1.3996
07340040;8.91;1;1.3996
07340048;4.15;0;1.3996
07340052;4.035;1;1.3996
07340053;4.55;1;1.3996
07340205;4.325;1;1.3996
07340003;5.62;1;1.3996
07340007;5.155;1;1.3996
07340027;4.055;1;1.3996
07340031;4.63;1;1.3996
07340032;5.115;1;1.3996
07340038;5.315;1;1.3996
07340012;4.95;1;1.3996
07340015;5.135;1;1.3996
07340016;5.1;1;1.3996
07340022;5.405;1;1.3996
07340025;4.843;0;1.3996
07340044;4.51;1;1.3996
07340050;5.429;0;1.3996
07340054;5.33;1;1.3996
07340201;4.44;1;1.3996
07340202;4.555;1;1.3996
07340203;5.85;1;1.3996
07340206;5.465;1;1.3996
07340207;4.795;1;1.3996
07340208;5.63;1;1.3996
07340209;5.43;1;1.3996
07340210;6.33;1;1.3996
07340211;6.005;1;1.3996
07340212;5.835;1;1.3996
07340213;6.57;1;1.3996
07340214;4.835;1;1.3996
07340218;5.32;0;1.3996
07340221;2.98;1;1.3996
07340223;5.315;1;1.3996
07340226;5.11;1;1.3996
07340227;5.44;1;1.3996
07340017;5.44;1;1.3996
07340018;5.147;0;1.3996
07340023;5.36;1;1.3996
07340024;5.09;1;1.3996
07340035;4.55;1;1.3996
07340037;5.36;1;1.3996
07340041;4.875;1;1.3996
07340042;6.68;1;1.3996
07340051;4.84;1;1.3996
07340055;5.425;1;1.3996
07340204;4.49;1;1.3996
07340215;5.75;1;1.3996
07340216;5.017;0;1.3996
07340217;5.335;1;1.3996
07340219;5.625;1;1.3996
07340220;4.665;1;1.3996
07340222;4.86;1;1.3996
07340224;5.17;1;1.3996
07340225;5.585;1;1.3996
07340228;4.78;1;1.3996
08111000;12.44;1;1.2878
08115003;11.28;1;1.3026
08115028;11.115;1;1.3026
08115029;9.98;1;1.3026
08115041;10.705;1;1.3026
08115042;10.31;1;1.3026
08115044;10.075;1;1.3026
08115045;10.71;1;1.3026
08115050;9.73;1;1.3026
08115051;9.59;1;1.3026
08115052;9.73;1;1.3026
08115001;9.625;1;1.3026
08115054;10.185;1;1.3026
08115013;10.4;1;1.3026
08115015;10.42;1;1.3026
08115010;8.76;1;1.3026
08115021;9.995;1;1.3026
08115037;10.885;1;1.3026
08115002;10.13;1;1.3026
08115022;9.295;1;1.3026
08115024;10.685;1;1.3026
08115004;9.32;1;1.3026
08115016;9.06;1;1.3026
08115034;8.83;1;1.3026
08115053;8.575;1;1.3026
08115046;9.935;1;1.3026
08115048;9.79;1;1.3026
08116015;10.485;1;1.2598
08116019;10.86;1;1.2598
08116047;10.62;1;1.2598
08116072;9.77;1;1.2598
08116076;10.22;1;1.2598
08116077;10.71;1;1.2598
08116078;11.79;1;1.2598
08116080;10.735;1;1.2598
08116081;9.465;1;1.2598
08116016;9.37;1;1.2598
08116033;9.725;1;1.2598
08116048;8.855;1;1.2598
08116018;8.26;1;1.2598
08116054;8.69;1;1.2598
08116079;7.685;1;1.2598
08116005;8.6;1;1.2598
08116006;9.695;1;1.2598
08116008;9.06;1;1.2598
08116041;9.35;1;1.2598
08116042;9.275;1;1.2598
08116063;9.85;1;1.2598
08116011;9.22;1;1.2598
08116036;8.23;1;1.2598
08116046;9.395;1;1.2598
08116020;8.865;1;1.2598
08116022;12.59;1;1.2598
08116049;10.2;1;1.2598
08116050;9.835;1;1.2598
08116068;9.205;1;1.2598
08116073;9.56;1;1.2598
08116004;10.705;1;1.2598
08116014;9.81;1;1.2598
08116056;10.28;1;1.2598
08116007;8.71;1;1.2598
08116027;11.31;1;1.2598
08116037;8.83;1;1.2598
08116058;9.52;1;1.2598
08116012;8.43;1;1.2598
08116029;9.125;1;1.2598
08116043;8.325;1;1.2598
08116053;9.075;1;1.2598
08116070;8.885;1;1.2598
08116035;9.38;1;1.2598
08116071;9.925;1;1.2598
08117010;6.44;1;1.3161
08117006;8.53;1;1.3161
08117014;7.395;1;1.3161
08117018;9.185;1;1.3161
08117044;8.22;1;1.3161
08117019;9.11;1;1.3161
08117037;7.35;1;1.3161
08117042;8.025;1;1.3161
08117007;7.455;1;1.3161
08117024;7.975;1;1.3161
08117033;7.805;1;1.3161
08117026;8.8;1;1.3161
08117043;8.675;1;1.3161
08117053;7.58;1;1.3161
08117055;8.13;1;1.3161
08117015;8.03;1;1.3161
08117025;8.5;1;1.3161
08117049;8.415;1;1.3161
08117061;6.72;1;1.3161
08117016;5.47;1;1.3161
08117028;7.525;1;1.3161
08117031;6.995;1;1.3161
08117035;8.63;1;1.3161
08117058;7.43;1;1.3161
08117001;7.865;1;1.3161
08117009;8.205;1;1.3161
08117011;7.62;1;1.3161
08117038;8.375;1;1.3161
08117002;9.47;1;1.3161
08117012;8.225;1;1.3161
08117017;8.47;1;1.3161
08117023;7.78;1;1.3161
08117029;8.33;1;1.3161
08117060;8.865;1;1.3161
08117003;8.725;1;1.3161
08117051;9.04;1;1.3161
08117020;8.26;1;1.3161
08117030;8.16;1;1.3161
08118003;10.775;1;1.2886
08118011;10.525;1;1.2886
08118019;11.78;1;1.2886
08118021;8.81;1;1.2886
08118046;11.675;1;1.2886
08118048;11.505;1;1.2886
08118050;9.77;1;1.2886
08118051;10.285;1;1.2886
08118060;8.905;1;1.2886
08118076;9.585;1;1.2886
08118080;10.67;1;1.2886
08118081;10.495;1;1.2886
08118007;9.63;1;1.2886
08118016;9.18;1;1.2886
08118018;8.925;1;1.2886
08118028;8.63;1;1.2886
08118047;9.105;1;1.2886
08118053;8.585;1;1.2886
08118074;8.72;1;1.2886
08118071;10.68;1;1.2886
08118077;10.74;1;1.2886
08118079;10.42;1;1.2886
08118010;9.025;1;1.2886
08118015;8.79;1;1.2886
08118040;9.22;1;1.2886
08118063;9.925;1;1.2886
08118078;10.535;1;1.2886
08118001;8.855;1;1.2886
08118006;10.485;1;1.2886
08118014;9.35;1;1.2886
08118049;9.72;1;1.2886
08118027;9.735;1;1.2886
08118067;10.455;1;1.2886
08118054;9.61;1;1.2886
08118070;9.135;1;1.2886
08118012;8.91;1;1.2886
08118059;8.71;1;1.2886
08118068;9.23;1;1.2886
08118073;9.135;1;1.2886
08119001;7.28;1;1.3495
08119020;10.465;1;1.3495
08119041;9.835;1;1.3495
08119044;8.06;1;1.3495
08119061;8.065;1;1.3495
08119079;10.08;1;1.3495
08119089;8.225;1;1.3495
08119090;9.09;1;1.3495
08119091;9.71;1;1.3495
08119093;9.895;1;1.3495
08119003;8.53;1;1.3495
08119004;7.735;1;1.3495
08119006;8.315;1;1.3495
08119008;9.16;1;1.3495
08119018;8.17;1;1.3495
08119038;8.4;1;1.3495
08119053;8.435;1;1.3495
08119083;9.84;1;1.3495
08119087;8.585;1;1.3495
08119055;8.845;1;1.3495
08119076;8.905;1;1.3495
08119067;9.66;1;1.3495
08119086;9.07;1;1.3495
08119024;7.895;1;1.3495
08119069;6.785;1;1.3495
08119075;7.705;1;1.3495
08119037;7.105;1;1.3495
08119084;8.145;1;1.3495
08119042;9.325;1;1.3495
08119068;9.435;1;1.3495
08119085;9.635;1;1.3495
08121000;10.555;1;1.2089
08125007;9.145;1;1.3457
08125039;8.185;1;1.3457
08125058;9.365;1;1.3457
08125068;7.815;1;1.3457
08125107;7.98;1;1.3457
08125005;9.65;1;1.3457
08125078;8.795;1;1.3457
08125079;8.385;1;1.3457
08125006;9.435;1;1.3457
08125049;8.05;1;1.3457
08125087;7.44;1;1.3457
08125013;8.405;1;1.3457
08125017;8.315;1;1.3457
08125026;7.635;1;1.3457
08125034;8.135;1;1.3457
08125047;6.96;1;1.3457
08125030;9.665;1;1.3457
08125094;9.505;1;1.3457
08125056;8.86;1;1.3457
08125066;9.0;1;1.3457
08125074;8.33;1;1.3457
08125048;12.26;1;1.3457
08125063;7.545;1;1.3457
08125084;6.845;1;1.3457
08125103;8.75;1;1.3457
08125027;8.97;1;1.3457
08125065;9.61;1;1.3457
08125096;9.21;1;1.3457
08125069;8.475;1;1.3457
08125111;7.905;1;1.3457
08125113;8.11;1;1.3457
08125038;8.385;1;1.3457
08125081;6.82;1;1.3457
08125108;7.99;1;1.3457
08125059;7.295;1;1.3457
08125110;8.75;1;1.3457
08125001;9.665;1;1.3457
08125008;9.095;1;1.3457
08125046;9.145;1;1.3457
08125098;9.525;1;1.3457
08125061;8.355;1;1.3457
08125086;8.345;1;1.3457
08125021;8.475;1;1.3457
08125024;9.465;1;1.3457
08125057;8.505;1;1.3457
08125102;9.95;1;1.3457
08126011;7.81;1;1.337
08126072;6.045;1;1.337
08126047;7.525;1;1.337
08126058;7.585;1;1.337
08126085;7.89;1;1.337
08126020;6.295;1;1.337
08126045;6.145;1;1.337
08126056;6.7;1;1.337
08126039;7.06;1;1.337
08126046;8.01;1;1.337
08126028;7.49;1;1.337
08126060;7.255;1;1.337
08126086;6.645;1;1.337
08126066;8.505;1;1.337
08126069;7.47;1;1.337
08126094;7.61;1;1.337
08127008;6.22;1;1.3366
08127052;6.905;1;1.3366
08127075;6.65;1;1.3366
08127009;6.845;1;1.3366
08127086;6.985;1;1.3366
08127014;8.01;1;1.3366
08127073;7.245;1;1.3366
08127103;6.325;1;1.3366
08127104;5.795;1;1.3366
08127101;6.815;1;1.3366
08127102;5.745;1;1.3366
08127032;6.165;1;1.3366
08127047;6.04;1;1.3366
08127043;7.25;1;1.3366
08127089;7.79;1;1.3366
08127099;7.235;1;1.3366
08127023;7.46;1;1.3366
08127025;7.625;1;1.3366
08127062;6.86;1;1.3366
08127079;6.255;1;1.3366
08127012;6.86;1;1.3366
08127013;4.825;1;1.3366
08127063;7.32;1;1.3366
08127046;6.81;1;1.3366
08127071;6.58;1;1.3366
08127091;7.33;1;1.3366
08127056;7.62;1;1.3366
08127059;7.435;1;1.3366
08127076;8.715;1;1.3366
08127100;7.57;1;1.3366
08128020;6.105;1;1.2962
08128039;5.71;1;1.2962
08128064;5.13;1;1.2962
08128082;6.21;1;1.2962
08128126;7.295;1;1.2962
08128131;6.93;1;1.2962
08128139;6.31;1;1.2962
08128006;5.975;1;1.2962
08128007;8.475;1;1.2962
08128058;6.74;1;1.2962
08128014;5.74;1;1.2962
08128138;5.255;1;1.2962
08128047;6.4;1;1.2962
08128137;5.695;1;1.2962
08128045;5.375;1;1.2962
08128061;5.18;1;1.2962
08128115;7.03;1;1.2962
08128128;5.47;1;1.2962
08135010;6.185;1;1.2603
08135015;6.795;1;1.2603
08135020;7.4;1;1.2603
08135025;7.19;1;1.2603
08135032;7.175;1;1.2603
08135016;7.45;1;1.2603
08135021;7.185;1;1.2603
08135019;8.65;1;1.2603
08135026;7.345;1;1.2603
08135027;6.845;1;1.2603
08135031;6.97;1;1.2603
08136002;6.925;1;1.3327
08136027;6.545;1;1.3327
08136042;8.425;1;1.3327
08136045;6.81;1;1.3327
08136050;7.925;1;1.3327
08136021;8.025;1;1.3327
08136033;7.425;1;1.3327
08136088;8.885;1;1.3327
08136010;7.605;1;1.3327
08136037;6.385;1;1.3327
08136087;6.64;1;1.3327
08136003;5.81;1;1.3327
08136018;9.055;1;1.3327
08136019;7.47;1;1.3327
08136035;6.81;1;1.3327
08136046;6.33;1;1.3327
08136060;6.55;1;1.3327
08136084;6.835;1;1.3327
08136089;11.04;1;1.3327
08136038;7.265;1;1.3327
08136082;7.25;1;1.3327
08136020;6.86;1;1.3327
08136024;6.765;1;1.3327
08136034;7.16;1;1.3327
08136040;7.385;1;1.3327
08136049;6.637;0;1.3327
08136062;6.815;1;1.3327
08136007;6.34;1;1.3327
08136009;7.79;1;1.3327
08136028;7.51;1;1.3327
08136029;6.92;1;1.3327
08136043;7.52;1;1.3327
08136065;8.45;1;1.3327
08136079;7.585;1;1.3327
08136015;6.775;1;1.3327
08136044;8.61;1;1.3327
08136061;6.74;1;1.3327
08136066;6.73;1;1.3327
08136070;6.58;1;1.3327
08136068;6.07;1;1.3327
08136071;5.72;1;1.3327
08136075;6.575;1;1.3327
08211000;9.04;1;1.2843
08212000;10.56;1;1.2453
08215017;9.34;1;1.3233
08215046;7.875;1;1.3233
08215047;7.725;1;1.3233
08215064;7.705;1;1.3233
08215084;7.69;1;1.3233
08215089;8.065;1;1.3233
08215090;8.65;1;1.3233
08215096;8.48;1;1.3233
08215097;7.08;1;1.3233
08215101;8.375;1;1.3233
08215102;9.43;1;1.3233
08215105;8.82;1;1.3233
08215106;8.085;1;1.3233
08215108;8.955;1;1.3233
08215109;9.0;1;1.3233
08215110;8.885;1;1.3233
08215039;8.155;1;1.3233
08215100;8.99;1;1.3233
08215007;8.375;1;1.3233
08215025;7.96;1;1.3233
08215009;8.66;1;1.3233
08215021;8.56;1;1.3233
08215029;8.02;1;1.3233
08215103;7.845;1;1.3233
08215099;8.245;1;1.3233
08215111;7.44;1;1.3233
08215040;6.88;1;1.3233
08215059;8.215;1;1.3233
08215066;7.405;1;1.3233
08215107;7.455;1;1.3233
08215082;7.715;1;1.3233
08215094;7.445;1;1.3233
08216008;8.37;1;1.3286
08216013;6.285;1;1.3286
08216015;7.99;1;1.3286
08216006;7.78;1;1.3286
08216024;8.225;1;1.3286
08216007;8.19;1;1.3286
08216041;7.675;1;1.3286
08216002;7.765;1;1.3286
08216005;8.155;1;1.3286
08216009;8.22;1;1.3286
08216012;7.46;1;1.3286
08216017;7.945;1;1.3286
08216029;7.295;1;1.3286
08216059;7.0;1;1.3286
08216023;7.735;1;1.3286
08216033;8.54;1;1.3286
08216039;7.98;1;1.3286
08216043;8.26;1;1.3286
08216052;7.785;1;1.3286
08216028;6.755;1;1.3286
08216063;6.895;1;1.3286
08216022;7.61;1;1.3286
08216049;7.705;1;1.3286
08221000;12.44;1;1.1648
08222000;10.415;1;1.2031
08225014;6.535;1;1.3918
08225060;5.45;1;1.3918
08225032;6.95;1;1.3918
08225039;5.22;1;1.3918
08225109;5.985;1;1.3918
08225033;7.75;1;1.3918
08225042;6.46;1;1.3918
08225002;6.79;1;1.3918
08225068;5.855;1;1.3918
08225116;6.18;1;1.3918
08225024;6.395;1;1.3918
08225052;5.37;1;1.3918
08225058;7.975;1;1.3918
08225067;6.655;1;1.3918
08225074;6.81;1;1.3918
08225117;6.32;1;1.3918
08225010;5.985;1;1.3918
08225064;6.025;1;1.3918
08225113;6.76;1;1.3918
08225118;5.77;1;1.3918
08225075;6.82;1;1.3918
08225082;5.245;1;1.3918
08225114;6.045;1;1.3918
08225009;6.235;1;1.3918
08225115;5.95;1;1.3918
08225001;6.115;1;1.3918
08225091;5.56;1;1.3918
08226009;8.555;1;1.3462
08226012;10.235;1;1.3462
08226018;9.945;1;1.3462
08226028;8.285;1;1.3462
08226036;8.94;1;1.3462
08226037;8.38;1;1.3462
08226038;9.455;1;1.3462
08226041;9.39;1;1.3462
08226060;9.29;1;1.3462
08226062;8.48;1;1.3462
08226063;8.425;1;1.3462
08226076;9.325;1;1.3462
08226082;9.065;1;1.3462
08226084;9.13;1;1.3462
08226095;9.455;1;1.3462
08226096;8.965;1;1.3462
08226103;8.535;1;1.3462
08226105;8.7;1;1.3462
08226107;8.61;1;1.3462
08226013;6.725;1;1.3462
08226081;5.145;1;1.3462
08226020;7.295;1;1.3462
08226048;7.955;1;1.3462
08226049;7.35;1;1.3462
08226086;6.725;1;1.3462
08226104;5.84;1;1.3462
08226031;8.305;1;1.3462
08226040;8.115;1;1.3462
08226003;7.825;1;1.3462
08226032;8.54;1;1.3462
08226059;8.615;1;1.3462
08226068;8.35;1;1.3462
08226006;8.075;1;1.3462
08226022;7.905;1;1.3462
08226056;8.8;1;1.3462
08226097;7.385;1;1.3462
08226046;7.76;1;1.3462
08226054;8.485;1;1.3462
08226065;8.33;1;1.3462
08226027;5.27;1;1.3462
08226029;6.22;1;1.3462
08226080;6.8;1;1.3462
08226099;7.295;1;1.3462
08226085;8.0;1;1.3462
08226101;6.73;1;1.3462
08226102;7.37;1;1.3462
08226017;7.055;1;1.3462
08226055;7.465;1;1.3462
08226058;6.425;1;1.3462
08226066;6.35;1;1.3462
08226091;6.955;1;1.3462
08226106;6.555;1;1.3462
08226010;7.675;1;1.3462
08226098;9.13;1;1.3462
08231000;8.72;1;1.2179
08235065;6.865;1;1.268
08235080;7.47;1;1.268
08235006;7.355;1;1.268
08235022;6.74;1;1.268
08235066;6.49;1;1.268
08235007;8.355;1;1.268
08235029;8.125;1;1.268
08235057;8.69;1;1.268
08235067;8.725;1;1.268
08235018;6.88;1;1.268
08235033;7.665;1;1.268
08235008;8.625;1;1.268
08235073;7.44;1;1.268
08235047;7.29;1;1.268
08235050;5.985;1;1.268
08235084;7.775;1;1.268
08235055;6.77;1;1.268
08235085;8.365;1;1.268
08235020;7.905;1;1.268
08235032;7.705;1;1.268
08235046;8.935;1;1.268
08235060;7.515;1;1.268
08235025;7.025;1;1.268
08235035;7.065;1;1.268
08235079;7.455;1;1.268
08236004;7.865;1;1.33
08236028;8.475;1;1.33
08236030;7.95;1;1.33
08236033;7.405;1;1.33
08236046;9.505;1;1.33
08236070;7.68;1;1.33
08236071;7.895;1;1.33
08236072;7.595;1;1.33
08236019;9.56;1;1.33
08236025;10.36;1;1.33
08236039;10.18;1;1.33
08236065;8.545;1;1.33
08236067;8.065;1;1.33
08236068;8.005;1;1.33
08236011;7.685;1;1.33
08236074;7.495;1;1.33
08236076;8.03;1;1.33
08236038;7.975;1;1.33
08236061;6.115;1;1.33
08236040;8.255;1;1.33
08236050;7.57;1;1.33
08236013;8.41;1;1.33
08236043;7.755;1;1.33
08236031;7.845;1;1.33
08236073;7.78;1;1.33
08236075;7.405;1;1.33
08236044;7.925;1;1.33
08236062;8.865;1;1.33
08237002;6.705;1;1.3322
08237004;7.53;1;1.3322
08237045;6.745;1;1.3322
08237019;7.03;1;1.3322
08237030;6.21;1;1.3322
08237061;6.11;1;1.3322
08237074;7.47;1;1.3322
08237028;7.685;1;1.3322
08237073;6.155;1;1.3322
08237075;5.68;1;1.3322
08237024;7.095;1;1.3322
08237027;7.255;1;1.3322
08237040;7.425;1;1.3322
08237032;5.685;1;1.3322
08237054;7.19;1;1.3322
08237072;6.015;1;1.3322
08311000;12.645;1;1.0186
08315068;6.785;1;1.3567
08315076;8.865;1;1.3567
08315133;7.82;1;1.3567
08315006;9.97;1;1.3567
08315048;8.44;1;1.3567
08315015;8.725;1;1.3567
08315059;8.5;1;1.3567
08315072;8.165;1;1.3567
08315020;8.5;1;1.3567
08315064;9.88;1;1.3567
08315084;8.19;1;1.3567
08315109;9.02;1;1.3567
08315014;10.215;1;1.3567
08315131;8.805;1;1.3567
08315047;10.68;1;1.3567
08315051;8.48;1;1.3567
08315008;8.63;1;1.3567
08315033;8.745;1;1.3567
08315050;9.665;1;1.3567
08315003;10.49;1;1.3567
08315056;8.94;1;1.3567
08315073;11.365;1;1.3567
08315107;9.79;1;1.3567
08315125;9.66;1;1.3567
08315016;8.76;1;1.3567
08315052;8.385;1;1.3567
08315013;8.79;1;1.3567
08315030;8.515;1;1.3567
08315043;8.815;1;1.3567
08315039;6.8;1;1.3567
08315070;6.54;1;1.3567
08315115;9.985;1;1.3567
08315132;9.56;1;1.3567
08315004;9.47;1;1.3567
08315007;10.255;1;1.3567
08315022;8.745;1;1.3567
08315074;9.22;1;1.3567
08315111;7.565;1;1.3567
08315041;8.605;1;1.3567
08315094;7.29;1;1.3567
08315095;8.1;1;1.3567
08315028;9.53;1;1.3567
08315089;8.775;1;1.3567
08315098;9.76;1;1.3567
08315037;7.765;1;1.3567
08315102;8.655;1;1.3567
08315108;9.565;1;1.3567
08315130;7.77;1;1.3567
08315031;6.88;1;1.3567
08315113;7.835;1;1.3567
08316009;9.845;1;1.4268
08316036;8.16;1;1.4268
08316045;8.96;1;1.4268
08316003;7.255;1;1.4268
08316010;7.39;1;1.4268
08316055;7.135;1;1.4268
08316011;8.955;1;1.4268
08316024;8.11;1;1.4268
08316039;7.76;1;1.4268
08316043;7.965;1;1.4268
08316054;7.58;1;1.4268
08316017;8.585;1;1.4268
08316020;8.635;1;1.4268
08316049;7.55;1;1.4268
08316053;8.22;1;1.4268
08316002;8.42;1;1.4268
08316012;8.49;1;1.4268
08316013;7.93;1;1.4268
08316037;8.645;1;1.4268
08316038;7.25;1;1.4268
08316051;7.075;1;1.4268
08316014;8.06;1;1.4268
08316042;6.785;1;1.4268
08316056;8.64;1;1.4268
08317005;7.485;1;1.3565
08317031;7.74;1;1.3565
08317051;6.1;1;1.3565
08317057;8.65;1;1.3565
08317141;7.57;1;1.3565
08317151;7.03;1;1.3565
08317153;7.005;1;1.3565
08317001;7.64;1;1.3565
08317068;7.185;1;1.3565
08317116;7.625;1;1.3565
08317118;7.695;1;1.3565
08317026;7.71;1;1.3565
08317073;7.475;1;1.3565
08317113;7.725;1;1.3565
08317114;10.09;1;1.3565
08317152;8.045;1;1.3565
08317009;7.8;1;1.3565
08317034;7.855;1;1.3565
08317097;7.97;1;1.3565
08317029;7.08;1;1.3565
08317040;7.3;1;1.3565
08317046;6.335;1;1.3565
08317078;6.51;1;1.3565
08317129;6.14;1;1.3565
08317039;6.575;1;1.3565
08317041;7.06;1;1.3565
08317056;7.28;1;1.3565
08317102;8.195;1;1.3565
08317126;6.88;1;1.3565
08317059;7.94;1;1.3565
08317065;8.12;1;1.3565
08317008;6.485;1;1.3565
08317098;6.95;1;1.3565
08317067;7.64;1;1.3565
08317089;7.585;1;1.3565
08317110;7.34;1;1.3565
08317021;7.82;1;1.3565
08317047;7.5;1;1.3565
08317096;8.37;1;1.3565
08317100;7.905;1;1.3565
08317122;7.405;1;1.3565
08317121;6.34;1;1.3565
08317127;7.665;1;1.3565
08317075;6.87;1;1.3565
08317150;7.385;1;1.3565
08317093;5.81;1;1.3565
08317145;7.015;1;1.3565
08317011;7.205;1;1.3565
08317085;6.2;1;1.3565
08317088;6.72;1;1.3565
08317146;7.235;1;1.3565
08325012;5.98;1;1.3206
08325014;6.465;1;1.3206
08325071;5.825;1;1.3206
08325015;6.9;1;1.3206
08325045;6.74;1;1.3206
08325070;6.58;1;1.3206
08325011;6.495;1;1.3206
08325049;7.465;1;1.3206
08325064;6.945;1;1.3206
08325069;7.25;1;1.3206
08325072;6.785;1;1.3206
08325050;5.435;1;1.3206
08325051;6.625;1;1.3206
08325001;6.165;1;1.3206
08325024;6.375;1;1.3206
08325036;5.505;1;1.3206
08325053;6.665;1;1.3206
08325057;7.03;1;1.3206
08325061;7.66;1;1.3206
08325009;6.455;1;1.3206
08325060;7.03;1;1.3206
08326003;7.93;1;1.2775
08326005;6.5;1;1.2775
08326031;7.49;1;1.2775
08326052;6.45;1;1.2775
08326068;6.02;1;1.2775
08326006;6.515;1;1.2775
08326012;7.535;1;1.2775
08326027;7.11;1;1.2775
08326017;8.995;1;1.2775
08326020;5.875;1;1.2775
08326054;7.58;1;1.2775
08326055;5.655;1;1.2775
08326060;5.995;1;1.2775
08326010;7.535;1;1.2775
08326037;6.97;1;1.2775
08326041;7.055;1;1.2775
08326061;7.3;1;1.2775
08326065;7.36;1;1.2775
08326074;8.275;1;1.2775
08326075;7.08;1;1.2775
08327004;6.2;1;1.2938
08327008;7.83;1;1.2938
08327016;7.55;1;1.2938
08327027;4.91;1;1.2938
08327030;6.78;1;1.2938
08327036;7.18;1;1.2938
08327041;6.005;1;1.2938
08327007;6.32;1;1.2938
08327009;6.73;1;1.2938
08327013;4.175;1;1.2938
08327019;7.125;1;1.2938
08327029;6.145;1;1.2938
08327040;5.42;1;1.2938
08327051;7.055;1;1.2938
08327018;7.0;1;1.2938
08327025;7.67;1;1.2938
08327002;7.215;1;1.2938
08327005;6.695;1;1.2938
08327006;6.86;1;1.2938
08327010;7.23;1;1.2938
08327011;6.73;1;1.2938
08327017;6.87;1;1.2938
08327023;7.585;1;1.2938
08327033;11.255;1;1.2938
08327046;7.775;1;1.2938
08327012;7.11;1;1.2938
08327020;5.595;1;1.2938
08327048;7.015;1;1.2938
08327049;8.15;1;1.2938
08327038;6.36;1;1.2938
08327050;8.265;1;1.2938
08327054;7.765;1;1.2938
08327055;6.865;1;1.2938
08327056;7.14;1;1.2938
08327057;7.3;1;1.2938
08335035;7.905;1;1.2477
08335063;9.45;1;1.2477
08335080;6.655;1;1.2477
08335001;7.54;1;1.2477
08335022;8.295;1;1.2477
08335097;8.55;1;1.2477
08335015;10.67;1;1.2477
08335026;9.065;1;1.2477
08335028;7.98;1;1.2477
08335025;8.6;1;1.2477
08335055;9.505;1;1.2477
08335061;8.24;1;1.2477
08335002;10.215;1;1.2477
08335043;12.165;1;1.2477
08335066;11.665;1;1.2477
08335075;9.045;1;1.2477
08335077;9.065;1;1.2477
08335081;7.975;1;1.2477
08335100;8.54;1;1.2477
08335021;7.41;1;1.2477
08335057;7.22;1;1.2477
08335079;8.19;1;1.2477
08335096;6.845;1;1.2477
08335098;9.96;1;1.2477
08335099;8.005;1;1.2477
08336014;8.79;1;1.3569
08336084;8.905;1;1.3569
08336087;6.76;1;1.3569
08336091;10.05;1;1.3569
08336105;9.375;1;1.3569
08336107;7.005;1;1.3569
08336045;9.005;1;1.3569
08336104;7.32;1;1.3569
08336043;9.91;1;1.3569
08336050;10.205;1;1.3569
08336069;9.335;1;1.3569
08336082;8.11;1;1.3569
08336006;10.54;1;1.3569
08336078;9.23;1;1.3569
08336004;7.705;1;1.3569
08336010;5.059;0;1.3569
08336025;6.49;1;1.3569
08336079;7.455;1;1.3569
08336080;5.78;1;1.3569
08336089;5.956;0;1.3569
08336090;6.66;1;1.3569
08336094;7.03;1;1.3569
08336096;5.5;1;1.3569
08336034;8.695;1;1.3569
08336036;8.095;1;1.3569
08336057;9.1;1;1.3569
08336081;9.065;1;1.3569
08336008;9.515;1;1.3569
08336019;9.78;1;1.3569
08336024;7.35;1;1.3569
08336073;9.79;1;1.3569
08336075;8.17;1;1.3569
08336100;7.805;1;1.3569
08336103;7.61;1;1.3569
08336106;4.7;1;1.3569
08337002;7.725;1;1.3411
08337038;6.445;1;1.3411
08337062;7.735;1;1.3411
08337066;8.055;1;1.3411
08337106;7.2;1;1.3411
08337116;8.255;1;1.3411
08337022;7.305;1;1.3411
08337127;5.48;1;1.3411
08337030;7.355;1;1.3411
08337060;7.785;1;1.3411
08337070;8.055;1;1.3411
08337053;7.93;1;1.3411
08337125;8.25;1;1.3411
08337039;6.63;1;1.3411
08337128;6.36;1;1.3411
08337049;7.48;1;1.3411
08337076;7.83;1;1.3411
08337090;7.39;1;1.3411
08337096;9.06;1;1.3411
08337013;6.735;1;1.3411
08337027;6.235;1;1.3411
08337045;7.46;1;1.3411
08337051;7.425;1;1.3411
08337059;7.425;1;1.3411
08337097;6.755;1;1.3411
08337108;6.895;1;1.3411
08337032;7.72;1;1.3411
08337065;7.995;1;1.3411
08337118;6.93;1;1.3411
08337126;8.19;1;1.3411
08337123;7.33;1;1.3411
08337124;7.15;1;1.3411
08415014;9.425;1;1.2437
08415019;9.465;1;1.2437
08415059;9.185;1;1.2437
08415061;10.435;1;1.2437
08415073;6.33;1;1.2437
08415080;9.14;1;1.2437
08415091;6.835;1;1.2437
08415092;8.28;1;1.2437
08415093;6.86;1;1.2437
08415089;7.665;1;1.2437
08415090;6.385;1;1.2437
08415029;9.53;1;1.2437
08415050;10.05;1;1.2437
08415062;9.32;1;1.2437
08415027;7.06;1;1.2437
08415048;6.445;1;1.2437
08415053;6.96;1;1.2437
08415060;9.295;1;1.2437
08415087;9.37;1;1.2437
08415028;7.33;1;1.2437
08415039;7.085;1;1.2437
08415078;8.915;1;1.2437
08415088;7.305;1;1.2437
08415034;6.18;1;1.2437
08415058;5.85;1;1.2437
08415085;6.18;1;1.2437
08416009;9.27;1;1.1257
08416022;9.13;1;1.1257
08416023;9.625;1;1.1257
08416041;13.17;1;1.1257
08416048;8.935;1;1.1257
08416011;9.25;1;1.1257
08416015;8.78;1;1.1257
08416026;9.89;1;1.1257
08416006;8.32;1;1.1257
08416025;8.88;1;1.1257
08416031;8.905;1;1.1257
08416018;7.515;1;1.1257
08416036;9.125;1;1.1257
08416049;8.125;1;1.1257
08416050;6.955;1;1.1257
08417013;6.485;1;1.2747
08417025;6.76;1;1.2747
08417054;7.035;1;1.2747
08417010;6.725;1;1.2747
08417079;8.145;1;1.2747
08417002;8.1;1;1.2747
08417022;6.995;1;1.2747
08417008;7.685;1;1.2747
08417023;7.495;1;1.2747
08417031;7.93;1;1.2747
08417036;7.085;1;1.2747
08417051;7.275;1;1.2747
08417044;6.72;1;1.2747
08417045;5.635;1;1.2747
08417047;5.415;1;1.2747
08417014;6.73;1;1.2747
08417015;5.65;1;1.2747
08417016;7.145;1;1.2747
08417029;5.07;1;1.2747
08417052;6.855;1;1.2747
08417057;7.185;1;1.2747
08417071;8.28;1;1.2747
08417078;6.96;1;1.2747
08417063;6.035;1;1.2747
08417075;6.17;1;1.2747
08421000;10.495;1;1.3101
08425039;8.35;1;1.3815
08425108;7.445;1;1.3815
08425141;9.71;1;1.3815
08425002;7.33;1;1.3815
08425004;7.955;1;1.3815
08425017;7.045;1;1.3815
08425020;7.985;1;1.3815
08425028;7.805;1;1.3815
08425066;7.08;1;1.3815
08425140;7.285;1;1.3815
08425014;8.815;1;1.3815
08425031;8.14;1;1.3815
08425135;7.03;1;1.3815
08425033;8.035;1;1.3815
08425050;9.84;1;1.3815
08425088;7.71;1;1.3815
08425093;8.08;1;1.3815
08425064;6.925;1;1.3815
08425110;8.375;1;1.3815
08425137;8.505;1;1.3815
08425138;8.36;1;1.3815
08425071;7.8;1;1.3815
08425079;8.105;1;1.3815
08425084;7.69;1;1.3815
08425134;7.3;1;1.3815
08425139;7.095;1;1.3815
08425005;7.055;1;1.3815
08425011;5.955;1;1.3815
08425013;6.24;1;1.3815
08425019;7.63;1;1.3815
08425022;5.972;0;1.3815
08425024;7.72;1;1.3815
08425062;6.92;1;1.3815
08425072;8.195;1;1.3815
08425083;7.545;1;1.3815
08425085;8.76;1;1.3815
08425092;7.455;1;1.3815
08425097;6.98;1;1.3815
08425112;7.87;1;1.3815
08425130;7.13;1;1.3815
08425008;7.26;1;1.3815
08425075;7.58;1;1.3815
08425035;5.639;0;1.3815
08425036;5.685;1;1.3815
08425052;5.846;0;1.3815
08425055;6.3;1;1.3815
08425073;7.81;1;1.3815
08425081;7.465;1;1.3815
08425090;6.37;1;1.3815
08425091;6.51;1;1.3815
08425098;7.005;1;1.3815
08425104;7.24;1;1.3815
08425123;6.34;1;1.3815
08425124;6.83;1;1.3815
08425125;5.2;1;1.3815
08426134;7.7;1;1.3762
08426005;4.52;1;1.3762
08426006;8.26;1;1.3762
08426013;7.455;1;1.3762
08426020;5.205;1;1.3762
08426036;5.41;1;1.3762
08426064;5.79;1;1.3762
08426078;5.6;1;1.3762
08426090;7.16;1;1.3762
08426109;5.539;0;1.3762
08426118;6.045;1;1.3762
08426014;7.525;1;1.3762
08426062;6.83;1;1.3762
08426011;6.63;1;1.3762
08426021;9.375;1;1.3762
08426038;8.3;1;1.3762
08426058;8.745;1;1.3762
08426071;6.955;1;1.3762
08426074;7.97;1;1.3762
08426120;8.155;1;1.3762
08426128;8.29;1;1.3762
08426019;7.135;1;1.3762
08426031;7.325;1;1.3762
08426044;7.685;1;1.3762
08426065;5.985;1;1.3762
08426066;7.955;1;1.3762
08426001;8.325;1;1.3762
08426028;7.355;1;1.3762
08426070;8.46;1;1.3762
08426073;7.26;1;1.3762
08426043;6.395;1;1.3762
08426087;7.22;1;1.3762
08426113;6.14;1;1.3762
08426135;6.035;1;1.3762
08426008;5.72;1;1.3762
08426035;6.58;1;1.3762
08426045;6.535;1;1.3762
08426067;6.445;1;1.3762
08426097;7.275;1;1.3762
08426121;5.745;1;1.3762
08426124;6.65;1;1.3762
08426100;6.94;1;1.3762
08426117;7.79;1;1.3762
08426108;8.605;1;1.3762
08426125;6.92;1;1.3762
08435035;9.345;1;1.3572
08435013;9.57;1;1.3572
08435029;10.035;1;1.3572
08435030;10.25;1;1.3572
08435016;10.11;1;1.3572
08435024;9.825;1;1.3572
08435005;8.515;1;1.3572
08435034;9.545;1;1.3572
08435045;9.005;1;1.3572
08435067;7.97;1;1.3572
08435010;9.14;1;1.3572
08435018;9.61;1;1.3572
08435036;10.18;1;1.3572
08435054;8.345;1;1.3572
08435066;9.07;1;1.3572
08435015;7.78;1;1.3572
08435020;13.56;1;1.3572
08435052;8.38;1;1.3572
08435042;7.13;1;1.3572
08435057;9.68;1;1.3572
08435047;8.345;1;1.3572
08435053;9.035;1;1.3572
08435059;9.895;1;1.3572
08436008;7.87;1;1.3201
08436010;7.265;1;1.3201
08436049;9.315;1;1.3201
08436052;7.525;1;1.3201
08436094;7.245;1;1.3201
08436005;7.3;1;1.3201
08436019;7.575;1;1.3201
08436024;6.835;1;1.3201
08436027;7.435;1;1.3201
08436032;6.645;1;1.3201
08436040;5.914;0;1.3201
08436047;6.755;1;1.3201
08436053;5.285;1;1.3201
08436067;7.015;1;1.3201
08436077;4.45;1;1.3201
08436093;6.5;1;1.3201
08436009;8.16;1;1.3201
08436014;7.28;1;1.3201
08436018;8.465;1;1.3201
08436039;8.895;1;1.3201
08436069;9.295;1;1.3201
08436079;9.06;1;1.3201
08436003;7.05;1;1.3201
08436004;7.545;1;1.3201
08436055;7.55;1;1.3201
08436011;8.87;1;1.3201
08436012;9.855;1;1.3201
08436013;9.225;1;1.3201
08436064;9.73;1;1.3201
08436082;10.465;1;1.3201
08436078;8.36;1;1.3201
08436085;7.45;1;1.3201
08436001;8.115;1;1.3201
08436006;8.345;1;1.3201
08436081;8.62;1;1.3201
08436083;7.575;1;1.3201
08436095;7.78;1;1.3201
08436087;7.75;1;1.3201
08436096;8.405;1;1.3201
08437086;6.395;1;1.3123
08437031;8.8;1;1.3123
08437047;5.525;1;1.3123
08437082;5.915;1;1.3123
08437114;5.73;1;1.3123
08437053;6.505;1;1.3123
08437076;6.875;1;1.3123
08437101;6.29;1;1.3123
08437072;7.225;1;1.3123
08437078;6.79;1;1.3123
08437123;6.7;1;1.3123
08437056;7.035;1;1.3123
08437088;7.645;1;1.3123
08437118;6.385;1;1.3123
08437124;7.285;1;1.3123
08437044;6.055;1;1.3123
08437100;7.725;1;1.3123
08437005;6.655;1;1.3123
08437008;6.935;1;1.3123
08437059;6.215;1;1.3123
08437065;6.145;1;1.3123
08437104;7.45;1;1.3123
08437105;7.26;1;1.3123
08437102;6.34;1;1.3123
08437107;7.29;1;1.3123
09161000;10.795;1;1.2098
09162000;15.685;1;1.3395
09163000;10.23;1;1.4008
09171111;7.435;1;1.4572
09171112;7.67;1;1.4572
09171113;6.76;1;1.4572
09171117;6.825;1;1.4572
09171118;7.45;1;1.4572
09171125;7.215;1;1.4572
09171127;7.105;1;1.4572
09171131;6.34;1;1.4572
09171132;7.075;1;1.4572
09171133;6.445;1;1.4572
09171137;6.46;1;1.4572
09171114;7.24;1;1.4572
09171124;7.515;1;1.4572
09171116;6.515;1;1.4572
09171119;6.835;1;1.4572
09171122;6.57;1;1.4572
09171134;5.795;1;1.4572
09171123;6.71;1;1.4572
09171130;7.135;1;1.4572
09171115;6.045;1;1.4572
09171126;7.95;1;1.4572
09171129;6.21;1;1.4572
09171121;6.335;1;1.4572
09171135;7.275;1;1.4572
09172111;8.2;1;1.4502
09172112;7.825;1;1.4502
09172114;8.965;1;1.4502
09172115;8.7;1;1.4502
09172116;7.59;1;1.4502
09172117;7.77;1;1.4502
09172118;8.63;1;1.4502
09172122;8.0;1;1.4502
09172124;7.845;1;1.4502
09172128;8.645;1;1.4502
09172129;6.935;1;1.4502
09172130;8.4;1;1.4502
09172131;6.98;1;1.4502
09172132;8.505;1;1.4502
09172134;7.915;1;1.4502
09173111;10.075;1;1.3767
09173112;11.18;1;1.3767
09173118;10.465;1;1.3767
09173120;10.145;1;1.3767
09173123;11.28;1;1.3767
09173124;9.18;1;1.3767
09173126;10.75;1;1.3767
09173130;11.88;1;1.3767
09173131;7.62;1;1.3767
09173134;10.28;1;1.3767
09173135;9.345;1;1.3767
09173137;11.735;1;1.3767
09173145;10.1;1;1.3767
09173147;11.34;1;1.3767
09173113;9.165;1;1.3767
09173115;10.285;1;1.3767
09173133;9.51;1;1.3767
09173142;8.745;1;1.3767
09173127;9.245;1;1.3767
09173140;9.545;1;1.3767
09173141;9.73;1;1.3767
09174111;9.645;1;1.3641
09174113;11.91;1;1.3641
09174115;11.85;1;1.3641
09174118;9.995;1;1.3641
09174121;12.505;1;1.3641
09174122;11.125;1;1.3641
09174126;13.29;1;1.3641
09174131;11.095;1;1.3641
09174135;9.935;1;1.3641
09174136;10.415;1;1.3641
09174137;9.18;1;1.3641
09174141;11.005;1;1.3641
09174143;10.605;1;1.3641
09174146;9.605;1;1.3641
09174147;12.195;1;1.3641
09174150;10.11;1;1.3641
09174151;9.765;1;1.3641
09175111;11.275;1;1.3155
09175115;11.165;1;1.3155
09175118;11.125;1;1.3155
09175122;11.305;1;1.3155
09175123;9.63;1;1.3155
09175124;11.38;1;1.3155
09175127;12.49;1;1.3155
09175132;13.625;1;1.3155
09175133;12.095;1;1.3155
09175135;12.71;1;1.3155
09175137;9.23;1;1.3155
09175139;12.19;1;1.3155
09175112;9.59;1;1.3155
09175119;9.775;1;1.3155
09175136;8.84;1;1.3155
09175113;9.885;1;1.3155
09175114;10.4;1;1.3155
09175116;11.4;1;1.3155
09175121;11.08;1;1.3155
09175128;9.9;1;1.3155
09175131;10.91;1;1.3155
09176112;7.47;1;1.2283
09176114;8.235;1;1.2283
09176118;8.4;1;1.2283
09176120;7.56;1;1.2283
09176121;9.245;1;1.2283
09176123;9.53;1;1.2283
09176126;10.505;1;1.2283
09176129;10.99;1;1.2283
09176131;9.57;1;1.2283
09176132;8.21;1;1.2283
09176137;6.92;1;1.2283
09176138;7.185;1;1.2283
09176139;9.865;1;1.2283
09176143;9.655;1;1.2283
09176148;6.545;1;1.2283
09176161;8.595;1;1.2283
09176164;5.86;1;1.2283
09176166;6.29;1;1.2283
09176167;9.625;1;1.2283
09176155;6.975;1;1.2283
09176160;7.115;1;1.2283
09176165;7.485;1;1.2283
09176116;9.455;1;1.2283
09176124;8.74;1;1.2283
09176111;7.395;1;1.2283
09176122;7.285;1;1.2283
09176149;8.625;1;1.2283
09176147;7.865;1;1.2283
09176150;8.145;1;1.2283
09176153;7.905;1;1.2283
09177113;9.58;1;1.2294
09177115;9.755;1;1.2294
09177117;11.16;1;1.2294
09177118;11.105;1;1.2294
09177119;16.305;1;1.2294
09177120;9.75;1;1.2294
09177123;9.575;1;1.2294
09177127;9.17;1;1.2294
09177130;10.82;1;1.2294
09177137;9.84;1;1.2294
09177139;9.21;1;1.2294
09177114;9.595;1;1.2294
09177135;10.49;1;1.2294
09177142;9.685;1;1.2294
09177144;10.595;1;1.2294
09177116;10.395;1;1.2294
09177133;12.295;1;1.2294
09177131;10.725;1;1.2294
09177134;11.57;1;1.2294
09177121;8.72;1;1.2294
09177122;9.0;1;1.2294
09177124;8.55;1;1.2294
09177138;8.205;1;1.2294
09177112;10.24;1;1.2294
09177126;9.675;1;1.2294
09177143;10.505;1;1.2294
09178116;9.43;1;1.2574
09178120;13.025;1;1.2574
09178122;8.035;1;1.2574
09178123;10.525;1;1.2574
09178124;12.2;1;1.2574
09178130;12.585;1;1.2574
09178133;10.85;1;1.2574
09178136;9.675;1;1.2574
09178137;9.67;1;1.2574
09178138;10.115;1;1.2574
09178140;12.135;1;1.2574
09178143;9.81;1;1.2574
09178144;8.725;1;1.2574
09178145;12.83;1;1.2574
09178113;10.995;1;1.2574
09178150;8.11;1;1.2574
09178125;7.95;1;1.2574
09178132;7.555;1;1.2574
09178142;8.065;1;1.2574
09178155;8.815;1;1.2574
09178115;9.775;1;1.2574
09178129;8.615;1;1.2574
09178156;8.835;1;1.2574
09178157;9.44;1;1.2574
09179113;12.255;1;1.3728
09179117;9.42;1;1.3728
09179118;11.855;1;1.3728
09179119;12.26;1;1.3728
09179121;11.625;1;1.3728
09179123;13.145;1;1.3728
09179126;12.82;1;1.3728
09179134;11.3;1;1.3728
09179138;9.305;1;1.3728
09179142;12.465;1;1.3728
09179145;12.395;1;1.3728
09179149;11.05;1;1.3728
09179111;8.695;1;1.3728
09179114;9.715;1;1.3728
09179128;9.155;1;1.3728
09179130;10.625;1;1.3728
09179132;10.535;1;1.3728
09179136;11.04;1;1.3728
09179137;9.175;1;1.3728
09179140;9.475;1;1.3728
09179125;11.365;1;1.3728
09179131;10.38;1;1.3728
09179147;11.125;1;1.3728
09180112;8.525;1;1.3902
09180116;9.54;1;1.3902
09180117;10.475;1;1.3902
09180118;9.675;1;1.3902
09180122;8.69;1;1.3902
09180123;8.845;1;1.3902
09180124;10.86;1;1.3902
09180125;8.815;1;1.3902
09180126;10.01;1;1.3902
09180134;9.35;1;1.3902
09180136;9.36;1;1.3902
09180113;8.6;1;1.3902
09180129;7.795;1;1.3902
09180115;6.905;1;1.3902
09180135;8.245;1;1.3902
09180114;9.975;1;1.3902
09180119;9.0;1;1.3902
09180127;9.205;1;1.3902
09180131;9.35;1;1.3902
09180128;9.52;1;1.3902
09180132;10.04;1;1.3902
09180133;9.235;1;1.3902
09181113;8.52;1;1.343
09181114;10.29;1;1.343
09181116;8.335;1;1.343
09181122;9.775;1;1.343
09181128;9.955;1;1.343
09181130;9.93;1;1.343
09181132;8.075;1;1.343
09181144;11.3;1;1.343
09181145;8.505;1;1.343
09181121;8.415;1;1.343
09181143;7.81;1;1.343
09181126;8.53;1;1.343
09181127;7.645;1;1.343
09181131;8.31;1;1.343
09181134;8.175;1;1.343
09181138;8.525;1;1.343
09181124;8.735;1;1.343
09181140;9.14;1;1.343
09181141;9.11;1;1.343
09181111;8.375;1;1.343
09181129;8.065;1;1.343
09181133;8.38;1;1.343
09181135;8.86;1;1.343
09181137;7.81;1;1.343
09181142;8.78;1;1.343
09181115;10.335;1;1.343
09181123;10.05;1;1.343
09181139;11.85;1;1.343
09181118;9.605;1;1.343
09181120;9.655;1;1.343
09181146;9.765;1;1.343
09182111;12.895;1;1.4731
09182112;8.495;1;1.4731
09182114;9.215;1;1.4731
09182116;10.72;1;1.4731
09182119;9.305;1;1.4731
09182120;11.67;1;1.4731
09182123;9.765;1;1.4731
09182124;11.025;1;1.4731
09182125;9.93;1;1.4731
09182127;10.885;1;1.4731
09182129;12.06;1;1.4731
09182131;10.765;1;1.4731
09182132;11.0;1;1.4731
09182133;9.67;1;1.4731
09182134;10.21;1;1.4731
09182136;10.445;1;1.4731
09182137;10.075;1;1.4731
09183112;8.12;1;1.3932
09183113;7.95;1;1.3932
09183114;8.165;1;1.3932
09183119;8.47;1;1.3932
09183127;7.75;1;1.3932
09183128;8.35;1;1.3932
09183135;7.915;1;1.3932
09183144;8.595;1;1.3932
09183148;7.18;1;1.3932
09183120;8.4;1;1.3932
09183138;7.16;1;1.3932
09183118;7.595;1;1.3932
09183147;6.265;1;1.3932
09183123;8.485;1;1.3932
09183140;6.91;1;1.3932
09183122;6.36;1;1.3932
09183124;6.655;1;1.3932
09183145;6.495;1;1.3932
09183115;5.975;1;1.3932
09183129;6.525;1;1.3932
09183125;6.88;1;1.3932
09183132;6.56;1;1.3932
09183143;5.12;1;1.3932
09183151;7.58;1;1.3932
09183134;5.065;1;1.3932
09183136;6.495;1;1.3932
09183116;6.79;1;1.3932
09183130;6.435;1;1.3932
09183131;6.84;1;1.3932
09183126;8.715;1;1.3932
09183139;8.28;1;1.3932
09184112;13.945;1;1.3536
09184113;13.76;1;1.3536
09184114;12.445;1;1.3536
09184118;13.295;1;1.3536
09184119;16.565;1;1.3536
09184120;13.77;1;1.3536
09184121;13.27;1;1.3536
09184122;14.85;1;1.3536
09184123;13.22;1;1.3536
09184127;13.17;1;1.3536
09184129;12.97;1;1.3536
09184130;14.55;1;1.3536
09184131;13.115;1;1.3536
09184132;14.29;1;1.3536
09184134;13.645;1;1.3536
09184135;12.67;1;1.3536
09184136;13.77;1;1.3536
09184137;11.63;1;1.3536
09184138;16.34;1;1.3536
09184139;13.43;1;1.3536
09184140;12.98;1;1.3536
09184141;11.86;1;1.3536
09184142;12.065;1;1.3536
09184144;12.305;1;1.3536
09184145;12.63;1;1.3536
09184146;15.99;1;1.3536
09184147;13.775;1;1.3536
09184148;13.78;1;1.3536
09184149;13.69;1;1.3536
09185113;7.625;1;1.3044
09185125;6.895;1;1.3044
09185127;7.14;1;1.3044
09185139;8.5;1;1.3044
09185140;8.18;1;1.3044
09185149;8.89;1;1.3044
09185150;8.17;1;1.3044
09185153;6.52;1;1.3044
09185158;8.795;1;1.3044
09185163;7.785;1;1.3044
09185168;8.295;1;1.3044
09185118;7.74;1;1.3044
09185157;7.11;1;1.3044
09185116;7.64;1;1.3044
09185123;6.905;1;1.3044
09185131;7.3;1;1.3044
09185143;8.045;1;1.3044
09185166;7.57;1;1.3044
09186113;9.29;1;1.2772
09186125;9.005;1;1.2772
09186128;8.685;1;1.2772
09186132;9.07;1;1.2772
09186137;10.06;1;1.2772
09186139;7.48;1;1.2772
09186143;9.93;1;1.2772
09186146;8.325;1;1.2772
09186149;8.395;1;1.2772
09186151;9.355;1;1.2772
09186152;9.43;1;1.2772
09186158;8.79;1;1.2772
09186162;8.83;1;1.2772
09186116;8.855;1;1.2772
09186122;8.94;1;1.2772
09186126;7.93;1;1.2772
09186130;8.845;1;1.2772
09186144;7.63;1;1.2772
09186147;9.105;1;1.2772
09187113;8.805;1;1.3481
09187114;9.18;1;1.3481
09187116;8.435;1;1.3481
09187117;12.025;1;1.3481
09187118;9.29;1;1.3481
09187120;10.695;1;1.3481
09187122;9.63;1;1.3481
09187124;8.72;1;1.3481
09187125;8.815;1;1.3481
09187126;9.1;1;1.3481
09187128;9.385;1;1.3481
09187129;9.53;1;1.3481
09187130;9.99;1;1.3481
09187131;8.615;1;1.3481
09187132;8.645;1;1.3481
09187134;8.25;1;1.3481
09187137;9.965;1;1.3481
09187142;9.665;1;1.3481
09187148;9.17;1;1.3481
09187150;9.79;1;1.3481
09187154;8.9;1;1.3481
09187156;9.19;1;1.3481
09187157;9.58;1;1.3481
09187162;10.195;1;1.3481
09187163;9.33;1;1.3481
09187165;9.07;1;1.3481
09187167;9.055;1;1.3481
09187168;9.725;1;1.3481
09187169;9.215;1;1.3481
09187172;8.975;1;1.3481
09187174;8.625;1;1.3481
09187176;9.09;1;1.3481
09187177;9.9;1;1.3481
09187179;9.745;1;1.3481
09187181;9.165;1;1.3481
09187182;9.45;1;1.3481
09187121;10.4;1;1.3481
09187123;7.49;1;1.3481
09187138;9.185;1;1.3481
09187139;8.87;1;1.3481
09187145;11.01;1;1.3481
09187173;8.495;1;1.3481
09187164;7.63;1;1.3481
09187170;8.81;1;1.3481
09187159;8.685;1;1.3481
09187186;8.775;1;1.3481
09188113;12.82;1;1.4042
09188117;10.27;1;1.4042
09188118;11.125;1;1.4042
09188120;12.505;1;1.4042
09188121;12.2;1;1.4042
09188124;13.045;1;1.4042
09188126;11.28;1;1.4042
09188127;13.38;1;1.4042
09188132;11.6;1;1.4042
09188137;11.225;1;1.4042
09188139;12.545;1;1.4042
09188141;11.48;1;1.4042
09188144;11.55;1;1.4042
09188145;12.255;1;1.4042
09189111;7.38;1;1.4308
09189114;9.045;1;1.4308
09189115;6.79;1;1.4308
09189118;7.56;1;1.4308
09189119;8.255;1;1.4308
09189120;8.88;1;1.4308
09189124;8.735;1;1.4308
09189127;7.59;1;1.4308
09189130;7.825;1;1.4308
09189134;7.285;1;1.4308
09189135;7.665;1;1.4308
09189139;8.89;1;1.4308
09189140;8.895;1;1.4308
09189141;8.13;1;1.4308
09189142;8.76;1;1.4308
09189143;8.875;1;1.4308
09189145;8.195;1;1.4308
09189148;7.84;1;1.4308
09189149;7.135;1;1.4308
09189152;7.21;1;1.4308
09189154;7.85;1;1.4308
09189155;8.59;1;1.4308
09189157;6.95;1;1.4308
09189159;8.84;1;1.4308
09189160;9.385;1;1.4308
09189113;8.565;1;1.4308
09189161;8.11;1;1.4308
09189129;8.635;1;1.4308
09189146;8.995;1;1.4308
09189126;6.845;1;1.4308
09189133;8.16;1;1.4308
09189137;7.84;1;1.4308
09189150;6.865;1;1.4308
09189162;8.065;1;1.4308
09189165;7.805;1;1.4308
09190115;10.655;1;1.4263
09190130;8.795;1;1.4263
09190138;9.035;1;1.4263
09190139;8.805;1;1.4263
09190140;8.275;1;1.4263
09190141;10.2;1;1.4263
09190142;9.02;1;1.4263
09190144;8.48;1;1.4263
09190148;8.42;1;1.4263
09190157;10.385;1;1.4263
09190158;7.305;1;1.4263
09190159;9.57;1;1.4263
09190111;8.435;1;1.4263
09190129;7.515;1;1.4263
09190133;6.76;1;1.4263
09190149;7.655;1;1.4263
09190151;6.815;1;1.4263
09190114;6.98;1;1.4263
09190118;6.475;1;1.4263
09190113;8.93;1;1.4263
09190126;8.82;1;1.4263
09190136;8.62;1;1.4263
09190153;9.08;1;1.4263
09190120;8.895;1;1.4263
09190121;8.425;1;1.4263
09190131;9.29;1;1.4263
09190135;9.46;1;1.4263
09190117;8.335;1;1.4263
09190145;7.935;1;1.4263
09190132;9.675;1;1.4263
09190152;10.36;1;1.4263
09190143;7.1;1;1.4263
09190154;7.22;1;1.4263
09190160;7.725;1;1.4263
09261000;9.49;1;1.3456
09262000;9.29;1;1.127
09263000;7.68;1;1.3099
09271111;5.565;1;1.3117
09271113;5.4;1;1.3117
09271116;6.615;1;1.3117
09271119;8.475;1;1.3117
09271122;5.905;1;1.3117
09271125;6.935;1;1.3117
09271127;7.785;1;1.3117
09271128;5.32;1;1.3117
09271132;7.455;1;1.3117
09271138;6.675;1;1.3117
09271140;6.525;1;1.3117
09271141;6.4;1;1.3117
09271146;7.625;1;1.3117
09271151;6.095;1;1.3117
09271153;6.095;1;1.3117
09271123;5.205;1;1.3117
09271126;4.48;1;1.3117
09271130;5.155;1;1.3117
09271148;6.36;1;1.3117
09271139;5.505;1;1.3117
09271143;6.095;1;1.3117
09271152;5.035;1;1.3117
09271118;4.32;1;1.3117
09271135;6.395;1;1.3117
09271114;5.56;1;1.3117
09271149;5.77;1;1.3117
09272118;5.76;1;1.4565
09272120;5.83;1;1.4565
09272121;5.02;1;1.4565
09272122;4.675;1;1.4565
09272127;5.32;1;1.4565
09272129;5.725;1;1.4565
09272134;5.42;1;1.4565
09272136;5.7;1;1.4565
09272140;4.275;1;1.4565
09272141;5.56;1;1.4565
09272142;5.47;1;1.4565
09272143;4.83;1;1.4565
09272146;4.96;1;1.4565
09272149;4.805;1;1.4565
09272151;6.11;1;1.4565
09272116;4.175;1;1.4565
09272128;5.04;1;1.4565
09272145;5.08;1;1.4565
09272147;5.84;1;1.4565
09272126;4.705;1;1.4565
09272139;4.38;1;1.4565
09272150;5.515;1;1.4565
09272152;4.43;1;1.4565
09272119;3.99;1;1.4565
09272138;5.13;1;1.4565
09273111;8.345;1;1.2798
09273116;8.595;1;1.2798
09273137;7.6;1;1.2798
09273147;7.815;1;1.2798
09273152;8.65;1;1.2798
09273159;6.18;1;1.2798
09273164;6.9;1;1.2798
09273165;6.975;1;1.2798
09273121;7.735;1;1.2798
09273133;6.91;1;1.2798
09273166;7.05;1;1.2798
09273175;6.785;1;1.2798
09273125;6.635;1;1.2798
09273127;6.58;1;1.2798
09273141;7.89;1;1.2798
09273119;7.99;1;1.2798
09273139;6.835;1;1.2798
09273172;7.27;1;1.2798
09273177;7.035;1;1.2798
09273181;6.725;1;1.2798
09273113;7.76;1;1.2798
09273115;7.96;1;1.2798
09273163;6.75;1;1.2798
09273178;7.34;1;1.2798
09274111;8.805;1;1.3148
09274113;8.415;1;1.3148
09274120;7.17;1;1.3148
09274121;9.055;1;1.3148
09274124;7.97;1;1.3148
09274126;8.795;1;1.3148
09274128;7.895;1;1.3148
09274134;8.14;1;1.3148
09274141;7.11;1;1.3148
09274146;7.87;1;1.3148
09274153;7.44;1;1.3148
09274156;9.22;1;1.3148
09274172;7.345;1;1.3148
09274176;6.995;1;1.3148
09274182;8.205;1;1.3148
09274184;7.575;1;1.3148
09274185;9.505;1;1.3148
09274194;8.065;1;1.3148
09274119;7.72;1;1.3148
09274127;7.69;1;1.3148
09274132;8.695;1;1.3148
09274165;7.11;1;1.3148
09274187;8.96;1;1.3148
09274174;7.585;1;1.3148
09274188;7.67;1;1.3148
09274191;8.4;1;1.3148
09274112;7.21;1;1.3148
09274135;7.905;1;1.3148
09274145;6.565;1;1.3148
09274179;7.41;1;1.3148
09274114;7.86;1;1.3148
09274118;7.485;1;1.3148
09274154;6.92;1;1.3148
09274183;7.4;1;1.3148
09274193;6.005;1;1.3148
09275111;5.99;1;1.3728
09275114;5.705;1;1.3728
09275116;8.795;1;1.3728
09275118;5.475;1;1.3728
09275119;6.28;1;1.3728
09275120;5.93;1;1.3728
09275121;6.045;1;1.3728
09275122;6.98;1;1.3728
09275124;6.955;1;1.3728
09275125;5.915;1;1.3728
09275126;5.79;1;1.3728
09275127;5.475;1;1.3728
09275128;6.31;1;1.3728
09275130;6.83;1;1.3728
09275131;6.025;1;1.3728
09275133;6.87;1;1.3728
09275134;6.385;1;1.3728
09275135;6.8;1;1.3728
09275137;6.66;1;1.3728
09275138;6.3;1;1.3728
09275141;6.715;1;1.3728
09275144;6.185;1;1.3728
09275145;6.12;1;1.3728
09275146;6.725;1;1.3728
09275148;5.335;1;1.3728
09275149;6.275;1;1.3728
09275150;6.62;1;1.3728
09275151;6.55;1;1.3728
09275153;5.365;1;1.3728
09275154;6.605;1;1.3728
09275156;6.065;1;1.3728
09275159;5.67;1;1.3728
09275152;6.485;1;1.3728
09275160;5.295;1;1.3728
09275112;6.6;1;1.3728
09275117;5.785;1;1.3728
09275132;5.825;1;1.3728
09275143;6.265;1;1.3728
09276113;4.93;1;1.3563
09276115;6.1;1;1.3563
09276116;5.215;1;1.3563
09276117;6.035;1;1.3563
09276118;4.935;1;1.3563
09276120;5.085;1;1.3563
09276121;3.92;1;1.3563
09276122;5.595;1;1.3563
09276126;5.22;1;1.3563
09276127;5.38;1;1.3563
09276128;4.81;1;1.3563
09276129;5.075;1;1.3563
09276130;5.585;1;1.3563
09276134;5.55;1;1.3563
09276135;5.22;1;1.3563
09276138;5.885;1;1.3563
09276139;4.755;1;1.3563
09276143;6.455;1;1.3563
09276144;6.17;1;1.3563
09276148;5.555;1;1.3563
09276111;3.62;1;1.3563
09276123;5.41;1;1.3563
09276142;5.31;1;1.3563
09276146;5.435;1;1.3563
09277111;6.615;1;1.3427
09277114;5.515;1;1.3427
09277116;6.685;1;1.3427
09277117;5.5;1;1.3427
09277121;6.22;1;1.3427
09277124;6.535;1;1.3427
09277126;5.895;1;1.3427
09277127;7.07;1;1.3427
09277128;5.985;1;1.3427
09277134;7.095;1;1.3427
09277138;7.31;1;1.3427
09277139;6.38;1;1.3427
09277142;6.125;1;1.3427
09277144;6.805;1;1.3427
09277145;6.505;1;1.3427
09277149;5.965;1;1.3427
09277151;5.925;1;1.3427
09277152;5.405;1;1.3427
09277153;5.46;1;1.3427
09277154;4.87;1;1.3427
09277119;5.945;1;1.3427
09277131;5.475;1;1.3427
09277141;5.235;1;1.3427
09277122;4.56;1;1.3427
09277133;7.045;1;1.3427
09277112;6.2;1;1.3427
09277113;6.885;1;1.3427
09277140;5.405;1;1.3427
09277148;6.21;1;1.3427
09277118;6.705;1;1.3427
09277147;5.735;1;1.3427
09278118;6.485;1;1.4048
09278121;6.005;1;1.4048
09278123;7.19;1;1.4048
09278129;6.01;1;1.4048
09278141;6.21;1;1.4048
09278143;5.72;1;1.4048
09278144;6.68;1;1.4048
09278146;6.9;1;1.4048
09278148;6.975;1;1.4048
09278167;6.335;1;1.4048
09278170;7.57;1;1.4048
09278178;5.0;1;1.4048
09278184;6.09;1;1.4048
09278190;7.415;1;1.4048
09278197;7.02;1;1.4048
09278147;5.4;1;1.4048
09278179;6.25;1;1.4048
09278189;5.195;1;1.4048
09278116;6.13;1;1.4048
09278120;6.295;1;1.4048
09278134;5.455;1;1.4048
09278151;6.49;1;1.4048
09278139;5.475;1;1.4048
09278154;5.93;1;1.4048
09278198;5.595;1;1.4048
09278112;6.165;1;1.4048
09278117;6.96;1;1.4048
09278172;6.555;1;1.4048
09278177;6.87;1;1.4048
09278149;5.63;1;1.4048
09278159;6.35;1;1.4048
09278171;4.595;1;1.4048
09278187;6.44;1;1.4048
09278113;6.915;1;1.4048
09278182;7.455;1;1.4048
09278140;5.01;1;1.4048
09278192;6.9;1;1.4048
09279112;7.475;1;1.3553
09279113;5.715;1;1.3553
09279115;7.39;1;1.3553
09279122;6.945;1;1.3553
09279124;7.72;1;1.3553
09279126;6.99;1;1.3553
09279127;7.275;1;1.3553
09279128;7.215;1;1.3553
09279130;7.305;1;1.3553
09279132;6.635;1;1.3553
09279134;6.705;1;1.3553
09279135;6.305;1;1.3553
09279137;6.935;1;1.3553
09279116;8.09;1;1.3553
09279125;7.715;1;1.3553
09361000;7.42;1;1.3868
09362000;10.635;1;1.2938
09363000;6.69;1;1.4051
09371111;5.72;1;1.3514
09371113;5.41;1;1.3514
09371118;5.82;1;1.3514
09371119;5.55;1;1.3514
09371120;5.2;1;1.3514
09371121;5.35;1;1.3514
09371122;5.765;1;1.3514
09371127;5.38;1;1.3514
09371129;4.84;1;1.3514
09371132;5.6;1;1.3514
09371136;7.11;1;1.3514
09371144;6.43;1;1.3514
09371146;5.695;1;1.3514
09371148;5.345;1;1.3514
09371150;5.09;1;1.3514
09371151;6.37;1;1.3514
09371154;7.285;1;1.3514
09371156;6.35;1;1.3514
09371123;5.785;1;1.3514
09371126;6.345;1;1.3514
09371128;4.96;1;1.3514
09371135;5.635;1;1.3514
09371140;5.025;1;1.3514
09371141;6.095;1;1.3514
09371157;6.005;1;1.3514
09371116;6.315;1;1.3514
09371131;5.23;1;1.3514
09372112;5.54;1;1.3665
09372113;5.17;1;1.3665
09372115;5.485;1;1.3665
09372116;6.66;1;1.3665
09372117;5.48;1;1.3665
09372124;4.385;1;1.3665
09372126;5.27;1;1.3665
09372130;4.74;1;1.3665
09372135;4.79;1;1.3665
09372137;6.13;1;1.3665
09372138;5.22;1;1.3665
09372143;6.595;1;1.3665
09372144;5.49;1;1.3665
09372146;6.15;1;1.3665
09372151;5.52;1;1.3665
09372153;7.43;1;1.3665
09372154;6.12;1;1.3665
09372155;5.225;1;1.3665
09372157;5.165;1;1.3665
09372158;5.9;1;1.3665
09372164;5.84;1;1.3665
09372168;4.965;1;1.3665
09372171;5.95;1;1.3665
09372175;7.425;1;1.3665
09372177;6.08;1;1.3665
09372178;4.88;1;1.3665
09372163;4.7;1;1.3665
09372165;4.78;1;1.3665
09372147;4.905;1;1.3665
09372161;5.165;1;1.3665
09372128;5.28;1;1.3665
09372174;5.305;1;1.3665
09372149;5.63;1;1.3665
09372170;5.97;1;1.3665
09372167;5.58;1;1.3665
09372169;6.375;1;1.3665
09372125;5.915;1;1.3665
09372142;5.735;1;1.3665
09372150;5.235;1;1.3665
09373112;7.4;1;1.4041
09373113;6.93;1;1.4041
09373115;6.46;1;1.4041
09373119;6.795;1;1.4041
09373121;7.685;1;1.4041
09373126;7.13;1;1.4041
09373134;6.485;1;1.4041
09373140;6.03;1;1.4041
09373143;7.04;1;1.4041
09373146;7.645;1;1.4041
09373147;8.265;1;1.4041
09373151;7.32;1;1.4041
09373155;7.67;1;1.4041
09373156;7.005;1;1.4041
09373160;6.685;1;1.4041
09373167;6.45;1;1.4041
09373114;7.03;1;1.4041
09373153;6.67;1;1.4041
09373159;9.52;1;1.4041
09374111;6.245;1;1.4495
09374118;4.925;1;1.4495
09374121;4.995;1;1.4495
09374122;4.76;1;1.4495
09374124;5.9;1;1.4495
09374133;5.71;1;1.4495
09374134;5.945;1;1.4495
09374137;6.345;1;1.4495
09374139;5.435;1;1.4495
09374162;5.445;1;1.4495
09374164;5.285;1;1.4495
09374165;4.89;1;1.4495
09374168;5.04;1;1.4495
09374128;4.995;1;1.4495
09374144;5.045;1;1.4495
09374150;4.61;1;1.4495
09374158;5.415;1;1.4495
09374160;5.78;1;1.4495
09374148;4.92;1;1.4495
09374149;6.355;1;1.4495
09374156;5.48;1;1.4495
09374119;6.705;1;1.4495
09374131;5.23;1;1.4495
09374166;5.81;1;1.4495
09374129;5.31;1;1.4495
09374155;5.785;1;1.4495
09374163;5.71;1;1.4495
09374117;6.225;1;1.4495
09374140;5.215;1;1.4495
09374157;5.41;1;1.4495
09374127;5.495;1;1.4495
09374146;6.675;1;1.4495
09374154;6.395;1;1.4495
09374170;5.18;1;1.4495
09374132;5.18;1;1.4495
09374159;4.09;1;1.4495
09374123;4.57;1;1.4495
09374147;4.255;1;1.4495
09375117;8.08;1;1.2614
09375118;6.885;1;1.2614
09375119;6.955;1;1.2614
09375143;6.705;1;1.2614
09375148;7.0;1;1.2614
09375161;8.33;1;1.2614
09375165;8.59;1;1.2614
09375170;7.475;1;1.2614
09375174;8.435;1;1.2614
09375175;8.255;1;1.2614
09375179;9.16;1;1.2614
09375180;11.295;1;1.2614
09375181;7.12;1;1.2614
09375183;6.73;1;1.2614
09375190;7.765;1;1.2614
09375196;7.925;1;1.2614
09375199;8.35;1;1.2614
09375204;9.02;1;1.2614
09375205;7.315;1;1.2614
09375208;8.055;1;1.2614
09375209;7.01;1;1.2614
09375213;8.495;1;1.2614
09375131;6.365;1;1.2614
09375153;7.895;1;1.2614
09375156;6.52;1;1.2614
09375122;6.88;1;1.2614
09375127;7.7;1;1.2614
09375162;7.015;1;1.2614
09375184;6.885;1;1.2614
09375211;7.64;1;1.2614
09375114;7.675;1;1.2614
09375116;6.83;1;1.2614
09375130;8.01;1;1.2614
09375120;4.955;1;1.2614
09375210;7.735;1;1.2614
09375113;7.305;1;1.2614
09375182;6.99;1;1.2614
09375115;6.29;1;1.2614
09375171;6.64;1;1.2614
09375191;5.43;1;1.2614
09375201;6.885;1;1.2614
09376116;5.825;1;1.3681
09376117;6.065;1;1.3681
09376119;7.85;1;1.3681
09376125;5.57;1;1.3681
09376141;7.545;1;1.3681
09376147;6.255;1;1.3681
09376149;6.62;1;1.3681
09376150;6.22;1;1.3681
09376151;5.69;1;1.3681
09376159;7.19;1;1.3681
09376161;6.915;1;1.3681
09376170;7.29;1;1.3681
09376131;3.835;0;1.3681
09376148;5.0;1;1.3681
09376171;4.745;1;1.3681
09376178;4.17;1;1.3681
09376112;4.36;1;1.3681
09376133;4.93;1;1.3681
09376144;6.02;1;1.3681
09376162;5.125;1;1.3681
09376163;6.39;1;1.3681
09376169;5.895;1;1.3681
09376153;5.995;1;1.3681
09376173;4.6;1;1.3681
09376160;4.965;1;1.3681
09376167;4.07;1;1.3681
09376176;4.215;1;1.3681
09376122;4.257;0;1.3681
09376146;5.69;1;1.3681
09376164;3.92;1;1.3681
09376172;4.175;1;1.3681
09376168;6.51;1;1.3681
09376175;6.41;1;1.3681
09377112;4.375;1;1.4262
09377116;5.0;1;1.4262
09377118;3.255;1;1.4262
09377119;4.055;1;1.4262
09377127;6.39;1;1.4262
09377131;4.4;1;1.4262
09377133;4.695;1;1.4262
09377139;5.02;1;1.4262
09377142;4.36;1;1.4262
09377146;4.605;1;1.4262
09377154;5.39;1;1.4262
09377157;5.005;1;1.4262
09377158;4.965;1;1.4262
09377137;4.37;1;1.4262
09377141;5.18;1;1.4262
09377145;3.975;1;1.4262
09377128;5.88;1;1.4262
09377129;5.905;1;1.4262
09377113;4.775;1;1.4262
09377115;4.965;1;1.4262
09377143;4.525;1;1.4262
09377148;4.145;1;1.4262
09377132;4.54;1;1.4262
09377149;4.425;1;1.4262
09377117;4.435;1;1.4262
09377159;4.84;1;1.4262
09461000;8.85;1;1.3469
09462000;8.575;1;1.3388
09463000;7.42;1;1.1995
09464000;5.845;1;1.2763
09471111;7.285;1;1.5696
09471117;7.2;1;1.5696
09471119;6.83;1;1.5696
09471123;6.79;1;1.5696
09471131;6.485;1;1.5696
09471137;7.245;1;1.5696
09471140;7.705;1;1.5696
09471142;6.045;1;1.5696
09471145;7.51;1;1.5696
09471150;6.32;1;1.5696
09471155;6.855;1;1.5696
09471159;6.84;1;1.5696
09471165;6.445;1;1.5696
09471169;5.965;1;1.5696
09471172;6.3;1;1.5696
09471174;6.185;1;1.5696
09471185;6.365;1;1.5696
09471191;7.385;1;1.5696
09471195;6.93;1;1.5696
09471207;6.57;1;1.5696
09471208;6.615;1;1.5696
09471214;6.995;1;1.5696
09471220;6.03;1;1.5696
09471115;6.27;1;1.5696
09471133;5.285;1;1.5696
09471152;6.215;1;1.5696
09471175;5.27;1;1.5696
09471151;5.255;1;1.5696
09471189;6.14;1;1.5696
09471209;4.55;0;1.5696
09471122;5.145;1;1.5696
09471128;5.39;1;1.5696
09471120;6.7;1;1.5696
09471186;5.725;1;1.5696
09471154;6.24;1;1.5696
09471173;6.565;1;1.5696
09472111;5.76;1;1.5426
09472116;5.505;1;1.5426
09472119;6.945;1;1.5426
09472121;5.415;1;1.5426
09472131;6.475;1;1.5426
09472138;4.855;1;1.5426
09472139;5.925;1;1.5426
09472143;6.24;1;1.5426
09472150;7.13;1;1.5426
09472164;5.32;1;1.5426
09472175;6.735;1;1.5426
09472179;5.55;1;1.5426
09472190;5.69;1;1.5426
09472197;7.275;1;1.5426
09472198;5.41;1;1.5426
09472115;4.83;1;1.5426
09472154;5.615;1;1.5426
09472176;4.365;1;1.5426
09472141;5.91;1;1.5426
09472167;5.98;1;1.5426
09472140;6.25;1;1.5426
09472155;7.765;1;1.5426
09472166;6.32;1;1.5426
09472133;6.25;1;1.5426
09472156;5.18;1;1.5426
09472188;5.015;1;1.5426
09472199;5.92;1;1.5426
09472127;5.6;1;1.5426
09472146;5.15;1;1.5426
09472180;5.64;1;1.5426
09472184;5.625;1;1.5426
09472118;5.355;1;1.5426
09472177;4.945;1;1.5426
09473112;6.185;1;1.3056
09473120;6.24;1;1.3056
09473121;5.67;1;1.3056
09473132;6.47;1;1.3056
09473138;5.49;1;1.3056
09473141;6.705;1;1.3056
09473144;6.04;1;1.3056
09473151;5.535;1;1.3056
09473158;6.195;1;1.3056
09473159;5.785;1;1.3056
09473165;5.595;1;1.3056
09473166;5.79;1;1.3056
09473170;5.895;1;1.3056
09473174;5.21;1;1.3056
09473175;6.99;1;1.3056
09473134;6.19;1;1.3056
09473153;6.395;1;1.3056
09474123;8.24;1;1.3685
09474124;6.07;1;1.3685
09474126;7.975;1;1.3685
09474129;5.935;1;1.3685
09474133;6.635;1;1.3685
09474134;7.335;1;1.3685
09474135;8.625;1;1.3685
09474140;6.655;1;1.3685
09474146;8.17;1;1.3685
09474154;8.105;1;1.3685
09474156;5.86;1;1.3685
09474161;6.64;1;1.3685
09474176;5.795;1;1.3685
09474121;6.91;1;1.3685
09474168;4.955;1;1.3685
09474145;5.93;1;1.3685
09474158;6.58;1;1.3685
09474175;7.205;1;1.3685
09474143;7.395;1;1.3685
09474147;6.07;1;1.3685
09474171;6.65;1;1.3685
09474122;8.225;1;1.3685
09474160;7.945;1;1.3685
09474119;7.765;1;1.3685
09474137;7.475;1;1.3685
09474144;8.215;1;1.3685
09474132;6.515;1;1.3685
09474138;5.735;1;1.3685
09474173;7.125;1;1.3685
09475112;5.76;1;1.4142
09475113;5.06;1;1.4142
09475120;5.74;1;1.4142
09475128;4.415;1;1.4142
09475136;4.895;1;1.4142
09475141;5.56;1;1.4142
09475142;4.71;1;1.4142
09475154;5.125;1;1.4142
09475156;5.09;1;1.4142
09475158;5.185;1;1.4142
09475161;4.67;1;1.4142
09475162;4.66;1;1.4142
09475168;4.855;1;1.4142
09475169;4.605;1;1.4142
09475171;4.905;1;1.4142
09475175;5.085;1;1.4142
09475189;4.9;1;1.4142
09475137;4.515;1;1.4142
09475146;4.54;1;1.4142
09475123;4.935;1;1.4142
09475127;5.575;1;1.4142
09475181;4.535;1;1.4142
09475182;4.22;1;1.4142
09475145;4.905;1;1.4142
09475165;4.64;1;1.4142
09475174;4.005;1;1.4142
09475184;4.975;1;1.4142
09476145;6.655;1;1.3924
09476146;6.15;1;1.3924
09476152;5.01;1;1.3924
09476159;4.415;1;1.3924
09476164;5.41;1;1.3924
09476175;5.215;1;1.3924
09476177;5.275;1;1.3924
09476178;5.325;1;1.3924
09476179;5.06;1;1.3924
09476183;5.91;1;1.3924
09476184;4.675;1;1.3924
09476185;5.355;1;1.3924
09476189;4.78;1;1.3924
09476166;4.735;1;1.3924
09476180;4.275;1;1.3924
09476182;4.576;0;1.3924
09476154;5.445;1;1.3924
09476171;4.678;0;1.3924
09477121;6.13;1;1.2735
09477128;7.115;1;1.2735
09477136;5.93;1;1.2735
09477139;5.215;1;1.2735
09477142;5.95;1;1.2735
09477143;5.475;1;1.2735
09477148;4.715;1;1.2735
09477157;6.13;1;1.2735
09477163;5.485;1;1.2735
09477151;4.885;1;1.2735
09477156;5.705;1;1.2735
09477117;4.44;1;1.2735
09477138;4.71;1;1.2735
09477118;5.01;1;1.2735
09477129;4.79;1;1.2735
09477135;6.94;1;1.2735
09477159;5.65;1;1.2735
09477124;4.815;1;1.2735
09477164;4.485;1;1.2735
09477119;5.585;1;1.2735
09477127;6.695;1;1.2735
09477158;5.54;1;1.2735
09478111;6.14;1;1.3437
09478116;5.42;1;1.3437
09478120;7.355;1;1.3437
09478139;6.185;1;1.3437
09478145;5.81;1;1.3437
09478165;7.205;1;1.3437
09478176;5.255;1;1.3437
09478143;5.105;1;1.3437
09478155;6.505;1;1.3437
09478127;5.405;1;1.3437
09478144;5.99;1;1.3437
09479112;4.35;1;1.4402
09479129;4.715;1;1.4402
09479135;3.79;1;1.4402
09479136;5.455;1;1.4402
09479145;4.1;1;1.4402
09479150;4.75;1;1.4402
09479152;4.725;1;1.4402
09479166;5.62;1;1.4402
09479169;5.11;1;1.4402
09479126;4.505;1;1.4402
09479158;4.365;1;1.4402
09479159;5.69;1;1.4402
09479127;4.41;1;1.4402
09479147;3.85;1;1.4402
09479111;5.3;1;1.4402
09479138;4.9;1;1.4402
09479161;4.345;1;1.4402
09561000;7.83;1;1.2567
09562000;10.53;1;1.2184
09563000;8.975;1;1.3783
09564000;9.67;1;1.2885
09565000;8.075;1;1.2941
09571113;5.48;1;1.3083
09571114;6.64;1;1.3083
09571115;6.12;1;1.3083
09571127;7.095;1;1.3083
09571130;6.595;1;1.3083
09571135;6.395;1;1.3083
09571136;8.225;1;1.3083
09571139;5.705;1;1.3083
09571145;6.825;1;1.3083
09571146;6.27;1;1.3083
09571165;6.98;1;1.3083
09571166;7.015;1;1.3083
09571170;5.465;1;1.3083
09571171;6.205;1;1.3083
09571174;6.195;1;1.3083
09571175;6.325;1;1.3083
09571177;7.08;1;1.3083
09571180;8.715;1;1.3083
09571183;5.945;1;1.3083
09571190;6.45;1;1.3083
09571193;6.815;1;1.3083
09571196;7.28;1;1.3083
09571199;6.4;1;1.3083
09571200;6.265;1;1.3083
09571214;6.65;1;1.3083
09571226;6.375;1;1.3083
09571111;5.29;1;1.3083
09571152;5.95;1;1.3083
09571155;5.75;1;1.3083
09571169;6.11;1;1.3083
09571181;7.09;1;1.3083
09571188;6.35;1;1.3083
09571205;5.475;1;1.3083
09571225;6.555;1;1.3083
09571125;5.56;1;1.3083
09571134;5.295;1;1.3083
09571137;6.56;1;1.3083
09571198;6.065;1;1.3083
09571222;4.805;1;1.3083
09571228;6.065;1;1.3083
09571122;6.005;1;1.3083
09571194;5.535;1;1.3083
09571217;6.335;1;1.3083
09571189;6.83;1;1.3083
09571216;8.39;1;1.3083
09571128;6.155;1;1.3083
09571132;5.405;1;1.3083
09571223;5.43;1;1.3083
09571179;6.09;1;1.3083
09571218;5.43;1;1.3083
09571224;6.315;1;1.3083
09571141;5.175;1;1.3083
09571154;5.62;1;1.3083
09571192;5.47;1;1.3083
09571208;4.728;0;1.3083
09571227;4.69;1;1.3083
09571178;5.38;1;1.3083
09571229;6.455;1;1.3083
09572111;7.62;1;1.3089
09572115;9.085;1;1.3089
09572119;10.05;1;1.3089
09572121;8.025;1;1.3089
09572130;8.04;1;1.3089
09572131;8.575;1;1.3089
09572132;9.235;1;1.3089
09572135;7.735;1;1.3089
09572137;8.465;1;1.3089
09572142;9.395;1;1.3089
09572149;7.87;1;1.3089
09572160;5.2;1;1.3089
09572164;8.135;1;1.3089
09572126;6.59;1;1.3089
09572139;7.03;1;1.3089
09572143;6.53;1;1.3089
09572159;5.595;1;1.3089
09572114;8.425;1;1.3089
09572147;7.995;1;1.3089
09572120;9.785;1;1.3089
09572141;9.6;1;1.3089
09572154;9.845;1;1.3089
09572158;9.375;1;1.3089
09572127;8.435;1;1.3089
09572133;8.465;1;1.3089
09573111;6.875;1;1.3816
09573114;7.725;1;1.3816
09573115;7.075;1;1.3816
09573120;7.68;1;1.3816
09573122;8.855;1;1.3816
09573124;7.11;1;1.3816
09573125;7.545;1;1.3816
09573127;8.71;1;1.3816
09573133;7.985;1;1.3816
09573134;8.525;1;1.3816
09573126;8.225;1;1.3816
09573130;7.68;1;1.3816
09573123;9.37;1;1.3816
09573129;9.09;1;1.3816
09574112;8.235;1;1.3922
09574117;7.6;1;1.3922
09574123;8.295;1;1.3922
09574132;7.295;1;1.3922
09574135;7.5;1;1.3922
09574138;8.285;1;1.3922
09574139;7.56;1;1.3922
09574140;5.595;1;1.3922
09574141;7.82;1;1.3922
09574146;7.14;1;1.3922
09574147;7.035;1;1.3922
09574150;7.11;1;1.3922
09574152;7.99;1;1.3922
09574154;8.525;1;1.3922
09574155;7.255;1;1.3922
09574156;8.685;1;1.3922
09574157;9.195;1;1.3922
09574158;6.4;1;1.3922
09574164;7.21;1;1.3922
09574129;5.235;1;1.3922
09574160;5.725;1;1.3922
09574161;5.11;1;1.3922
09574111;6.335;1;1.3922
09574128;6.58;1;1.3922
09574120;7.795;1;1.3922
09574131;7.055;1;1.3922
09574145;5.39;1;1.3922
09575112;6.46;1;1.4882
09575116;5.95;1;1.4882
09575119;6.18;1;1.4882
09575121;6.585;1;1.4882
09575135;6.245;1;1.4882
09575145;6.485;1;1.4882
09575153;6.68;1;1.4882
09575156;5.37;1;1.4882
09575138;5.92;1;1.4882
09575144;5.59;1;1.4882
09575147;5.33;1;1.4882
09575157;6.185;1;1.4882
09575161;5.785;1;1.4882
09575165;5.38;1;1.4882
09575122;5.62;1;1.4882
09575127;6.005;1;1.4882
09575130;4.724;0;1.4882
09575134;4.77;1;1.4882
09575146;5.535;1;1.4882
09575155;6.58;1;1.4882
09575163;5.855;1;1.4882
09575168;6.135;1;1.4882
09575179;4.92;1;1.4882
09575129;7.625;1;1.4882
09575181;6.54;1;1.4882
09575113;6.145;1;1.4882
09575118;6.775;1;1.4882
09575128;5.675;1;1.4882
09575150;5.815;1;1.4882
09575117;5.32;1;1.4882
09575125;6.42;1;1.4882
09575167;7.03;1;1.4882
09575115;6.2;1;1.4882
09575124;5.06;1;1.4882
09575133;5.57;1;1.4882
09575143;5.275;1;1.4882
09575152;6.09;1;1.4882
09575166;4.885;1;1.4882
09576111;6.895;1;1.4064
09576113;7.595;1;1.4064
09576117;6.95;1;1.4064
09576121;7.07;1;1.4064
09576122;6.8;1;1.4064
09576126;6.385;1;1.4064
09576127;7.445;1;1.4064
09576128;7.285;1;1.4064
09576132;8.02;1;1.4064
09576137;8.005;1;1.4064
09576141;6.3;1;1.4064
09576142;7.405;1;1.4064
09576143;7.28;1;1.4064
09576147;6.26;1;1.4064
09576148;6.2;1;1.4064
09576151;8.445;1;1.4064
09577114;7.4;1;1.4619
09577136;6.91;1;1.4619
09577148;4.78;1;1.4619
09577158;5.625;1;1.4619
09577161;6.57;1;1.4619
09577162;5.045;1;1.4619
09577168;6.15;1;1.4619
09577173;6.515;1;1.4619
09577177;6.79;1;1.4619
09577111;7.385;1;1.4619
09577138;5.99;1;1.4619
09577159;6.415;1;1.4619
09577172;4.91;1;1.4619
09577113;6.14;1;1.4619
09577122;5.185;1;1.4619
09577149;5.175;1;1.4619
09577150;4.855;1;1.4619
09577125;6.375;1;1.4619
09577127;5.36;1;1.4619
09577141;5.62;1;1.4619
09577115;6.085;1;1.4619
09577120;5.47;1;1.4619
09577151;4.97;1;1.4619
09577163;5.425;1;1.4619
09577133;6.015;1;1.4619
09577140;4.55;1;1.4619
09577179;5.15;1;1.4619
09661000;9.135;1;1.2666
09662000;7.16;1;1.243
09663000;9.935;1;1.2622
09671111;8.21;1;1.3451
09671112;7.095;1;1.3451
09671114;7.61;1;1.3451
09671119;6.7;1;1.3451
09671120;8.44;1;1.3451
09671121;8.185;1;1.3451
09671122;7.705;1;1.3451
09671124;8.305;1;1.3451
09671130;7.51;1;1.3451
09671133;8.035;1;1.3451
09671134;8.81;1;1.3451
09671136;8.02;1;1.3451
09671139;7.07;1;1.3451
09671140;8.06;1;1.3451
09671143;6.95;1;1.3451
09671148;5.34;1;1.3451
09671150;6.865;1;1.3451
09671155;8.225;1;1.3451
09671156;8.145;1;1.3451
09671157;6.095;1;1.3451
09671126;6.145;1;1.3451
09671128;5.51;1;1.3451
09671127;6.115;1;1.3451
09671141;6.215;1;1.3451
09671160;5.86;1;1.3451
09671113;6.095;1;1.3451
09671135;6.16;1;1.3451
09671138;6.93;1;1.3451
09671152;6.82;1;1.3451
09671153;6.11;1;1.3451
09671159;6.005;1;1.3451
09671162;5.18;1;1.3451
09672112;5.865;1;1.3208
09672113;5.68;1;1.3208
09672114;7.14;1;1.3208
09672117;4.685;1;1.3208
09672127;5.335;1;1.3208
09672134;4.555;1;1.3208
09672135;5.71;1;1.3208
09672136;5.075;1;1.3208
09672139;4.91;1;1.3208
09672140;5.255;1;1.3208
09672161;5.085;1;1.3208
09672163;4.255;1;1.3208
09672166;5.17;1;1.3208
09672126;4.265;1;1.3208
09672138;4.88;1;1.3208
09672145;5.74;1;1.3208
09672149;3.85;1;1.3208
09672121;4.875;1;1.3208
09672124;6.45;1;1.3208
09672111;5.17;1;1.3208
09672122;5.335;1;1.3208
09672142;4.925;1;1.3208
09672155;5.915;1;1.3208
09672131;5.215;1;1.3208
09672143;4.895;1;1.3208
09672157;4.515;1;1.3208
09673114;6.665;1;1.3879
09673117;4.795;1;1.3879
09673141;5.525;1;1.3879
09673149;4.635;1;1.3879
09673162;3.8;1;1.3879
09673116;6.68;1;1.3879
09673130;4.85;1;1.3879
09673142;5.98;1;1.3879
09673151;4.9;1;1.3879
09673170;4.525;1;1.3879
09673113;5.48;1;1.3879
09673126;4.95;1;1.3879
09673131;3.845;1;1.3879
09673134;4.69;1;1.3879
09673172;4.31;1;1.3879
09673173;4.695;1;1.3879
09673174;3.58;1;1.3879
09673135;6.0;1;1.3879
09673146;5.38;1;1.3879
09673156;6.085;1;1.3879
09673161;6.155;1;1.3879
09673163;5.03;1;1.3879
09673171;5.365;1;1.3879
09673186;5.285;1;1.3879
09673123;4.38;1;1.3879
09673129;4.25;1;1.3879
09673147;4.145;1;1.3879
09673133;4.86;1;1.3879
09673136;4.865;1;1.3879
09673175;5.595;1;1.3879
09673183;5.275;1;1.3879
09673153;5.545;1;1.3879
09673167;4.52;1;1.3879
09673182;4.465;1;1.3879
09673127;4.47;1;1.3879
09673160;4.28;1;1.3879
09673184;5.405;1;1.3879
09674133;5.645;1;1.3412
09674147;7.775;1;1.3412
09674159;5.545;1;1.3412
09674163;5.445;1;1.3412
09674164;5.915;1;1.3412
09674171;4.74;1;1.3412
09674187;5.03;1;1.3412
09674195;5.665;1;1.3412
09674210;5.675;1;1.3412
09674221;5.96;1;1.3412
09674118;5.645;1;1.3412
09674129;6.27;1;1.3412
09674160;4.14;1;1.3412
09674201;5.445;1;1.3412
09674130;5.775;1;1.3412
09674184;4.92;1;1.3412
09674190;5.135;1;1.3412
09674111;4.925;1;1.3412
09674120;3.915;1;1.3412
09674121;5.65;1;1.3412
09674149;6.295;1;1.3412
09674153;4.345;1;1.3412
09674223;4.0;1;1.3412
09674139;5.455;1;1.3412
09674180;5.93;1;1.3412
09674219;5.285;1;1.3412
09675117;6.585;1;1.4678
09675127;5.6;1;1.4678
09675141;6.885;1;1.4678
09675144;6.285;1;1.4678
09675158;5.135;1;1.4678
09675165;6.3;1;1.4678
09675111;5.08;1;1.4678
09675116;5.885;1;1.4678
09675162;5.58;1;1.4678
09675178;6.035;1;1.4678
09675131;5.485;1;1.4678
09675142;5.775;1;1.4678
09675177;6.445;1;1.4678
09675139;6.715;1;1.4678
09675148;5.55;1;1.4678
09675161;7.09;1;1.4678
09675179;5.63;1;1.4678
09675112;5.925;1;1.4678
09675113;6.015;1;1.4678
09675114;5.765;1;1.4678
09675146;5.56;1;1.4678
09675170;6.635;1;1.4678
09675147;6.705;1;1.4678
09675149;5.995;1;1.4678
09675150;5.355;1;1.4678
09675156;6.36;1;1.4678
09675166;5.975;1;1.4678
09675167;4.01;1;1.4678
09675155;6.3;1;1.4678
09675169;6.89;1;1.4678
09675174;6.535;1;1.4678
09676112;5.975;1;1.4038
09676117;6.09;1;1.4038
09676118;5.615;1;1.4038
09676119;6.33;1;1.4038
09676121;7.795;1;1.4038
09676122;7.19;1;1.4038
09676123;6.25;1;1.4038
09676124;6.065;1;1.4038
09676125;6.6;1;1.4038
09676126;7.32;1;1.4038
09676131;5.25;1;1.4038
09676134;7.32;1;1.4038
09676136;6.475;1;1.4038
09676139;7.07;1;1.4038
09676140;6.74;1;1.4038
09676144;7.77;1;1.4038
09676145;7.405;1;1.4038
09676156;5.415;1;1.4038
09676160;7.65;1;1.4038
09676165;6.42;1;1.4038
09676169;7.135;1;1.4038
09676116;6.925;1;1.4038
09676143;4.795;1;1.4038
09676132;6.94;1;1.4038
09676135;6.635;1;1.4038
09676153;5.065;1;1.4038
09676128;6.255;1;1.4038
09676133;7.135;1;1.4038
09676141;6.29;1;1.4038
09676151;6.26;1;1.4038
09676111;4.835;1;1.4038
09676158;6.03;1;1.4038
09677114;6.055;1;1.3717
09677127;4.775;1;1.3717
09677129;5.75;1;1.3717
09677131;5.5;1;1.3717
09677148;6.78;1;1.3717
09677154;6.07;1;1.3717
09677155;7.585;1;1.3717
09677157;7.22;1;1.3717
09677177;4.855;1;1.3717
09677137;5.935;1;1.3717
09677151;6.445;1;1.3717
09677182;5.69;1;1.3717
09677119;5.63;1;1.3717
09677120;5.18;1;1.3717
09677125;6.23;1;1.3717
09677126;6.175;1;1.3717
09677135;6.185;1;1.3717
09677146;5.845;1;1.3717
09677178;5.57;1;1.3717
09677181;5.61;1;1.3717
09677193;5.61;1;1.3717
09677116;4.25;1;1.3717
09677122;4.755;1;1.3717
09677128;3.73;1;1.3717
09677159;4.32;1;1.3717
09677169;4.625;1;1.3717
09677132;5.635;1;1.3717
09677133;4.735;1;1.3717
09677149;5.235;1;1.3717
09677164;6.935;1;1.3717
09677166;5.475;1;1.3717
09677172;4.86;1;1.3717
09677186;5.105;1;1.3717
09677142;6.64;1;1.3717
09677175;5.285;1;1.3717
09677189;5.13;1;1.3717
09677203;6.86;1;1.3717
09677165;5.38;1;1.3717
09677170;6.165;1;1.3717
09677200;4.305;1;1.3717
09678115;6.475;1;1.4089
09678123;6.305;1;1.4089
09678128;6.065;1;1.4089
09678132;6.015;1;1.4089
09678135;6.17;1;1.4089
09678136;6.37;1;1.4089
09678138;5.605;1;1.4089
09678150;5.84;1;1.4089
09678160;6.7;1;1.4089
09678168;6.255;1;1.4089
09678170;6.16;1;1.4089
09678174;6.06;1;1.4089
09678176;6.755;1;1.4089
09678178;7.23;1;1.4089
09678181;5.87;1;1.4089
09678186;5.275;1;1.4089
09678190;5.51;1;1.4089
09678192;4.42;1;1.4089
09678193;6.305;1;1.4089
09678122;6.845;1;1.4089
09678124;5.285;1;1.4089
09678130;6.11;1;1.4089
09678134;5.935;1;1.4089
09678153;5.7;1;1.4089
09678157;5.45;1;1.4089
09678164;5.18;1;1.4089
09678183;6.02;1;1.4089
09678175;6.295;1;1.4089
09678196;5.08;1;1.4089
09679126;7.44;1;1.4108
09679134;5.905;1;1.4108
09679136;9.105;1;1.4108
09679142;7.44;1;1.4108
09679143;6.005;1;1.4108
09679147;8.94;1;1.4108
09679155;6.03;1;1.4108
09679156;8.15;1;1.4108
09679164;5.825;1;1.4108
09679170;6.915;1;1.4108
09679175;13.515;1;1.4108
09679176;7.335;1;1.4108
09679180;7.59;1;1.4108
09679185;8.34;1;1.4108
09679193;7.645;1;1.4108
09679194;7.835;1;1.4108
09679200;7.385;1;1.4108
09679201;7.52;1;1.4108
09679202;8.27;1;1.4108
09679204;6.725;1;1.4108
09679205;7.675;1;1.4108
09679209;8.79;1;1.4108
09679114;5.905;1;1.4108
09679135;4.985;1;1.4108
09679188;4.035;1;1.4108
09679117;6.625;1;1.4108
09679169;6.55;1;1.4108
09679124;7.99;1;1.4108
09679131;6.725;1;1.4108
09679187;8.5;1;1.4108
09679206;6.95;1;1.4108
09679130;7.82;1;1.4108
09679167;6.86;1;1.4108
09679174;5.43;1;1.4108
09679122;5.14;1;1.4108
09679138;6.34;1;1.4108
09679144;5.97;1;1.4108
09679149;5.84;1;1.4108
09679177;6.815;1;1.4108
09679196;6.195;1;1.4108
09679137;6.865;1;1.4108
09679153;6.165;1;1.4108
09679154;7.565;1;1.4108
09679165;6.04;1;1.4108
09679128;7.12;1;1.4108
09679161;7.78;1;1.4108
09679118;4.48;1;1.4108
09679179;5.13;1;1.4108
09679182;5.47;1;1.4108
09679192;5.89;1;1.4108
09679141;6.215;1;1.4108
09679146;7.635;1;1.4108
09761000;10.045;1;1.3519
09762000;7.815;1;1.3474
09763000;8.54;1;1.4169
09764000;7.69;1;1.5449
09771112;7.605;1;1.3967
09771113;8.475;1;1.3967
09771130;8.86;1;1.3967
09771140;7.175;1;1.3967
09771141;8.075;1;1.3967
09771142;9.01;1;1.3967
09771145;7.94;1;1.3967
09771158;7.86;1;1.3967
09771160;8.22;1;1.3967
09771114;7.595;1;1.3967
09771155;7.915;1;1.3967
09771169;6.965;1;1.3967
09771144;6.965;1;1.3967
09771162;6.66;1;1.3967
09771111;8.94;1;1.3967
09771122;8.265;1;1.3967
09771129;8.92;1;1.3967
09771149;7.815;1;1.3967
09771165;8.275;1;1.3967
09771146;9.58;1;1.3967
09771163;7.45;1;1.3967
09771168;7.745;1;1.3967
09771156;7.43;1;1.3967
09771176;6.59;1;1.3967
09772111;7.795;1;1.3958
09772115;7.37;1;1.3958
09772117;9.085;1;1.3958
09772121;8.025;1;1.3958
09772125;8.66;1;1.3958
09772130;8.52;1;1.3958
09772131;7.595;1;1.3958
09772141;7.15;1;1.3958
09772145;9.685;1;1.3958
09772147;8.99;1;1.3958
09772149;7.99;1;1.3958
09772159;7.695;1;1.3958
09772163;9.18;1;1.3958
09772167;7.495;1;1.3958
09772171;7.635;1;1.3958
09772177;8.025;1;1.3958
09772184;9.775;1;1.3958
09772200;8.68;1;1.3958
09772202;9.055;1;1.3958
09772207;7.555;1;1.3958
09772215;7.98;1;1.3958
09772223;7.58;1;1.3958
09772114;6.315;1;1.3958
09772134;7.58;1;1.3958
09772136;7.03;1;1.3958
09772166;8.93;1;1.3958
09772185;8.435;1;1.3958
09772217;7.47;1;1.3958
09772126;8.945;1;1.3958
09772137;6.835;1;1.3958
09772156;6.46;1;1.3958
09772216;7.48;1;1.3958
09772148;7.885;1;1.3958
09772211;7.5;1;1.3958
09772168;6.915;1;1.3958
09772178;5.88;1;1.3958
09772179;6.875;1;1.3958
09772197;7.535;1;1.3958
09772214;6.74;1;1.3958
09772151;8.25;1;1.3958
09772160;7.64;1;1.3958
09772186;7.435;1;1.3958
09772162;8.385;1;1.3958
09772209;8.715;1;1.3958
09772157;7.83;1;1.3958
09772170;8.865;1;1.3958
09773117;6.31;1;1.4111
09773122;7.035;1;1.4111
09773125;7.705;1;1.4111
09773144;7.215;1;1.4111
09773113;6.725;1;1.4111
09773136;7.255;1;1.4111
09773137;6.495;1;1.4111
09773153;6.38;1;1.4111
09773112;7.605;1;1.4111
09773170;6.93;1;1.4111
09773187;6.157;0;1.4111
09773147;6.605;1;1.4111
09773183;6.84;1;1.4111
09773186;5.395;1;1.4111
09773119;6.03;1;1.4111
09773139;6.76;1;1.4111
09773146;6.88;1;1.4111
09773150;5.185;1;1.4111
09773164;6.785;1;1.4111
09773116;7.83;1;1.4111
09773143;5.525;1;1.4111
09773179;6.135;1;1.4111
09773182;7.37;1;1.4111
09773188;6.915;1;1.4111
09773111;5.835;1;1.4111
09773133;5.83;1;1.4111
09773140;6.2;1;1.4111
09774116;7.155;1;1.4179
09774119;6.68;1;1.4179
09774121;7.82;1;1.4179
09774122;6.545;1;1.4179
09774135;7.49;1;1.4179
09774144;7.355;1;1.4179
09774145;6.745;1;1.4179
09774150;7.21;1;1.4179
09774155;7.95;1;1.4179
09774162;6.82;1;1.4179
09774136;5.72;1;1.4179
09774171;7.275;1;1.4179
09774174;6.69;1;1.4179
09774127;6.12;1;1.4179
09774140;6.43;1;1.4179
09774151;6.51;1;1.4179
09774178;8.47;1;1.4179
09774196;7.97;1;1.4179
09774118;7.85;1;1.4179
09774148;8.025;1;1.4179
09774133;6.625;1;1.4179
09774143;7.53;1;1.4179
09774191;6.59;1;1.4179
09774111;7.23;1;1.4179
09774117;5.215;1;1.4179
09774124;7.61;1;1.4179
09774129;6.05;1;1.4179
09774189;7.695;1;1.4179
09774192;6.865;1;1.4179
09774115;6.46;1;1.4179
09774160;7.02;1;1.4179
09774185;7.405;1;1.4179
09774166;7.38;1;1.4179
09774198;7.19;1;1.4179
09775115;8.32;1;1.3081
09775129;8.1;1;1.3081
09775134;7.88;1;1.3081
09775135;10.3;1;1.3081
09775139;8.7;1;1.3081
09775149;6.925;1;1.3081
09775152;9.11;1;1.3081
09775162;8.175;1;1.3081
09775164;8.25;1;1.3081
09775126;8.71;1;1.3081
09775143;7.64;1;1.3081
09775111;7.86;1;1.3081
09775132;6.79;1;1.3081
09775142;6.74;1;1.3081
09775118;7.195;1;1.3081
09775141;5.75;1;1.3081
09775161;7.385;1;1.3081
09776111;9.83;1;1.4024
09776114;7.29;1;1.4024
09776116;10.155;1;1.4024
09776117;8.145;1;1.4024
09776120;9.74;1;1.4024
09776122;7.565;1;1.4024
09776125;8.89;1;1.4024
09776128;10.475;1;1.4024
09776129;7.935;1;1.4024
09776131;8.06;1;1.4024
09776115;8.045;1;1.4024
09776126;8.535;1;1.4024
09776130;8.895;1;1.4024
09776112;7.235;1;1.4024
09776113;7.18;1;1.4024
09776118;7.775;1;1.4024
09776124;6.895;1;1.4024
09776121;8.105;1;1.4024
09776127;6.955;1;1.4024
09777129;7.975;1;1.4975
09777130;7.86;1;1.4975
09777147;8.025;1;1.4975
09777151;7.91;1;1.4975
09777152;7.58;1;1.4975
09777153;7.13;1;1.4975
09777159;8.465;1;1.4975
09777165;6.78;1;1.4975
09777169;7.93;1;1.4975
09777173;7.54;1;1.4975
09777121;8.775;1;1.4975
09777140;8.015;1;1.4975
09777145;8.16;1;1.4975
09777177;8.01;1;1.4975
09777139;7.78;1;1.4975
09777158;7.46;1;1.4975
09777164;7.325;1;1.4975
09777141;7.26;1;1.4975
09777155;7.635;1;1.4975
09777157;6.39;1;1.4975
09777172;6.725;1;1.4975
09777182;7.73;1;1.4975
09777111;6.33;1;1.4975
09777112;7.565;1;1.4975
09777118;6.795;1;1.4975
09777167;7.285;1;1.4975
09777114;6.505;1;1.4975
09777124;5.63;1;1.4975
09777128;6.285;1;1.4975
09777138;5.885;1;1.4975
09777154;6.81;1;1.4975
09777176;6.23;1;1.4975
09777131;10.35;1;1.4975
09777144;7.035;1;1.4975
09777175;6.975;1;1.4975
09777125;7.32;1;1.4975
09777135;6.81;1;1.4975
09777149;6.665;1;1.4975
09777168;6.265;1;1.4975
09777170;7.08;1;1.4975
09777179;5.92;1;1.4975
09777163;8.42;1;1.4975
09777166;7.49;1;1.4975
09777171;6.235;1;1.4975
09777183;7.185;1;1.4975
09778116;8.75;1;1.4854
09778123;7.93;1;1.4854
09778137;7.315;1;1.4854
09778168;5.97;1;1.4854
09778169;9.69;1;1.4854
09778173;7.965;1;1.4854
09778196;6.785;1;1.4854
09778204;7.61;1;1.4854
09778119;6.22;1;1.4854
09778149;6.4;1;1.4854
09778186;7.59;1;1.4854
09778115;7.0;1;1.4854
09778130;5.69;1;1.4854
09778157;5.725;1;1.4854
09778184;6.215;1;1.4854
09778217;6.78;1;1.4854
09778221;5.6;1;1.4854
09778121;5.585;1;1.4854
09778183;6.805;1;1.4854
09778187;7.29;1;1.4854
09778190;7.35;1;1.4854
09778134;6.735;1;1.4854
09778158;6.905;1;1.4854
09778120;6.315;1;1.4854
09778139;7.225;1;1.4854
09778150;7.73;1;1.4854
09778177;7.88;1;1.4854
09778188;8.025;1;1.4854
09778136;5.975;1;1.4854
09778163;5.97;1;1.4854
09778180;6.65;1;1.4854
09778214;7.16;1;1.4854
09778111;7.875;1;1.4854
09778203;7.595;1;1.4854
09778209;7.345;1;1.4854
09778216;7.46;1;1.4854
09778118;6.99;1;1.4854
09778151;7.115;1;1.4854
09778162;7.52;1;1.4854
09778171;7.865;1;1.4854
09778202;8.095;1;1.4854
09778205;7.285;1;1.4854
09778113;6.515;1;1.4854
09778127;6.79;1;1.4854
09778199;6.665;1;1.4854
09778207;5.315;1;1.4854
09778161;6.78;1;1.4854
09778164;6.24;1;1.4854
09778165;6.74;1;1.4854
09778144;7.25;1;1.4854
09778218;7.57;1;1.4854
09778219;8.085;1;1.4854
09779115;6.74;1;1.3917
09779131;7.905;1;1.3917
09779147;5.65;1;1.3917
09779155;6.815;1;1.3917
09779169;7.225;1;1.3917
09779178;6.235;1;1.3917
09779181;7.58;1;1.3917
09779185;6.77;1;1.3917
09779194;7.715;1;1.3917
09779196;7.07;1;1.3917
09779201;7.79;1;1.3917
09779218;7.605;1;1.3917
09779176;4.435;1;1.3917
09779177;5.88;1;1.3917
09779224;6.68;1;1.3917
09779117;5.735;1;1.3917
09779138;5.92;1;1.3917
09779154;5.935;1;1.3917
09779180;5.08;1;1.3917
09779188;5.38;1;1.3917
09779197;6.415;1;1.3917
09779111;5.15;1;1.3917
09779112;5.97;1;1.3917
09779130;5.93;1;1.3917
09779136;5.64;1;1.3917
09779146;5.794;0;1.3917
09779162;6.595;1;1.3917
09779184;6.05;1;1.3917
09779203;6.87;1;1.3917
09779226;5.575;1;1.3917
09779148;5.135;1;1.3917
09779167;6.045;1;1.3917
09779198;5.135;1;1.3917
09779228;6.475;1;1.3917
09779231;4.59;1;1.3917
09779126;7.145;1;1.3917
09779129;5.45;1;1.3917
09779186;7.025;1;1.3917
09779206;6.56;1;1.3917
09779217;5.75;1;1.3917
09779149;5.785;1;1.3917
09779163;6.25;1;1.3917
09779187;5.58;1;1.3917
09779192;7.27;1;1.3917
09780112;8.315;1;1.5029
09780114;7.645;1;1.5029
09780115;7.485;1;1.5029
09780117;7.285;1;1.5029
09780118;8.085;1;1.5029
09780119;8.0;1;1.5029
09780120;8.1;1;1.5029
09780122;7.66;1;1.5029
09780123;7.98;1;1.5029
09780124;7.615;1;1.5029
09780125;8.3;1;1.5029
09780128;7.785;1;1.5029
09780132;8.425;1;1.5029
09780133;9.46;1;1.5029
09780137;7.575;1;1.5029
09780139;8.09;1;1.5029
09780140;7.59;1;1.5029
09780143;8.37;1;1.5029
09780145;7.41;1;1.5029
09780146;7.555;1;1.5029
09780147;7.155;1;1.5029
09780113;9.695;1;1.5029
09780116;8.92;1;1.5029
09780121;8.465;1;1.5029
09780131;7.91;1;1.5029
09780134;9.175;1;1.5029
09780127;7.665;1;1.5029
09780144;6.99;1;1.5029
10041100;7.645;1;1.2688
10041511;5.745;1;1.2688
10041512;5.315;1;1.2688
10041513;5.99;1;1.2688
10041514;5.97;1;1.2688
10041515;6.02;1;1.2688
10041516;6.035;1;1.2688
10041517;6.33;1;1.2688
10041518;6.105;1;1.2688
10041519;5.995;1;1.2688
10042111;5.93;1;1.3627
10042112;6.53;1;1.3627
10042113;7.11;1;1.3627
10042114;6.925;1;1.3627
10042115;8.98;1;1.3627
10042116;5.94;1;1.3627
10042117;5.695;1;1.3627
10043111;6.0;1;1.3356
10043112;5.83;1;1.3356
10043113;5.975;1;1.3356
10043114;6.26;1;1.3356
10043115;5.815;1;1.3356
10043116;5.935;1;1.3356
10043117;6.065;1;1.3356
10044111;6.355;1;1.3521
10044112;5.835;1;1.3521
10044113;5.91;1;1.3521
10044114;6.01;1;1.3521
10044115;7.175;1;1.3521
10044116;6.125;1;1.3521
10044117;5.795;1;1.3521
10044118;6.24;1;1.3521
10044119;6.39;1;1.3521
10044120;6.31;1;1.3521
10044121;6.22;1;1.3521
10044122;6.28;1;1.3521
10044123;6.66;1;1.3521
10045111;6.105;1;1.4192
10045112;6.225;1;1.4192
10045113;5.2;1;1.4192
10045114;7.37;1;1.4192
10045115;6.76;1;1.4192
10045116;5.97;1;1.4192
10045117;6.915;1;1.4192
10046111;5.105;1;1.3821
10046112;5.53;1;1.3821
10046113;5.41;1;1.3821
10046114;5.47;1;1.3821
10046115;5.56;1;1.3821
10046116;5.67;1;1.3821
10046117;6.83;1;1.3821
10046118;5.925;1;1.3821
11000000;9.29;1;1.5167
12051000;6.8;1;1.2559
12052000;6.055;1;1.3163
12053000;5.81;1;1.2978
12054000;9.64;1;1.2469
12060005;8.825;1;1.3835
12060020;8.44;1;1.3835
12060052;6.845;1;1.3835
12060181;8.785;1;1.3835
12060198;7.2;1;1.3835
12060269;8.73;1;1.3835
12060280;6.945;1;1.3835
12060024;6.665;1;1.3835
12060034;5.71;1;1.3835
12060154;7.31;1;1.3835
12060161;5.8;1;1.3835
12060192;6.465;1;1.3835
12060250;6.48;1;1.3835
12060012;6.29;1;1.3835
12060068;5.71;1;1.3835
12060100;5.915;1;1.3835
12060296;5.91;1;1.3835
12060036;4.765;1;1.3835
12060045;5.29;1;1.3835
12060092;4.92;1;1.3835
12060128;5.02;1;1.3835
12060149;4.475;1;1.3835
12060172;5.43;1;1.3835
12060176;4.715;1;1.3835
12060185;5.375;1;1.3835
12061020;8.955;1;1.6636
12061112;9.43;1;1.6636
12061217;7.3;1;1.6636
12061219;4.585;1;1.6636
12061260;8.275;1;1.6636
12061316;6.59;1;1.6636
12061320;5.455;1;1.6636
12061329;4.825;1;1.6636
12061332;8.455;1;1.6636
12061433;11.22;1;1.6636
12061444;9.155;1;1.6636
12061540;9.08;1;1.6636
12061572;9.605;1;1.6636
12061192;8.005;1;1.6636
12061216;6.54;1;1.6636
12061328;6.585;1;1.6636
12061344;7.2;1;1.6636
12061448;7.895;1;1.6636
12061492;7.245;1;1.6636
12061005;5.36;1;1.6636
12061061;4.942;0;1.6636
12061224;5.0;1;1.6636
12061308;4.7;1;1.6636
12061352;5.11;1;1.6636
12061450;6.02;1;1.6636
12061470;5.507;0;1.6636
12061476;5.195;1;1.6636
12061017;5.15;1;1.6636
12061097;5.345;1;1.6636
12061164;5.57;1;1.6636
12061244;6.05;1;1.6636
12061265;5.04;1;1.6636
12061405;5.27;0;1.6636
12061428;5.04;1;1.6636
12061435;6.345;1;1.6636
12061471;5.495;1;1.6636
12061510;5.105;1;1.6636
12062092;5.095;1;1.1387
12062124;5.555;1;1.1387
12062140;5.555;1;1.1387
12062224;6.085;1;1.1387
12062410;4.945;1;1.1387
12062461;4.86;1;1.1387
12062469;4.89;1;1.1387
12062024;5.575;1;1.1387
12062128;5.405;1;1.1387
12062341;4.64;1;1.1387
12062500;4.895;1;1.1387
12062219;5.55;0;1.1387
12062417;5.615;1;1.1387
12062440;5.441;0;1.1387
12062453;4.73;1;1.1387
12062492;4.53;1;1.1387
12062088;5.27;1;1.1387
12062293;4.825;1;1.1387
12062333;5.045;1;1.1387
12062425;4.96;1;1.1387
12062177;3.894;0;1.1387
12062240;5.09;1;1.1387
12062372;5.08;1;1.1387
12062464;4.969;0;1.1387
12062134;5.21;1;1.1387
12062237;4.36;1;1.1387
12062282;5.123;0;1.1387
12062289;6.41;1;1.1387
12062445;5.05;1;1.1387
12062196;4.57;1;1.1387
12062208;4.295;1;1.1387
12062232;5.04;1;1.1387
12062336;4.32;1;1.1387
12063036;8.355;1;1.5144
12063056;9.645;1;1.5144
12063080;9.32;1;1.5144
12063148;7.005;1;1.5144
12063189;5.21;1;1.5144
12063208;7.73;1;1.5144
12063244;5.535;1;1.5144
12063252;5.615;1;1.5144
12063273;7.675;1;1.5144
12063357;8.115;1;1.5144
12063088;5.735;1;1.5144
12063142;5.16;1;1.5144
12063202;5.365;1;1.5144
12063228;7.84;1;1.5144
12063240;6.14;1;1.5144
12063256;5.65;1;1.5144
12063165;5.21;1;1.5144
12063186;6.615;1;1.5144
12063212;5.165;1;1.5144
12063293;7.09;1;1.5144
12063094;4.085;1;1.5144
12063112;6.249;0;1.5144
12063134;4.515;1;1.5144
12063161;4.24;1;1.5144
12063260;5.035;1;1.5144
12063274;5.715;1;1.5144
12064029;7.75;1;1.3607
12064044;5.535;1;1.3607
12064136;8.83;1;1.3607
12064227;9.575;1;1.3607
12064274;4.94;1;1.3607
12064317;6.355;1;1.3607
12064336;9.535;1;1.3607
12064380;8.88;1;1.3607
12064428;7.055;1;1.3607
12064448;5.71;1;1.3607
12064472;7.485;1;1.3607
12064512;5.655;1;1.3607
12064053;5.855;1;1.3607
12064125;5.18;1;1.3607
12064205;5.29;1;1.3607
12064222;5.525;1;1.3607
12064009;4.34;1;1.3607
12064057;4.9;1;1.3607
12064172;4.985;1;1.3607
12064266;4.885;1;1.3607
12064538;4.7;1;1.3607
12064268;5.705;1;1.3607
12064388;4.385;1;1.3607
12064420;5.56;1;1.3607
12064480;5.785;1;1.3607
12064539;5.205;1;1.3607
12064084;7.835;1;1.3607
12064153;6.36;1;1.3607
12064303;5.555;1;1.3607
12064370;6.51;1;1.3607
12064408;8.05;1;1.3607
12064484;7.115;1;1.3607
12064128;13.185;1;1.3607
12064130;4.35;1;1.3607
12064190;4.675;1;1.3607
12064288;4.855;1;1.3607
12064290;4.88;1;1.3607
12064340;5.17;1;1.3607
12064482;5.155;1;1.3607
12064061;5.445;1;1.3607
12064349;5.07;1;1.3607
12064365;4.93;1;1.3607
12064371;4.925;1;1.3607
12064393;6.57;1;1.3607
12064417;5.14;1;1.3607
12065036;8.505;1;1.6489
12065084;5.61;1;1.6489
12065096;9.215;1;1.6489
12065136;7.585;1;1.6489
12065144;9.35;1;1.6489
12065165;6.88;1;1.6489
12065180;8.755;1;1.6489
12065193;6.355;1;1.6489
12065198;5.99;1;1.6489
12065225;8.435;1;1.6489
12065251;7.475;1;1.6489
12065256;8.015;1;1.6489
12065332;7.78;1;1.6489
12065356;5.75;1;1.6489
12065100;5.82;1;1.6489
12065117;5.6;1;1.6489
12065276;5.31;1;1.6489
12065301;5.8;1;1.6489
12065310;5.57;1;1.6489
12066052;5.14;1;1.1815
12066112;5.195;1;1.1815
12066176;5.44;1;1.1815
12066196;5.595;1;1.1815
12066285;5.865;1;1.1815
12066296;4.915;1;1.1815
12066304;5.88;1;1.1815
12066320;5.17;1;1.1815
12066008;4.915;1;1.1815
12066041;5.58;1;1.1815
12066202;5.4;1;1.1815
12066226;4.376;0;1.1815
12066228;4.93;1;1.1815
12066064;8.11;1;1.1815
12066104;5.405;1;1.1815
12066168;5.46;1;1.1815
12066188;5.45;1;1.1815
12066240;5.515;1;1.1815
12066316;4.895;1;1.1815
12066116;3.84;1;1.1815
12066120;4.727;0;1.1815
12066124;4.01;1;1.1815
12066132;5.0;1;1.1815
12066272;5.745;1;1.1815
12066292;5.24;1;1.1815
12067036;7.0;1;1.3975
12067120;5.885;1;1.3975
12067124;7.125;1;1.3975
12067137;5.53;1;1.3975
12067144;6.96;1;1.3975
12067201;8.71;1;1.3975
12067426;5.98;1;1.3975
12067440;9.405;1;1.3975
12067481;6.73;1;1.3975
12067493;5.405;1;1.3975
12067544;8.8;1;1.3975
12067076;6.87;1;1.3975
12067180;6.025;1;1.3975
12067508;5.389;0;1.3975
12067528;9.27;1;1.3975
12067552;5.555;1;1.3975
12067292;5.34;1;1.3975
12067338;4.645;1;1.3975
12067357;5.67;1;1.3975
12067040;5.795;1;1.3975
12067072;6.36;1;1.3975
12067237;5.755;1;1.3975
12067473;5.045;1;1.3975
12067024;8.66;1;1.3975
12067112;9.04;1;1.3975
12067288;7.415;1;1.3975
12067413;7.99;1;1.3975
12067520;6.32;1;1.3975
12067205;5.62;1;1.3975
12067324;5.505;1;1.3975
12067336;6.88;1;1.3975
12067397;5.74;0;1.3975
12067438;4.565;1;1.3975
12067458;5.87;1;1.3975
12067173;8.87;1;1.3975
12067408;7.725;1;1.3975
12067469;6.12;1;1.3975
12068117;6.985;1;1.4002
12068181;5.07;1;1.4002
12068264;5.195;1;1.4002
12068320;6.99;1;1.4002
12068353;5.805;1;1.4002
12068468;5.415;1;1.4002
12068477;5.255;1;1.4002
12068188;6.545;1;1.4002
12068280;5.42;1;1.4002
12068372;8.6;1;1.4002
12068437;5.155;1;1.4002
12068052;5.1;1;1.4002
12068109;4.985;1;1.4002
12068324;5.445;1;1.4002
12068409;5.76;1;1.4002
12068417;4.901;0;1.4002
12068501;4.75;1;1.4002
12068072;6.965;1;1.4002
12068306;6.27;1;1.4002
12068413;5.78;1;1.4002
12068425;4.895;1;1.4002
12068426;5.995;1;1.4002
12068452;5.77;1;1.4002
12069017;8.085;1;1.2542
12069020;6.25;1;1.2542
12069249;6.955;1;1.2542
12069304;9.755;1;1.2542
12069306;6.775;1;1.2542
12069397;9.345;1;1.2542
12069454;8.445;1;1.2542
12069590;9.315;1;1.2542
12069596;6.585;1;1.2542
12069604;8.85;1;1.2542
12069616;8.215;1;1.2542
12069632;6.17;1;1.2542
12069656;8.765;1;1.2542
12069665;6.05;1;1.2542
12069018;5.645;1;1.2542
12069019;4.46;1;1.2542
12069270;6.065;1;1.2542
12069460;5.635;1;1.2542
12069541;5.02;1;1.2542
12069052;6.92;1;1.2542
12069056;7.445;1;1.2542
12069076;6.95;1;1.2542
12069216;6.515;1;1.2542
12069345;6.28;1;1.2542
12069470;5.95;1;1.2542
12069402;4.93;1;1.2542
12069448;5.815;1;1.2542
12069474;5.31;1;1.2542
12069485;5.42;1;1.2542
12069028;5.505;1;1.2542
12069537;6.085;1;1.2542
12069688;5.935;1;1.2542
12069089;5.296;0;1.2542
12069224;5.07;1;1.2542
12069232;5.575;1;1.2542
12069648;5.34;1;1.2542
12069680;6.13;1;1.2542
12069696;5.59;1;1.2542
12070125;4.365;1;1.3563
12070149;4.75;1;1.3563
12070173;4.74;1;1.3563
12070296;5.35;1;1.3563
12070302;4.705;1;1.3563
12070316;5.24;1;1.3563
12070424;5.425;1;1.3563
12070008;5.315;1;1.3563
12070052;5.92;1;1.3563
12070241;4.855;1;1.3563
12070348;4.68;1;1.3563
12070416;4.705;1;1.3563
12070060;4.421;0;1.3563
12070236;4.845;1;1.3563
12070244;4.97;1;1.3563
12070246;4.23;1;1.3563
12070096;4.65;1;1.3563
12070153;3.975;1;1.3563
12070222;5.46;1;1.3563
12070266;5.585;1;1.3563
12070280;4.77;1;1.3563
12070028;4.615;1;1.3563
12070145;4.73;1;1.3563
12070300;5.44;1;1.3563
12070325;5.095;1;1.3563
12070393;5.26;1;1.3563
12071057;5.83;1;1.1075
12071076;5.2;1;1.1075
12071160;6.815;1;1.1075
12071244;5.605;1;1.1075
12071301;5.365;1;1.1075
12071337;4.665;1;1.1075
12071372;5.57;1;1.1075
12071408;5.415;1;1.1075
12071028;8.61;1;1.1075
12071032;6.925;1;1.1075
12071041;6.51;1;1.1075
12071164;6.24;0;1.1075
12071341;5.223;0;1.1075
12071412;6.44;1;1.1075
12071044;4.905;1;1.1075
12071074;4.675;1;1.1075
12071153;4.26;1;1.1075
12071189;5.12;1;1.1075
12071294;4.52;1;1.1075
12071392;5.285;1;1.1075
12071414;4.015;1;1.1075
12071052;5.191;0;1.1075
12071176;5.245;0;1.1075
12071193;4.54;1;1.1075
12071304;5.42;1;1.1075
12071384;5.34;1;1.1075
12071386;5.89;1;1.1075
12071401;7.26;1;1.1075
12072002;6.345;1;1.3509
12072014;6.135;1;1.3509
12072017;9.385;1;1.3509
12072120;8.295;1;1.3509
12072169;6.38;1;1.3509
12072232;6.53;1;1.3509
12072240;7.81;1;1.3509
12072297;6.0;1;1.3509
12072312;5.91;1;1.3509
12072340;8.765;1;1.3509
12072426;6.9;1;1.3509
12072477;6.91;1;1.3509
12072053;5.425;1;1.3509
12072055;3.955;1;1.3509
12072157;3.731;0;1.3509
12072298;4.01;1;1.3509
12073008;6.18;1;1.2458
12073069;5.11;1;1.2458
12073384;5.65;1;1.2458
12073429;5.77;1;1.2458
12073452;6.24;1;1.2458
12073572;6.395;1;1.2458
12073579;4.09;1;1.2458
12073440;5.58;1;1.2458
12073532;5.375;1;1.2458
12073085;5.535;1;1.2458
12073093;4.595;1;1.2458
12073216;5.7;1;1.2458
12073490;6.205;1;1.2458
12073520;4.22;1;1.2458
12073097;5.285;1;1.2458
12073189;6.675;1;1.2458
12073309;4.755;1;1.2458
12073393;5.385;1;1.2458
12073565;4.765;1;1.2458
12073157;5.42;1;1.2458
12073201;4.94;1;1.2458
12073396;5.05;1;1.2458
12073404;4.435;1;1.2458
12073569;3.835;1;1.2458
12073225;4.68;1;1.2458
12073261;5.14;1;1.2458
12073430;4.825;1;1.2458
12073458;4.42;1;1.2458
12073578;4.215;1;1.2458
12073645;4.57;1;1.2458
13003000;7.615;1;1.4366
13004000;6.795;1;1.379
13071027;5.195;1;1.1703
13071029;5.385;1;1.1703
13071033;5.555;1;1.1703
13071107;5.76;1;1.1703
13071110;6.18;1;1.1703
13071156;6.53;1;1.1703
13071008;4.12;1;1.1703
13071014;4.52;1;1.1703
13071064;5.555;0;1.1703
13071065;4.16;1;1.1703
13071072;5.12;0;1.1703
13071076;4.54;1;1.1703
13071089;4.515;0;1.1703
13071096;5.131;0;1.1703
13071112;3.93;1;1.1703
13071128;5.645;1;1.1703
13071131;4.11;1;1.1703
13071136;4.69;1;1.1703
13071139;4.205;1;1.1703
13071148;4.085;1;1.1703
13071150;5.39;1;1.1703
13071157;5.37;1;1.1703
13071028;4.25;1;1.1703
13071035;6.29;1;1.1703
13071037;4.37;1;1.1703
13071007;5.085;1;1.1703
13071032;5.131;0;1.1703
13071039;5.35;1;1.1703
13071084;5.565;1;1.1703
13071092;5.615;1;1.1703
13071109;5.145;1;1.1703
13071001;5.365;1;1.1703
13071036;4.625;1;1.1703
13071043;7.2;1;1.1703
13071093;6.485;1;1.1703
13071113;4.745;1;1.1703
13071114;6.9;1;1.1703
13071138;6.055;0;1.1703
13071155;6.05;1;1.1703
13071171;6.015;1;1.1703
13071099;5.675;1;1.1703
13071119;5.69;1;1.1703
13071159;5.23;1;1.1703
13071167;5.755;1;1.1703
13071011;5.15;1;1.1703
13071012;4.78;1;1.1703
13071025;4.62;1;1.1703
13071042;5.853;0;1.1703
13071058;6.75;1;1.1703
13071066;4.85;1;1.1703
13071075;4.9;1;1.1703
13071080;5.315;1;1.1703
13071100;4.85;1;1.1703
13071147;4.37;1;1.1703
13071162;5.19;1;1.1703
13071009;5.949;0;1.1703
13071010;3.535;1;1.1703
13071019;4.94;1;1.1703
13071104;5.225;1;1.1703
13071108;5.22;1;1.1703
13071111;5.285;1;1.1703
13071140;4.49;1;1.1703
13071141;3.84;1;1.1703
13071145;5.77;1;1.1703
13071161;6.342;0;1.1703
13071166;6.225;1;1.1703
13071170;8.14;1;1.1703
13071005;4.13;1;1.1703
13071101;4.895;1;1.1703
13071115;5.365;1;1.1703
13071173;4.706;0;1.1703
13071003;4.84;1;1.1703
13071013;5.71;1;1.1703
13071020;3.803;0;1.1703
13071023;3.905;1;1.1703
13071034;4.313;0;1.1703
13071045;5.003;0;1.1703
13071053;4.376;0;1.1703
13071073;4.26;0;1.1703
13071087;5.98;1;1.1703
13071088;5.505;1;1.1703
13071097;3.96;1;1.1703
13071118;5.38;1;1.1703
13071122;5.295;1;1.1703
13071124;5.735;1;1.1703
13071133;5.02;1;1.1703
13071137;5.595;1;1.1703
13071143;5.15;1;1.1703
13071175;4.46;1;1.1703
13071176;5.07;1;1.1703
13071047;5.09;1;1.1703
13071056;6.325;1;1.1703
13071063;5.035;1;1.1703
13071069;5.02;1;1.1703
13071071;5.34;1;1.1703
13071077;6.495;1;1.1703
13071078;4.49;1;1.1703
13071103;4.56;1;1.1703
13071144;6.03;1;1.1703
13071154;5.03;1;1.1703
13071172;5.105;1;1.1703
13071174;4.36;1;1.1703
13071021;5.715;1;1.1703
13071026;4.475;1;1.1703
13071055;5.265;1;1.1703
13071067;6.54;1;1.1703
13071090;4.59;1;1.1703
13071117;4.995;1;1.1703
13071015;4.09;0;1.1703
13071018;4.33;1;1.1703
13071048;5.088;0;1.1703
13071060;4.74;1;1.1703
13071068;5.0;1;1.1703
13071070;6.185;1;1.1703
13071074;5.3;1;1.1703
13071079;4.74;1;1.1703
13071102;4.42;1;1.1703
13071123;4.738;0;1.1703
13071127;5.13;1;1.1703
13071142;5.6;1;1.1703
13071169;4.41;1;1.1703
13071002;4.09;1;1.1703
13071004;5.615;1;1.1703
13071006;3.265;1;1.1703
13071016;4.56;1;1.1703
13071022;5.22;1;1.1703
13071041;7.48;1;1.1703
13071044;4.97;1;1.1703
13071049;5.59;1;1.1703
13071050;4.047;0;1.1703
13071057;4.18;1;1.1703
13071059;5.29;1;1.1703
13071081;4.48;1;1.1703
13071120;4.87;1;1.1703
13071125;3.484;0;1.1703
13071135;5.02;1;1.1703
13071146;5.03;1;1.1703
13071158;5.64;1;1.1703
13071160;4.8;1;1.1703
13071163;3.865;1;1.1703
13071054;4.375;1;1.1703
13071083;4.9;1;1.1703
13071105;3.82;1;1.1703
13071130;4.45;1;1.1703
13071132;4.76;1;1.1703
13071153;4.25;1;1.1703
13071164;5.225;1;1.1703
13072006;7.265;1;1.2877
13072029;7.33;1;1.2877
13072036;7.91;1;1.2877
13072043;6.205;1;1.2877
13072058;6.35;1;1.2877
13072060;8.52;1;1.2877
13072074;5.68;1;1.2877
13072091;8.055;1;1.2877
13072093;6.03;1;1.2877
13072106;6.255;1;1.2877
13072001;7.57;1;1.2877
13072007;6.37;1;1.2877
13072017;8.825;1;1.2877
13072047;6.905;1;1.2877
13072075;8.345;1;1.2877
13072083;5.695;1;1.2877
13072086;5.38;1;1.2877
13072099;6.015;1;1.2877
13072117;6.71;1;1.2877
13072009;5.155;1;1.2877
13072013;4.755;1;1.2877
13072020;5.875;1;1.2877
13072028;4.45;0;1.2877
13072050;5.155;1;1.2877
13072053;5.79;1;1.2877
13072078;5.288;0;1.2877
13072089;3.79;1;1.2877
13072101;5.025;1;1.2877
13072104;5.585;1;1.2877
13072114;4.615;1;1.2877
13072120;4.85;1;1.2877
13072019;7.495;1;1.2877
13072081;8.44;1;1.2877
13072087;9.82;1;1.2877
13072108;7.46;1;1.2877
13072004;4.465;1;1.2877
13072010;4.83;1;1.2877
13072031;5.49;1;1.2877
13072035;5.495;1;1.2877
13072111;4.64;1;1.2877
13072033;4.87;1;1.2877
13072039;5.265;1;1.2877
13072042;7.385;1;1.2877
13072044;4.825;1;1.2877
13072055;5.462;0;1.2877
13072061;4.68;1;1.2877
13072067;6.66;1;1.2877
13072069;4.835;1;1.2877
13072071;5.18;1;1.2877
13072073;6.605;1;1.2877
13072079;5.295;1;1.2877
13072084;5.125;1;1.2877
13072092;5.06;0;1.2877
13072119;4.82;1;1.2877
13072026;5.415;1;1.2877
13072048;4.84;1;1.2877
13072056;6.24;1;1.2877
13072059;4.45;1;1.2877
13072063;5.515;1;1.2877
13072027;6.585;1;1.2877
13072046;5.82;1;1.2877
13072062;6.025;1;1.2877
13072112;4.985;1;1.2877
13072003;5.075;1;1.2877
13072023;4.935;1;1.2877
13072024;5.081;0;1.2877
13072038;5.375;1;1.2877
13072040;5.425;1;1.2877
13072041;4.355;1;1.2877
13072045;5.09;1;1.2877
13072049;4.995;1;1.2877
13072066;4.625;1;1.2877
13072082;6.28;1;1.2877
13072094;4.87;1;1.2877
13072096;3.493;0;1.2877
13072103;5.28;1;1.2877
13072109;5.2;1;1.2877
13072113;4.82;0;1.2877
13072002;5.63;1;1.2877
13072005;7.86;1;1.2877
13072008;6.25;1;1.2877
13072014;6.2;1;1.2877
13072022;5.155;1;1.2877
13072085;7.575;1;1.2877
13072012;7.385;1;1.2877
13072015;6.08;1;1.2877
13072032;5.925;1;1.2877
13072072;8.55;1;1.2877
13072088;6.975;1;1.2877
13072011;5.408;0;1.2877
13072018;5.071;0;1.2877
13072051;4.494;0;1.2877
13072090;6.175;1;1.2877
13072095;6.575;1;1.2877
13072110;6.285;1;1.2877
13072116;6.515;1;1.2877
13072021;6.0;1;1.2877
13072034;5.495;0;1.2877
13072037;4.581;0;1.2877
13072076;5.723;0;1.2877
13072097;4.745;1;1.2877
13072102;4.918;0;1.2877
13072105;6.47;1;1.2877
13072107;4.935;1;1.2877
13072118;5.386;0;1.2877
13072030;9.775;1;1.2877
13072057;8.575;1;1.2877
13072064;8.21;1;1.2877
13072077;7.785;1;1.2877
13072080;7.305;1;1.2877
13072098;8.05;1;1.2877
13072121;6.775;1;1.2877
13073011;7.6;1;1.3183
13073035;5.83;1;1.3183
13073055;5.935;1;1.3183
13073070;6.88;1;1.3183
13073080;6.175;1;1.3183
13073088;6.555;1;1.3183
13073089;5.36;1;1.3183
13073105;8.28;1;1.3183
13073005;5.485;1;1.3183
13073037;5.625;1;1.3183
13073044;5.42;1;1.3183
13073046;6.01;1;1.3183
13073066;6.11;1;1.3183
13073068;6.545;1;1.3183
13073009;6.485;1;1.3183
13073018;5.7;1;1.3183
13073025;7.795;1;1.3183
13073042;5.97;1;1.3183
13073043;6.51;1;1.3183
13073051;4.955;1;1.3183
13073053;5.11;1;1.3183
13073069;7.27;1;1.3183
13073077;5.26;1;1.3183
13073094;5.81;1;1.3183
13073010;6.13;1;1.3183
13073014;7.04;1;1.3183
13073027;6.205;1;1.3183
13073038;5.795;1;1.3183
13073049;6.19;1;1.3183
13073063;6.115;1;1.3183
13073064;6.76;1;1.3183
13073065;5.76;1;1.3183
13073072;6.795;1;1.3183
13073074;5.68;1;1.3183
13073083;6.97;1;1.3183
13073002;7.93;1;1.3183
13073012;9.34;1;1.3183
13073017;8.42;1;1.3183
13073067;8.325;1;1.3183
13073100;8.125;1;1.3183
13073103;9.435;1;1.3183
13073024;5.69;1;1.3183
13073029;5.465;1;1.3183
13073034;4.435;1;1.3183
13073057;5.303;0;1.3183
13073062;4.62;1;1.3183
13073076;5.655;1;1.3183
13073086;6.43;1;1.3183
13073096;4.805;1;1.3183
13073097;5.51;1;1.3183
13073098;6.465;1;1.3183
13073023;6.68;1;1.3183
13073090;6.265;1;1.3183
13073102;6.29;1;1.3183
13073006;7.05;1;1.3183
13073031;8.21;1;1.3183
13073048;6.32;1;1.3183
13073084;8.09;1;1.3183
13073106;6.165;1;1.3183
13073107;8.29;1;1.3183
13073036;6.3;1;1.3183
13073041;6.685;1;1.3183
13073054;5.215;1;1.3183
13073060;6.01;1;1.3183
13073061;6.145;1;1.3183
13073087;7.07;1;1.3183
13073099;7.455;1;1.3183
13073104;6.62;1;1.3183
13073004;5.73;1;1.3183
13073013;6.655;1;1.3183
13073019;6.215;1;1.3183
13073030;6.7;1;1.3183
13073052;5.16;1;1.3183
13073071;5.71;1;1.3183
13073078;5.22;1;1.3183
13073101;5.5;1;1.3183
13073007;5.5;1;1.3183
13073015;11.565;1;1.3183
13073016;4.203;0;1.3183
13073020;4.9;1;1.3183
13073022;4.485;1;1.3183
13073032;4.945;1;1.3183
13073033;5.52;1;1.3183
13073039;9.462;0;1.3183
13073050;5.521;0;1.3183
13073093;5.24;1;1.3183
13073001;5.63;1;1.3183
13073075;6.695;1;1.3183
13073082;5.575;1;1.3183
13073085;5.07;1;1.3183
13073003;7.165;1;1.3183
13073021;5.925;1;1.3183
13073028;6.015;1;1.3183
13073040;8.06;1;1.3183
13073045;5.21;1;1.3183
13073059;5.565;1;1.3183
13073073;6.235;1;1.3183
13073079;6.215;1;1.3183
13073081;5.895;1;1.3183
13073092;6.775;1;1.3183
13073095;5.38;1;1.3183
13074026;6.4;1;1.3445
13074035;6.785;1;1.3445
13074087;6.67;1;1.3445
13074002;6.155;1;1.3445
13074003;7.385;1;1.3445
13074008;5.625;1;1.3445
13074019;6.605;1;1.3445
13074030;5.48;1;1.3445
13074031;5.975;1;1.3445
13074047;5.89;1;1.3445
13074053;6.54;1;1.3445
13074082;5.115;1;1.3445
13074020;5.81;1;1.3445
13074021;6.02;1;1.3445
13074040;6.135;1;1.3445
13074043;5.515;1;1.3445
13074054;5.74;1;1.3445
13074068;5.38;1;1.3445
13074070;4.989;0;1.3445
13074081;4.96;1;1.3445
13074005;6.31;1;1.3445
13074022;6.365;1;1.3445
13074069;5.18;1;1.3445
13074071;5.75;1;1.3445
13074077;4.72;1;1.3445
13074079;5.97;1;1.3445
13074085;5.765;1;1.3445
13074093;5.64;1;1.3445
13074010;8.06;1;1.3445
13074016;5.92;1;1.3445
13074032;6.205;1;1.3445
13074037;6.375;1;1.3445
13074039;6.845;1;1.3445
13074089;7.0;1;1.3445
13074001;5.26;1;1.3445
13074012;6.735;1;1.3445
13074014;7.16;1;1.3445
13074015;5.675;1;1.3445
13074024;5.65;1;1.3445
13074025;5.88;1;1.3445
13074038;6.2;1;1.3445
13074048;6.51;1;1.3445
13074050;6.875;1;1.3445
13074061;5.68;1;1.3445
13074062;5.72;1;1.3445
13074064;5.45;1;1.3445
13074072;3.395;1;1.3445
13074075;7.215;1;1.3445
13074088;5.59;1;1.3445
13074004;5.59;1;1.3445
13074007;6.08;1;1.3445
13074009;5.135;1;1.3445
13074034;5.595;1;1.3445
13074044;7.15;1;1.3445
13074056;5.81;1;1.3445
13074006;5.065;0;1.3445
13074023;5.025;1;1.3445
13074036;5.89;1;1.3445
13074046;7.0;1;1.3445
13074057;5.68;1;1.3445
13074060;4.86;1;1.3445
13074084;5.36;1;1.3445
13074090;5.735;1;1.3445
13074091;4.49;1;1.3445
13074013;5.39;1;1.3445
13074018;5.15;1;1.3445
13074028;6.045;1;1.3445
13074033;5.252;0;1.3445
13074042;5.42;1;1.3445
13074065;6.025;1;1.3445
13074066;5.52;1;1.3445
13074073;6.335;1;1.3445
13074078;7.38;1;1.3445
13074080;7.215;1;1.3445
13074092;5.475;1;1.3445
13074017;6.655;1;1.3445
13074027;5.71;1;1.3445
13074049;8.175;1;1.3445
13074052;6.18;1;1.3445
13074067;4.74;1;1.3445
13074074;6.56;1;1.3445
13074076;7.31;1;1.3445
13074094;5.57;1;1.3445
13075005;5.76;1;1.3504
13075039;7.5;1;1.3504
13075049;7.715;1;1.3504
13075105;5.51;1;1.3504
13075130;5.305;1;1.3504
13075136;6.02;1;1.3504
13075021;3.8;1;1.3504
13075072;7.438;0;1.3504
13075074;5.425;1;1.3504
13075087;6.46;1;1.3504
13075124;7.42;1;1.3504
13075144;5.995;1;1.3504
13075147;4.855;1;1.3504
13075001;4.04;1;1.3504
13075003;5.02;1;1.3504
13075031;4.645;1;1.3504
13075037;4.821;0;1.3504
13075051;4.93;1;1.3504
13075075;5.595;1;1.3504
13075078;5.765;1;1.3504
13075084;3.79;1;1.3504
13075085;5.83;1;1.3504
13075089;4.87;1;1.3504
13075093;8.995;1;1.3504
13075139;5.335;1;1.3504
13075007;3.84;1;1.3504
13075013;4.51;1;1.3504
13075015;5.3;1;1.3504
13075020;4.365;0;1.3504
13075022;8.55;1;1.3504
13075029;5.33;1;1.3504
13075053;4.55;0;1.3504
13075068;4.87;1;1.3504
13075073;3.236;0;1.3504
13075088;4.13;1;1.3504
13075098;4.94;1;1.3504
13075101;4.81;1;1.3504
13075110;5.59;1;1.3504
13075116;4.34;1;1.3504
13075122;3.6;1;1.3504
13075127;4.92;1;1.3504
13075128;5.195;1;1.3504
13075155;4.7;1;1.3504
13075002;4.55;1;1.3504
13075009;4.07;1;1.3504
13075023;5.66;1;1.3504
13075054;5.7;1;1.3504
13075070;4.96;1;1.3504
13075134;6.65;1;1.3504
13075140;8.31;1;1.3504
13075008;7.76;1;1.3504
13075025;4.8;1;1.3504
13075027;5.645;1;1.3504
13075050;7.32;1;1.3504
13075076;5.21;1;1.3504
13075091;5.27;1;1.3504
13075102;6.58;1;1.3504
13075141;7.225;1;1.3504
13075142;6.47;1;1.3504
13075011;5.15;1;1.3504
13075012;4.58;1;1.3504
13075016;6.1;1;1.3504
13075035;4.615;0;1.3504
13075038;4.4;1;1.3504
13075067;4.505;1;1.3504
13075079;5.825;1;1.3504
13075095;4.365;1;1.3504
13075107;4.67;1;1.3504
13075108;4.278;0;1.3504
13075113;4.595;1;1.3504
13075117;5.145;1;1.3504
13075119;4.63;1;1.3504
13075018;6.16;1;1.3504
13075046;5.875;1;1.3504
13075059;5.11;1;1.3504
13075060;5.91;1;1.3504
13075069;6.915;1;1.3504
13075081;6.365;1;1.3504
13075083;8.595;1;1.3504
13075097;5.92;1;1.3504
13075120;5.045;1;1.3504
13075146;5.545;1;1.3504
13075036;4.9;1;1.3504
13075082;5.015;1;1.3504
13075123;4.53;1;1.3504
13075004;5.09;1;1.3504
13075033;5.48;1;1.3504
13075045;5.27;1;1.3504
13075048;5.191;0;1.3504
13075118;4.57;1;1.3504
13075131;5.53;1;1.3504
13075143;4.45;1;1.3504
13075017;4.88;1;1.3504
13075032;3.985;0;1.3504
13075042;5.47;1;1.3504
13075055;4.985;1;1.3504
13075063;4.9;1;1.3504
13075071;5.12;1;1.3504
13075103;4.32;1;1.3504
13075104;5.5;1;1.3504
13075109;4.963;0;1.3504
13075115;4.985;1;1.3504
13075126;4.061;0;1.3504
13075138;3.73;1;1.3504
13075149;4.2;1;1.3504
13075058;6.245;1;1.3504
13075092;6.15;1;1.3504
13075106;6.485;1;1.3504
13075133;7.475;1;1.3504
13075151;7.485;1;1.3504
13075010;6.61;1;1.3504
13075026;7.42;1;1.3504
13075034;7.455;1;1.3504
13075056;5.05;1;1.3504
13075065;7.97;1;1.3504
13075066;7.43;1;1.3504
13075080;7.815;1;1.3504
13075090;6.47;1;1.3504
13075111;7.01;1;1.3504
13075114;5.6;1;1.3504
13075129;6.21;1;1.3504
13075135;8.09;1;1.3504
13075137;6.0;1;1.3504
13075148;8.13;1;1.3504
13075152;6.62;1;1.3504
13075006;5.595;1;1.3504
13075040;5.43;0;1.3504
13075041;5.81;1;1.3504
13075043;4.51;1;1.3504
13075044;5.095;1;1.3504
13075061;4.145;1;1.3504
13075094;5.495;1;1.3504
13075121;4.435;1;1.3504
13075125;3.84;1;1.3504
13075145;4.78;1;1.3504
13075150;5.16;1;1.3504
13075154;5.35;1;1.3504
13075156;5.54;1;1.3504
13076014;6.36;1;1.2932
13076060;5.57;1;1.2932
13076088;5.53;1;1.2932
13076090;5.93;1;1.2932
13076108;6.28;1;1.2932
13076009;4.825;1;1.2932
13076010;5.279;0;1.2932
13076016;5.43;1;1.2932
13076030;4.68;1;1.2932
13076054;6.545;1;1.2932
13076055;4.345;1;1.2932
13076102;5.33;1;1.2932
13076106;6.27;1;1.2932
13076122;5.925;1;1.2932
13076136;5.325;1;1.2932
13076138;7.205;1;1.2932
13076034;4.975;1;1.2932
13076053;4.408;0;1.2932
13076067;4.832;0;1.2932
13076093;5.015;1;1.2932
13076094;5.025;1;1.2932
13076103;5.085;1;1.2932
13076143;4.34;1;1.2932
13076040;5.235;0;1.2932
13076051;3.73;1;1.2932
13076075;4.19;0;1.2932
13076077;6.185;1;1.2932
13076089;5.055;1;1.2932
13076109;4.713;0;1.2932
13076125;5.095;1;1.2932
13076151;4.3;1;1.2932
13076165;4.675;1;1.2932
13076168;4.61;1;1.2932
13076032;5.56;1;1.2932
13076048;5.235;1;1.2932
13076096;5.06;1;1.2932
13076104;4.465;1;1.2932
13076135;4.885;1;1.2932
13076003;3.646;0;1.2932
13076021;2.895;0;1.2932
13076027;3.929;0;1.2932
13076037;5.285;1;1.2932
13076049;4.67;1;1.2932
13076050;5.61;1;1.2932
13076069;5.649;0;1.2932
13076076;4.255;0;1.2932
13076097;6.14;1;1.2932
13076098;3.537;0;1.2932
13076100;4.604;0;1.2932
13076115;5.26;1;1.2932
13076161;4.7;1;1.2932
13076002;5.43;1;1.2932
13076004;4.12;1;1.2932
13076008;5.235;0;1.2932
13076013;5.67;1;1.2932
13076019;5.58;1;1.2932
13076041;5.94;1;1.2932
13076057;3.57;0;1.2932
13076064;6.435;1;1.2932
13076065;5.35;1;1.2932
13076070;5.96;1;1.2932
13076079;5.635;1;1.2932
13076099;4.84;1;1.2932
13076110;6.255;1;1.2932
13076111;5.03;1;1.2932
13076116;5.235;1;1.2932
13076119;5.285;1;1.2932
13076131;5.05;0;1.2932
13076145;6.005;1;1.2932
13076169;5.505;1;1.2932
13076001;5.305;1;1.2932
13076018;5.464;0;1.2932
13076046;5.159;0;1.2932
13076058;6.005;1;1.2932
13076086;6.19;1;1.2932
13076087;5.99;1;1.2932
13076118;6.27;1;1.2932
13076134;6.17;1;1.2932
13076141;5.017;0;1.2932
13076146;4.93;1;1.2932
13076156;4.815;1;1.2932
13076012;3.94;0;1.2932
13076017;5.67;1;1.2932
13076105;5.205;1;1.2932
13076035;5.165;1;1.2932
13076056;7.85;1;1.2932
13076068;4.691;0;1.2932
13076085;4.655;1;1.2932
13076120;4.03;1;1.2932
13076126;5.14;1;1.2932
13076129;6.86;1;1.2932
13076160;4.625;1;1.2932
13076162;4.28;1;1.2932
13076164;4.225;1;1.2932
13076006;4.88;1;1.2932
13076114;5.995;1;1.2932
13076166;4.905;1;1.2932
13076011;5.39;1;1.2932
13076015;6.99;1;1.2932
13076020;5.35;1;1.2932
13076026;6.425;1;1.2932
13076062;5.159;0;1.2932
13076072;5.65;1;1.2932
13076078;5.88;1;1.2932
13076101;3.57;0;1.2932
13076128;4.52;1;1.2932
13076148;5.714;0;1.2932
13076155;5.07;1;1.2932
13076167;5.05;1;1.2932
13076036;6.845;1;1.2932
13076063;6.48;1;1.2932
13076071;6.665;1;1.2932
13076107;7.025;1;1.2932
13076121;5.289;0;1.2932
13076130;6.415;1;1.2932
13076147;6.3;1;1.2932
13076154;6.905;1;1.2932
13076163;3.929;0;1.2932
13076152;6.105;1;1.2932
13076153;5.17;1;1.2932
13076039;6.36;1;1.2932
13076073;6.515;1;1.2932
13076092;6.745;1;1.2932
13076142;5.54;1;1.2932
13076159;7.38;1;1.2932
13076005;7.175;1;1.2932
13076007;6.495;1;1.2932
13076023;6.07;1;1.2932
13076024;5.805;1;1.2932
13076025;5.885;1;1.2932
13076029;5.065;1;1.2932
13076033;5.765;1;1.2932
13076038;4.61;1;1.2932
13076044;6.77;1;1.2932
13076080;5.25;1;1.2932
13076082;7.145;1;1.2932
13076112;7.755;1;1.2932
13076113;7.155;1;1.2932
13076117;6.165;1;1.2932
13076133;6.405;1;1.2932
13076140;4.95;1;1.2932
13076158;4.58;1;1.2932
14511000;5.935;1;0.9874
14521010;5.29;1;1.1214
14521020;5.09;1;1.1214
14521035;4.91;1;1.1214
14521110;5.055;1;1.1214
14521130;4.67;1;1.1214
14521150;4.835;1;1.1214
14521160;5.35;1;1.1214
14521170;4.78;1;1.1214
14521200;5.34;1;1.1214
14521240;4.58;1;1.1214
14521250;4.61;1;1.1214
14521260;5.12;1;1.1214
14521290;5.255;1;1.1214
14521310;5.485;1;1.1214
14521320;4.775;1;1.1214
14521330;4.37;1;1.1214
14521355;5.15;1;1.1214
14521370;4.835;1;1.1214
14521390;5.23;1;1.1214
14521400;4.545;1;1.1214
14521410;5.28;1;1.1214
14521440;4.97;1;1.1214
14521450;5.65;1;1.1214
14521460;5.11;1;1.1214
14521495;4.895;1;1.1214
14521500;5.345;1;1.1214
14521530;5.105;1;1.1214
14521540;5.13;1;1.1214
14521550;5.395;1;1.1214
14521560;4.91;1;1.1214
14521600;4.7;1;1.1214
14521620;5.035;1;1.1214
14521630;4.855;1;1.1214
14521640;5.115;1;1.1214
14521670;5.205;1;1.1214
14521060;4.74;1;1.1214
14521340;5.36;1;1.1214
14521040;4.765;1;1.1214
14521120;5.105;1;1.1214
14521230;5.355;1;1.1214
14521210;4.965;1;1.1214
14521610;4.07;1;1.1214
14521380;5.455;1;1.1214
14521430;5.445;1;1.1214
14521510;4.985;1;1.1214
14521520;6.645;1;1.1214
14521140;4.88;1;1.1214
14521280;3.905;1;1.1214
14521570;5.055;1;1.1214
14521420;5.635;1;1.1214
14521590;5.29;1;1.1214
14521220;5.23;1;1.1214
14521690;5.23;1;1.1214
14521080;4.41;1;1.1214
14521700;5.85;1;1.1214
14521180;4.83;1;1.1214
14521710;5.145;1;1.1214
14521090;5.42;1;1.1214
14521270;4.74;1;1.1214
14522020;5.355;1;1.089
14522035;5.135;1;1.089
14522050;5.575;1;1.089
14522070;4.485;1;1.089
14522080;5.245;1;1.089
14522110;5.0;1;1.089
14522120;5.145;1;1.089
14522140;5.44;1;1.089
14522150;5.285;1;1.089
14522170;4.945;1;1.089
14522180;6.105;1;1.089
14522190;4.805;1;1.089
14522200;5.11;1;1.089
14522210;8.37;1;1.089
14522220;4.79;1;1.089
14522230;5.07;1;1.089
14522240;5.54;1;1.089
14522250;5.12;1;1.089
14522260;6.0;1;1.089
14522290;5.315;1;1.089
14522300;4.79;1;1.089
14522310;4.89;1;1.089
14522320;5.295;1;1.089
14522330;6.02;1;1.089
14522350;4.81;1;1.089
14522390;4.895;1;1.089
14522400;4.455;1;1.089
14522420;5.505;1;1.089
14522430;5.455;1;1.089
14522440;5.465;1;1.089
14522460;5.08;1;1.089
14522470;4.765;1;1.089
14522480;4.99;1;1.089
14522500;5.935;1;1.089
14522510;4.795;1;1.089
14522540;4.42;1;1.089
14522570;4.9;1;1.089
14522580;5.355;1;1.089
14522060;5.36;1;1.089
14522380;5.055;1;1.089
14522550;5.05;1;1.089
14522340;5.25;1;1.089
14522590;5.11;1;1.089
14522010;5.635;1;1.089
14522360;6.285;1;1.089
14522280;4.97;1;1.089
14522490;5.025;1;1.089
14522530;4.79;1;1.089
14522600;4.46;1;1.089
14522090;4.985;1;1.089
14522520;5.855;1;1.089
14523010;4.82;1;1.093
14523020;4.67;1;1.093
14523030;4.57;1;1.093
14523040;5.69;1;1.093
14523090;4.41;1;1.093
14523100;4.445;1;1.093
14523160;4.54;1;1.093
14523170;4.99;1;1.093
14523200;4.815;1;1.093
14523245;4.44;1;1.093
14523280;5.31;1;1.093
14523310;4.78;1;1.093
14523320;4.93;1;1.093
14523330;4.475;1;1.093
14523360;5.16;1;1.093
14523365;4.81;1;1.093
14523380;4.75;1;1.093
14523450;4.4;1;1.093
14523120;4.595;1;1.093
14523130;6.105;1;1.093
14523290;4.705;1;1.093
14523190;5.0;1;1.093
14523260;5.14;1;1.093
14523060;4.06;1;1.093
14523080;3.995;1;1.093
14523300;4.735;1;1.093
14523440;4.11;1;1.093
14523150;5.67;1;1.093
14523340;5.095;1;1.093
14523230;4.05;1;1.093
14523370;5.155;1;1.093
14523270;4.99;1;1.093
14523430;5.23;1;1.093
14523050;4.13;1;1.093
14523410;4.535;1;1.093
14523420;4.91;1;1.093
14523460;4.665;1;1.093
14524020;4.97;1;1.1065
14524060;5.035;1;1.1065
14524070;5.35;1;1.1065
14524080;5.53;1;1.1065
14524090;5.27;1;1.1065
14524120;5.32;1;1.1065
14524140;5.34;1;1.1065
14524150;4.92;1;1.1065
14524170;5.26;1;1.1065
14524200;5.2;1;1.1065
14524210;5.995;1;1.1065
14524230;5.37;1;1.1065
14524250;5.385;1;1.1065
14524300;5.025;1;1.1065
14524310;5.515;1;1.1065
14524320;5.685;1;1.1065
14524330;5.72;1;1.1065
14524030;5.09;1;1.1065
14524050;5.355;1;1.1065
14524040;5.155;1;1.1065
14524100;5.315;1;1.1065
14524110;5.215;1;1.1065
14524130;5.0;1;1.1065
14524180;5.375;1;1.1065
14524220;5.105;1;1.1065
14524190;5.295;1;1.1065
14524270;5.25;1;1.1065
14524010;5.42;1;1.1065
14524160;5.065;1;1.1065
14524280;4.655;1;1.1065
14524240;4.825;1;1.1065
14524260;4.945;1;1.1065
14524290;5.42;1;1.1065
14612000;8.03;1;1.2005
14625010;5.895;1;1.0972
14625020;5.74;1;1.0972
14625030;5.485;1;1.0972
14625060;5.08;1;1.0972
14625090;4.57;1;1.0972
14625100;5.01;1;1.0972
14625110;5.34;1;1.0972
14625120;5.89;1;1.0972
14625130;5.35;1;1.0972
14625150;5.09;1;1.0972
14625160;4.925;1;1.0972
14625200;6.0;1;1.0972
14625220;5.095;1;1.0972
14625230;5.045;1;1.0972
14625240;5.375;1;1.0972
14625250;5.88;1;1.0972
14625280;4.19;1;1.0972
14625290;5.24;1;1.0972
14625310;5.685;1;1.0972
14625330;5.295;1;1.0972
14625340;5.14;1;1.0972
14625380;5.58;1;1.0972
14625420;5.195;1;1.0972
14625430;6.7;1;1.0972
14625480;6.38;1;1.0972
14625490;4.92;1;1.0972
14625525;5.13;1;1.0972
14625530;5.08;1;1.0972
14625550;5.23;1;1.0972
14625560;4.98;1;1.0972
14625570;5.35;1;1.0972
14625590;4.66;1;1.0972
14625600;6.04;1;1.0972
14625610;5.105;1;1.0972
14625630;4.775;1;1.0972
14625640;6.635;1;1.0972
14625040;5.79;1;1.0972
14625510;6.125;1;1.0972
14625140;4.88;1;1.0972
14625170;5.745;1;1.0972
14625190;5.55;1;1.0972
14625390;5.795;1;1.0972
14625270;5.91;1;1.0972
14625300;5.31;1;1.0972
14625370;5.15;1;1.0972
14625360;4.84;1;1.0972
14625460;4.905;1;1.0972
14625180;6.01;1;1.0972
14625320;6.03;1;1.0972
14625410;5.625;1;1.0972
14625450;6.15;1;1.0972
14625580;7.12;1;1.0972
14625080;5.4;1;1.0972
14625350;4.805;1;1.0972
14625440;5.31;1;1.0972
14625470;4.945;1;1.0972
14625500;4.68;1;1.0972
14626060;4.98;1;1.1199
14626085;5.08;1;1.1199
14626110;5.435;1;1.1199
14626180;4.74;1;1.1199
14626245;4.62;1;1.1199
14626250;5.125;1;1.1199
14626280;4.58;1;1.1199
14626300;5.085;1;1.1199
14626310;4.675;1;1.1199
14626370;5.785;1;1.1199
14626390;4.895;1;1.1199
14626420;4.485;1;1.1199
14626530;4.89;1;1.1199
14626610;5.415;1;1.1199
14626010;4.985;1;1.1199
14626100;5.215;1;1.1199
14626030;4.4;1;1.1199
14626500;4.49;1;1.1199
14626140;4.485;1;1.1199
14626170;4.645;1;1.1199
14626150;4.73;1;1.1199
14626270;4.575;1;1.1199
14626290;5.0;1;1.1199
14626470;4.725;1;1.1199
14626070;5.17;1;1.1199
14626350;4.73;1;1.1199
14626510;4.18;1;1.1199
14626050;4.61;1;1.1199
14626210;5.0;1;1.1199
14626400;5.24;1;1.1199
14626430;5.095;1;1.1199
14626020;5.355;1;1.1199
14626410;4.82;1;1.1199
14626240;6.43;1;1.1199
14626450;4.77;1;1.1199
14626570;4.93;1;1.1199
14626260;4.325;1;1.1199
14626460;6.0;1;1.1199
14626160;4.81;1;1.1199
14626480;4.775;1;1.1199
14626120;4.74;1;1.1199
14626490;6.1;1;1.1199
14626560;4.357;0;1.1199
14626590;5.9;1;1.1199
14626600;5.26;1;1.1199
14626190;4.445;1;1.1199
14626320;3.655;1;1.1199
14626440;6.595;1;1.1199
14626580;4.31;1;1.1199
14626200;4.57;1;1.1199
14626230;4.96;1;1.1199
14626330;3.975;1;1.1199
14626520;5.865;1;1.1199
14627010;6.765;1;1.1398
14627020;5.495;1;1.1398
14627030;5.145;1;1.1398
14627050;5.035;1;1.1398
14627060;5.755;1;1.1398
14627070;4.67;1;1.1398
14627080;5.115;1;1.1398
14627100;5.875;1;1.1398
14627130;4.91;1;1.1398
14627140;6.03;1;1.1398
14627150;7.62;1;1.1398
14627170;6.885;1;1.1398
14627180;5.355;1;1.1398
14627200;4.785;1;1.1398
14627210;7.4;1;1.1398
14627220;6.255;1;1.1398
14627230;5.445;1;1.1398
14627260;5.145;1;1.1398
14627270;6.155;1;1.1398
14627290;6.22;1;1.1398
14627310;7.57;1;1.1398
14627360;5.015;1;1.1398
14627040;5.365;1;1.1398
14627190;5.53;1;1.1398
14627240;5.01;1;1.1398
14627340;4.76;1;1.1398
14627110;5.495;1;1.1398
14627250;5.875;1;1.1398
14628050;6.985;1;1.2498
14628060;5.885;1;1.2498
14628100;5.2;1;1.2498
14628110;6.18;1;1.2498
14628130;5.415;1;1.2498
14628160;6.24;1;1.2498
14628190;5.36;1;1.2498
14628220;6.58;1;1.2498
14628260;5.5;1;1.2498
14628300;5.59;1;1.2498
14628360;4.975;1;1.2498
14628380;5.91;1;1.2498
14628410;6.5;1;1.2498
14628010;5.175;1;1.2498
14628170;4.435;1;1.2498
14628020;6.255;1;1.2498
14628040;5.6;1;1.2498
14628230;4.375;1;1.2498
14628030;5.695;1;1.2498
14628320;5.11;1;1.2498
14628330;4.95;1;1.2498
14628080;6.17;1;1.2498
14628250;5.555;1;1.2498
14628140;5.33;1;1.2498
14628210;5.23;1;1.2498
14628310;5.345;1;1.2498
14628340;5.825;1;1.2498
14628390;5.57;1;1.2498
14628240;6.1;1;1.2498
14628370;5.715;1;1.2498
14628070;6.44;1;1.2498
14628270;6.085;1;1.2498
14628150;4.665;1;1.2498
14628205;5.54;1;1.2498
14628090;5.695;1;1.2498
14628400;7.675;1;1.2498
14713000;7.46;1;1.3271
14729030;5.49;1;1.2106
14729040;6.065;1;1.2106
14729050;5.45;1;1.2106
14729060;6.65;1;1.2106
14729070;6.445;1;1.2106
14729080;5.075;1;1.2106
14729140;5.475;1;1.2106
14729150;4.85;1;1.2106
14729160;5.465;1;1.2106
14729170;6.035;1;1.2106
14729190;6.33;1;1.2106
14729220;4.845;1;1.2106
14729245;4.91;1;1.2106
14729250;6.56;1;1.2106
14729260;7.32;1;1.2106
14729270;6.8;1;1.2106
14729320;5.335;1;1.2106
14729360;5.04;1;1.2106
14729370;5.585;1;1.2106
14729380;9.36;1;1.2106
14729400;5.515;1;1.2106
14729410;5.48;1;1.2106
14729430;6.615;1;1.2106
14729010;5.94;1;1.2106
14729330;5.285;1;1.2106
14729020;6.055;1;1.2106
14729300;6.235;1;1.2106
14729340;5.63;1;1.2106
14729100;5.055;1;1.2106
14729350;5.75;1;1.2106
14730020;5.58;1;1.26
14730045;4.795;1;1.26
14730050;5.115;1;1.26
14730060;4.865;1;1.26
14730070;5.945;1;1.26
14730080;5.175;1;1.26
14730110;5.86;1;1.26
14730160;4.935;1;1.26
14730170;4.46;1;1.26
14730180;5.55;1;1.26
14730190;5.79;1;1.26
14730200;4.77;1;1.26
14730210;4.225;1;1.26
14730230;5.64;1;1.26
14730250;6.375;1;1.26
14730270;6.635;1;1.26
14730300;6.945;1;1.26
14730330;4.875;1;1.26
14730340;5.31;1;1.26
14730010;4.3;1;1.26
14730030;4.91;1;1.26
14730090;4.58;1;1.26
14730120;4.96;1;1.26
14730320;4.875;1;1.26
14730150;6.715;1;1.26
14730280;5.82;1;1.26
14730100;5.93;1;1.26
14730310;5.37;1;1.26
14730140;5.495;1;1.26
14730360;5.1;1;1.26
15001000;6.04;1;1.1672
15002000;6.58;1;1.2204
15003000;6.385;1;1.1543
15081030;5.1;1;1.1616
15081135;5.21;1;1.1616
15081240;4.34;1;1.1616
15081280;5.255;1;1.1616
15081455;5.475;1;1.1616
15081026;4.725;1;1.1616
15081045;5.0;1;1.1616
15081095;4.06;1;1.1616
15081105;4.885;1;1.1616
15081225;4.13;1;1.1616
15081290;4.605;1;1.1616
15081440;3.895;1;1.1616
15081545;4.13;1;1.1616
15082005;4.9;1;1.1618
15082015;5.99;1;1.1618
15082180;5.465;1;1.1618
15082241;6.615;1;1.1618
15082256;4.93;1;1.1618
15082301;5.95;1;1.1618
15082340;6.32;1;1.1618
15082377;5.125;1;1.1618
15082430;5.18;1;1.1618
15082440;5.685;1;1.1618
15083040;6.965;1;1.1308
15083270;5.76;1;1.1308
15083298;5.765;1;1.1308
15083390;5.24;1;1.1308
15083411;6.29;1;1.1308
15083415;5.385;1;1.1308
15083490;5.755;1;1.1308
15083531;5.205;1;1.1308
15083565;5.925;1;1.1308
15083030;4.96;1;1.1308
15083120;4.795;1;1.1308
15083130;5.66;1;1.1308
15083361;5.33;1;1.1308
15083440;5.69;1;1.1308
15083557;5.295;1;1.1308
15083580;5.585;1;1.1308
15083020;4.22;1;1.1308
15083060;5.57;1;1.1308
15083115;4.98;1;1.1308
15083125;5.135;1;1.1308
15083205;5.195;1;1.1308
15083230;5.085;1;1.1308
15083323;5.025;1;1.1308
15083190;5.54;1;1.1308
15083275;5.155;1;1.1308
15083320;4.64;1;1.1308
15083485;4.69;1;1.1308
15083505;4.825;1;1.1308
15083515;4.595;1;1.1308
15083535;4.595;1;1.1308
15083025;4.26;1;1.1308
15083035;4.725;1;1.1308
15083245;4.685;1;1.1308
15083355;4.45;1;1.1308
15084130;4.85;1;1.1194
15084235;5.67;1;1.1194
15084315;5.185;1;1.1194
15084355;5.935;1;1.1194
15084490;4.99;1;1.1194
15084550;5.595;1;1.1194
15084590;5.155;1;1.1194
15084012;4.245;1;1.1194
15084015;5.205;1;1.1194
15084125;5.28;1;1.1194
15084132;4.25;1;1.1194
15084133;5.29;1;1.1194
15084246;4.745;1;1.1194
15084282;6.08;1;1.1194
15084115;5.125;1;1.1194
15084207;4.875;1;1.1194
15084275;4.85;1;1.1194
15084442;4.05;1;1.1194
15084565;4.5;1;1.1194
15084025;4.595;1;1.1194
15084135;5.77;1;1.1194
15084150;3.99;1;1.1194
15084170;5.215;1;1.1194
15084250;4.715;1;1.1194
15084285;4.8;1;1.1194
15084360;4.43;1;1.1194
15084013;4.815;1;1.1194
15084335;4.385;1;1.1194
15084341;4.45;1;1.1194
15084375;5.29;1;1.1194
15084445;5.72;1;1.1194
15084470;5.175;1;1.1194
15084560;4.785;1;1.1194
15085040;5.33;1;1.1212
15085055;5.41;1;1.1212
15085110;5.34;1;1.1212
15085135;5.48;1;1.1212
15085145;5.46;1;1.1212
15085185;4.49;1;1.1212
15085190;5.985;1;1.1212
15085227;5.48;1;1.1212
15085228;5.17;1;1.1212
15085230;4.92;1;1.1212
15085235;6.01;1;1.1212
15085330;5.4;1;1.1212
15085370;6.49;1;1.1212
15085090;4.52;1;1.1212
15085125;5.31;1;1.1212
15085140;6.8;1;1.1212
15085160;4.61;1;1.1212
15085285;4.97;1;1.1212
15085287;3.9;1;1.1212
15085365;4.86;1;1.1212
15086005;6.205;1;1.1852
15086015;5.985;1;1.1852
15086035;5.125;1;1.1852
15086040;5.41;1;1.1852
15086055;5.16;1;1.1852
15086080;5.065;1;1.1852
15086140;5.455;1;1.1852
15086145;6.775;1;1.1852
15087015;5.28;1;1.1054
15087031;4.77;1;1.1054
15087130;5.49;1;1.1054
15087165;4.8;1;1.1054
15087220;5.495;1;1.1054
15087275;5.12;1;1.1054
15087370;5.805;1;1.1054
15087386;5.595;1;1.1054
15087412;5.06;1;1.1054
15087055;5.67;1;1.1054
15087101;4.8;1;1.1054
15087125;4.915;1;1.1054
15087250;5.27;1;1.1054
15087440;5.275;1;1.1054
15087010;5.17;1;1.1054
15087045;5.145;1;1.1054
15087070;5.38;1;1.1054
15087075;4.455;1;1.1054
15087205;5.31;1;1.1054
15087210;5.66;1;1.1054
15087260;5.845;1;1.1054
15087470;4.9;1;1.1054
15088020;5.595;1;1.1629
15088025;5.925;1;1.1629
15088065;5.415;1;1.1629
15088150;5.805;1;1.1629
15088195;6.165;1;1.1629
15088205;6.09;1;1.1629
15088216;5.205;1;1.1629
15088220;5.75;1;1.1629
15088235;5.0;1;1.1629
15088295;6.065;1;1.1629
15088305;5.225;1;1.1629
15088319;6.455;1;1.1629
15088330;6.13;1;1.1629
15088365;5.845;1;1.1629
15088030;5.1;1;1.1629
15088100;4.815;1;1.1629
15088250;5.105;1;1.1629
15088265;5.0;1;1.1629
15088340;5.155;1;1.1629
15088355;5.59;1;1.1629
15089015;5.31;1;1.1587
15089026;5.1;1;1.1587
15089030;5.64;1;1.1587
15089042;5.005;1;1.1587
15089055;5.465;1;1.1587
15089175;4.9;1;1.1587
15089195;4.97;1;1.1587
15089235;4.955;1;1.1587
15089305;5.635;1;1.1587
15089307;4.775;1;1.1587
15089310;5.065;1;1.1587
15089041;4.865;1;1.1587
15089043;4.98;1;1.1587
15089045;5.19;1;1.1587
15089075;5.01;1;1.1587
15089365;4.73;1;1.1587
15089005;5.285;1;1.1587
15089130;3.88;1;1.1587
15089165;5.35;1;1.1587
15089185;5.035;1;1.1587
15089245;5.33;1;1.1587
15090070;4.6;1;1.1697
15090225;4.97;1;1.1697
15090415;5.2;1;1.1697
15090535;6.035;1;1.1697
15090546;5.145;1;1.1697
15090550;5.81;1;1.1697
15090010;5.45;1;1.1697
15090135;4.405;1;1.1697
15090180;4.605;1;1.1697
15090220;5.225;1;1.1697
15090245;4.485;1;1.1697
15090270;4.1;1;1.1697
15090435;4.795;1;1.1697
15090610;4.515;1;1.1697
15090285;5.02;1;1.1697
15090310;4.675;1;1.1697
15090445;4.835;1;1.1697
15090485;5.04;1;1.1697
15090500;4.575;1;1.1697
15090631;4.555;1;1.1697
15090003;4.51;1;1.1697
15090007;4.185;1;1.1697
15090008;4.235;1;1.1697
15090520;5.06;1;1.1697
15090635;3.985;1;1.1697
15091010;4.535;1;1.1518
15091020;5.31;1;1.1518
15091060;4.93;1;1.1518
15091110;5.24;1;1.1518
15091145;5.51;1;1.1518
15091160;5.56;1;1.1518
15091241;5.33;1;1.1518
15091375;5.795;1;1.1518
15091391;4.97;1;1.1518
16051000;7.37;1;1.3569
16052000;5.425;1;1.1373
16053000;7.835;1;1.4882
16054000;5.635;1;1.1943
16055000;7.425;1;1.3131
16061045;6.525;1;1.2008
16061074;5.635;1;1.2008
16061115;5.89;1;1.2008
16061116;5.055;1;1.2008
16061117;4.33;1;1.2008
16061118;5.31;1;1.2008
16061003;5.21;1;1.2008
16061015;6.68;1;1.2008
16061026;5.105;1;1.2008
16061031;4.885;1;1.2008
16061094;5.452;0;1.2008
16061103;5.531;0;1.2008
16061114;6.115;1;1.2008
16061017;5.29;1;1.2008
16061019;4.348;0;1.2008
16061037;6.07;1;1.2008
16061044;4.725;1;1.2008
16061058;5.47;1;1.2008
16061001;5.11;1;1.2008
16061014;6.73;1;1.2008
16061021;3.65;0;1.2008
16061032;6.984;0;1.2008
16061033;6.218;0;1.2008
16061036;6.09;1;1.2008
16061048;5.62;1;1.2008
16061057;6.815;1;1.2008
16061066;5.2;1;1.2008
16061069;6.675;1;1.2008
16061078;5.43;0;1.2008
16061082;4.94;1;1.2008
16061102;5.09;1;1.2008
16061012;5.59;1;1.2008
16061034;6.49;1;1.2008
16061039;5.103;0;1.2008
16061047;5.52;0;1.2008
16061049;5.575;1;1.2008
16061076;6.36;1;1.2008
16061089;5.55;1;1.2008
16061107;4.88;1;1.2008
16061002;4.79;1;1.2008
16061007;5.047;0;1.2008
16061024;3.515;0;1.2008
16061065;4.945;0;1.2008
16061067;4.92;1;1.2008
16061068;5.16;1;1.2008
16061077;4.427;0;1.2008
16061084;5.61;1;1.2008
16061091;5.68;1;1.2008
16061096;6.02;1;1.2008
16061097;6.875;1;1.2008
16061111;6.215;1;1.2008
16061018;4.686;0;1.2008
16061027;5.14;1;1.2008
16061041;5.283;0;1.2008
16061063;5.105;1;1.2008
16061101;9.5;1;1.2008
16061035;6.5;1;1.2008
16061056;4.551;0;1.2008
16061062;4.269;0;1.2008
16061075;4.19;1;1.2008
16061086;5.982;0;1.2008
16061098;3.988;0;1.2008
16061105;4.382;0;1.2008
16061113;5.425;1;1.2008
16062005;4.965;1;1.143
16062041;5.765;1;1.143
16062049;4.975;1;1.143
16062062;4.21;1;1.143
16062063;4.9;1;1.143
16062065;5.62;1;1.143
16062008;4.96;1;1.143
16062054;6.075;1;1.143
16062064;5.08;1;1.143
16062009;4.02;1;1.143
16062024;3.92;1;1.143
16062026;4.42;1;1.143
16062033;3.864;0;1.143
16062037;3.685;0;1.143
16062066;5.305;1;1.143
16063004;5.755;1;1.1841
16063076;5.325;1;1.1841
16063078;5.065;1;1.1841
16063082;5.61;1;1.1841
16063092;5.335;1;1.1841
16063097;6.135;1;1.1841
16063098;5.355;1;1.1841
16063099;6.11;1;1.1841
16063101;5.08;1;1.1841
16063103;5.965;1;1.1841
16063105;6.275;1;1.1841
16063006;4.663;0;1.1841
16063008;4.738;0;1.1841
16063028;5.36;1;1.1841
16063037;4.009;0;1.1841
16063046;5.475;1;1.1841
16063049;5.445;1;1.1841
16063058;6.955;1;1.1841
16063104;5.95;1;1.1841
16063003;5.73;1;1.1841
16063051;5.83;1;1.1841
16063011;5.115;1;1.1841
16063032;5.1;1;1.1841
16063068;4.405;0;1.1841
16063066;5.685;1;1.1841
16063071;5.07;1;1.1841
16063015;5.26;1;1.1841
16063023;3.56;1;1.1841
16063062;4.77;0;1.1841
16063084;4.47;1;1.1841
16063086;5.015;1;1.1841
16064003;5.685;1;1.1456
16064046;5.535;1;1.1456
16064071;5.445;1;1.1456
16064004;5.79;1;1.1456
16064005;5.56;1;1.1456
16064007;5.32;1;1.1456
16064009;4.724;0;1.1456
16064021;3.719;0;1.1456
16064027;4.649;0;1.1456
16064033;5.035;1;1.1456
16064038;4.73;1;1.1456
16064045;6.281;0;1.1456
16064061;5.665;0;1.1456
16064062;2.724;0;1.1456
16064064;3.6;0;1.1456
16064019;5.79;1;1.1456
16064022;6.2;1;1.1456
16064055;5.16;1;1.1456
16064074;5.35;1;1.1456
16064032;4.292;0;1.1456
16064053;3.3;1;1.1456
16064075;5.23;1;1.1456
16064058;4.685;1;1.1456
16064076;5.535;1;1.1456
16064037;5.36;1;1.1456
16064043;5.027;0;1.1456
16064077;5.01;1;1.1456
16065003;5.51;1;1.1772
16065032;4.655;1;1.1772
16065067;5.605;1;1.1772
16065085;4.8;1;1.1772
16065087;5.11;1;1.1772
16065089;5.07;1;1.1772
16065012;4.535;1;1.1772
16065074;4.739;0;1.1772
16065075;6.748;0;1.1772
16065077;5.36;1;1.1772
16065079;4.433;0;1.1772
16065001;2.544;0;1.1772
16065014;5.1;1;1.1772
16065018;3.592;0;1.1772
16065038;3.385;0;1.1772
16065008;3.865;0;1.1772
16065019;3.712;0;1.1772
16065042;4.66;1;1.1772
16065046;4.28;0;1.1772
16065056;5.32;1;1.1772
16065086;4.995;1;1.1772
16065016;5.088;0;1.1772
16065052;4.88;1;1.1772
16065088;5.465;1;1.1772
16066023;5.46;1;1.1745
16066047;5.82;1;1.1745
16066063;5.79;1;1.1745
16066069;5.69;1;1.1745
16066074;5.615;1;1.1745
16066092;5.735;1;1.1745
16066093;4.29;1;1.1745
16066094;5.205;1;1.1745
16066019;7.29;1;1.1745
16066024;5.05;1;1.1745
16066052;2.921;0;1.1745
16066095;5.21;1;1.1745
16066025;3.399;0;1.1745
16066041;3.728;0;1.1745
16066064;4.58;1;1.1745
16066086;5.075;1;1.1745
16066005;4.057;0;1.1745
16066015;2.974;0;1.1745
16066016;4.83;1;1.1745
16066017;5.087;0;1.1745
16066038;4.896;0;1.1745
16066039;4.737;0;1.1745
16066045;4.84;1;1.1745
16066049;5.465;1;1.1745
16066057;4.86;1;1.1745
16066058;5.35;1;1.1745
16066065;5.585;1;1.1745
16066079;5.034;0;1.1745
16066081;5.7;1;1.1745
16066042;5.88;1;1.1745
16066056;5.065;1;1.1745
16066073;5.34;1;1.1745
16066076;5.44;1;1.1745
16066013;5.325;1;1.1745
16066022;4.885;1;1.1745
16066059;4.769;0;1.1745
16066061;4.12;1;1.1745
16067019;6.065;1;1.1803
16067029;6.005;1;1.1803
16067064;5.89;1;1.1803
16067065;5.8;1;1.1803
16067072;5.73;1;1.1803
16067087;6.13;1;1.1803
16067088;5.445;1;1.1803
16067004;5.325;1;1.1803
16067016;5.6;1;1.1803
16067022;4.95;1;1.1803
16067047;5.815;1;1.1803
16067052;5.35;1;1.1803
16067055;4.929;0;1.1803
16067068;3.429;0;1.1803
16067071;5.2;1;1.1803
16067082;6.47;1;1.1803
16067009;5.51;1;1.1803
16067011;6.985;1;1.1803
16067026;4.205;1;1.1803
16067033;5.715;1;1.1803
16067067;5.405;1;1.1803
16067044;5.315;1;1.1803
16067053;5.48;1;1.1803
16067059;5.145;1;1.1803
16067089;6.22;1;1.1803
16067063;5.225;1;1.1803
16067091;5.435;1;1.1803
16067013;3.615;1;1.1803
16067036;5.203;0;1.1803
16067092;5.375;1;1.1803
16068034;5.93;1;1.2537
16068051;6.015;1;1.2537
16068058;5.875;1;1.2537
16068063;5.23;1;1.2537
16068002;8.35;1;1.2537
16068014;5.665;1;1.2537
16068045;6.44;1;1.2537
16068057;6.455;1;1.2537
16068005;5.612;0;1.2537
16068015;5.27;1;1.2537
16068022;5.46;1;1.2537
16068064;6.02;1;1.2537
16068019;5.14;1;1.2537
16068033;6.086;0;1.2537
16068041;4.631;0;1.2537
16068042;5.155;1;1.2537
16068013;5.08;1;1.2537
16068025;5.98;1;1.2537
16068044;6.15;1;1.2537
16068049;5.215;0;1.2537
16068053;6.075;1;1.2537
16068059;7.06;1;1.2537
16068062;5.149;0;1.2537
16068001;7.59;1;1.2537
16068007;5.1;1;1.2537
16068017;6.163;0;1.2537
16068021;6.175;1;1.2537
16068032;5.105;0;1.2537
16068036;8.99;1;1.2537
16068037;6.9;1;1.2537
16068039;5.601;0;1.2537
16068048;5.6;1;1.2537
16068052;5.155;1;1.2537
16068055;6.745;1;1.2537
16068056;5.7;1;1.2537
16068009;6.315;1;1.2537
16068061;7.16;1;1.2537
16069012;5.415;1;1.2601
16069024;5.905;1;1.2601
16069042;5.19;1;1.2601
16069043;5.875;1;1.2601
16069053;4.675;1;1.2601
16069061;5.335;1;1.2601
16069062;5.335;1;1.2601
16069003;5.08;1;1.2601
16069009;4.14;0;1.2601
16069016;4.085;0;1.2601
16069021;4.7;1;1.2601
16069025;5.58;1;1.2601
16069026;5.689;0;1.2601
16069028;4.8;1;1.2601
16069035;3.067;0;1.2601
16069037;4.551;0;1.2601
16069051;5.44;1;1.2601
16069046;4.291;0;1.2601
16069049;5.135;1;1.2601
16069052;5.895;1;1.2601
16069056;4.237;0;1.2601
16069063;5.115;1;1.2601
16069006;5.429;0;1.2601
16069058;4.84;1;1.2601
16070004;6.445;1;1.2495
16070028;6.15;1;1.2495
16070029;6.135;1;1.2495
16070048;5.47;1;1.2495
16070057;5.77;1;1.2495
16070058;5.325;1;1.2495
16070011;5.64;1;1.2495
16070034;5.845;1;1.2495
16070043;6.16;1;1.2495
16070001;7.4;0;1.2495
16070006;4.97;1;1.2495
16070008;5.25;1;1.2495
16070012;6.03;1;1.2495
16070013;4.768;0;1.2495
16070041;5.42;1;1.2495
16070054;5.109;0;1.2495
16071001;5.995;1;1.3822
16071003;5.805;1;1.3822
16071008;5.565;1;1.3822
16071101;6.16;1;1.3822
16071103;6.115;1;1.3822
16071032;7.407;0;1.3822
16071043;6.97;1;1.3822
16071046;5.61;1;1.3822
16071059;6.52;1;1.3822
16071079;5.215;0;1.3822
16071087;3.897;0;1.3822
16071009;7.17;1;1.3822
16071013;7.916;0;1.3822
16071019;5.281;0;1.3822
16071025;7.745;1;1.3822
16071031;6.178;0;1.3822
16071037;5.955;1;1.3822
16071038;7.296;0;1.3822
16071042;4.572;0;1.3822
16071049;4.505;1;1.3822
16071053;6.3;1;1.3822
16071055;4.639;0;1.3822
16071056;6.2;1;1.3822
16071071;5.403;0;1.3822
16071089;6.42;1;1.3822
16071093;6.41;0;1.3822
16071095;5.58;0;1.3822
16071004;5.55;1;1.3822
16071015;5.004;0;1.3822
16071022;4.99;1;1.3822
16071064;5.81;1;1.3822
16071069;3.941;0;1.3822
16071083;5.0;1;1.3822
16071005;4.838;0;1.3822
16071017;6.87;1;1.3822
16071061;5.336;0;1.3822
16071102;6.025;1;1.3822
16072011;5.005;1;1.1485
16072015;5.05;1;1.1485
16072018;5.77;1;1.1485
16072019;5.34;1;1.1485
16072023;5.15;1;1.1485
16072024;5.52;1;1.1485
16072006;5.12;1;1.1485
16072013;5.795;1;1.1485
16073005;5.76;1;1.1758
16073076;6.085;1;1.1758
16073077;5.765;1;1.1758
16073106;4.78;1;1.1758
16073109;5.515;1;1.1758
16073111;5.705;1;1.1758
16073028;5.055;1;1.1758
16073046;4.71;1;1.1758
16073067;5.18;1;1.1758
16073013;3.845;1;1.1758
16073014;3.522;0;1.1758
16073017;4.224;0;1.1758
16073037;4.365;1;1.1758
16073055;5.32;1;1.1758
16073074;4.796;0;1.1758
16073082;5.235;1;1.1758
16073084;5.235;1;1.1758
16073094;4.655;1;1.1758
16073113;6.1;1;1.1758
16073002;4.483;0;1.1758
16073035;4.49;1;1.1758
16073038;5.175;1;1.1758
16073107;4.029;0;1.1758
16073001;4.073;0;1.1758
16073112;5.81;1;1.1758
16074044;6.0;1;1.1783
16074012;5.08;1;1.1783
16074038;4.56;1;1.1783
16074039;5.2;1;1.1783
16074072;4.709;0;1.1783
16074092;5.42;1;1.1783
16074106;3.256;0;1.1783
16074116;4.55;1;1.1783
16074007;8.62;0;1.1783
16074017;5.43;0;1.1783
16074022;8.37;1;1.1783
16074029;6.52;1;1.1783
16074045;5.19;0;1.1783
16074047;7.025;0;1.1783
16074053;5.045;1;1.1783
16074064;4.709;0;1.1783
16074066;6.621;0;1.1783
16074074;5.649;0;1.1783
16074077;5.168;0;1.1783
16074097;5.517;0;1.1783
16074101;5.9;0;1.1783
16074102;6.265;1;1.1783
16074103;5.365;1;1.1783
16074104;6.938;0;1.1783
16074107;6.184;0;1.1783
16074108;6.14;0;1.1783
16074002;5.995;1;1.1783
16074004;4.458;0;1.1783
16074008;6.1;1;1.1783
16074016;6.29;1;1.1783
16074021;5.954;0;1.1783
16074031;3.999;0;1.1783
16074033;5.976;0;1.1783
16074034;5.16;1;1.1783
16074042;7.69;1;1.1783
16074048;5.321;0;1.1783
16074049;7.935;1;1.1783
16074052;5.736;0;1.1783
16074057;7.425;1;1.1783
16074065;5.705;1;1.1783
16074076;7.113;0;1.1783
16074079;7.305;1;1.1783
16074087;6.55;1;1.1783
16074095;7.528;0;1.1783
16074114;9.74;1;1.1783
16074041;5.48;1;1.1783
16074059;6.86;1;1.1783
16074075;5.61;1;1.1783
16074084;4.93;1;1.1783
16074093;5.285;1;1.1783
16074011;5.89;1;1.1783
16074019;6.75;1;1.1783
16074026;5.725;0;1.1783
16074032;5.5;1;1.1783
16074036;4.72;1;1.1783
16074051;6.615;1;1.1783
16074054;6.828;0;1.1783
16074063;7.585;1;1.1783
16074096;4.141;0;1.1783
16074099;6.173;0;1.1783
16074112;4.98;1;1.1783
16074113;5.82;1;1.1783
16074058;6.162;0;1.1783
16074081;6.708;0;1.1783
16074094;6.02;1;1.1783
16074009;6.115;1;1.1783
16074028;4.829;0;1.1783
16074068;5.594;0;1.1783
16074018;5.435;1;1.1783
16074025;4.47;1;1.1783
16074037;5.79;1;1.1783
16074055;4.71;1;1.1783
16074067;4.589;0;1.1783
16074073;6.84;1;1.1783
16074001;6.359;0;1.1783
16074003;6.355;1;1.1783
16074005;6.271;0;1.1783
16074085;6.245;1;1.1783
16074086;5.49;1;1.1783
16074091;5.015;0;1.1783
16074098;5.1;1;1.1783
16074105;4.895;0;1.1783
16074109;6.525;1;1.1783
16075046;5.345;1;1.1174
16075062;5.84;1;1.1174
16075085;5.705;1;1.1174
16075098;5.755;1;1.1174
16075131;4.795;1;1.1174
16075132;5.43;1;1.1174
16075133;5.315;1;1.1174
16075134;5.18;1;1.1174
16075135;5.26;1;1.1174
16075136;4.935;1;1.1174
16075014;5.585;1;1.1174
16075033;7.26;1;1.1174
16075034;5.282;0;1.1174
16075048;5.621;0;1.1174
16075063;5.654;0;1.1174
16075068;6.2;1;1.1174
16075072;5.818;0;1.1174
16075076;5.925;1;1.1174
16075083;4.648;0;1.1174
16075084;2.351;0;1.1174
16075109;4.84;1;1.1174
16075119;3.467;0;1.1174
16075006;5.96;1;1.1174
16075016;4.703;0;1.1174
16075039;4.593;0;1.1174
16075054;5.565;1;1.1174
16075056;4.89;1;1.1174
16075074;5.26;1;1.1174
16075077;5.81;1;1.1174
16075121;4.757;0;1.1174
16075124;5.975;1;1.1174
16075019;6.55;1;1.1174
16075029;5.315;0;1.1174
16075057;5.42;1;1.1174
16075065;4.92;1;1.1174
16075066;5.53;1;1.1174
16075093;10.739;0;1.1174
16075099;5.45;1;1.1174
16075116;5.69;1;1.1174
16075023;5.83;1;1.1174
16075035;3.631;0;1.1174
16075069;4.342;0;1.1174
16075081;4.221;0;1.1174
16075088;5.69;1;1.1174
16075102;4.517;0;1.1174
16075103;6.376;0;1.1174
16075125;5.556;0;1.1174
16075127;5.225;1;1.1174
16075129;5.535;1;1.1174
16075051;4.943;0;1.1174
16075073;5.835;1;1.1174
16076004;5.195;1;1.124
16076022;4.995;1;1.124
16076061;5.14;1;1.124
16076088;4.345;1;1.124
16076089;7.225;1;1.124
16076092;4.95;1;1.124
16076093;4.655;1;1.124
16076009;5.21;1;1.124
16076017;4.879;0;1.124
16076027;4.476;0;1.124
16076034;4.92;1;1.124
16076043;5.18;1;1.124
16076055;5.03;1;1.124
16076062;5.42;1;1.124
16076069;5.025;1;1.124
16076074;4.879;0;1.124
16076084;5.06;1;1.124
16076007;6.17;1;1.124
16076033;5.0;1;1.124
16076042;4.291;0;1.124
16076044;4.39;1;1.124
16076049;4.99;1;1.124
16076064;5.02;1;1.124
16076068;3.932;0;1.124
16076086;5.7;1;1.124
16076006;4.629;0;1.124
16076008;5.54;1;1.124
16076023;4.82;1;1.124
16076028;4.683;0;1.124
16076036;5.95;1;1.124
16076058;4.88;1;1.124
16076059;6.927;0;1.124
16076067;5.304;0;1.124
16076003;5.425;1;1.124
16076012;5.195;1;1.124
16076014;3.278;0;1.124
16076079;4.845;1;1.124
16076041;4.755;1;1.124
16076081;4.683;0;1.124
16076087;5.195;1;1.124
16076029;4.665;1;1.124
16076039;4.85;1;1.124
16077001;5.56;1;1.1353
16077028;5.105;1;1.1353
16077032;5.37;1;1.1353
16077005;4.42;1;1.1353
16077007;5.2;1;1.1353
16077015;4.855;1;1.1353
16077048;5.33;1;1.1353
16077052;5.935;1;1.1353
16077008;4.92;1;1.1353
16077009;3.927;0;1.1353
16077022;4.6;1;1.1353
16077027;5.575;1;1.1353
16077031;3.7;1;1.1353
16077034;4.87;1;1.1353
16077042;4.855;1;1.1353
16077044;4.895;1;1.1353
16077016;3.73;1;1.1353
16077018;4.277;0;1.1353
16077026;5.01;1;1.1353
16077041;5.306;0;1.1353
16077047;4.691;0;1.1353
16077049;5.105;0;1.1353
16077012;5.585;1;1.1353
16077017;3.078;0;1.1353
16077039;6.585;1;1.1353
16077011;3.46;1;1.1353
16077023;4.385;1;1.1353
16077036;5.16;1;1.1353
16077003;4.565;1;1.1353
16077043;5.32;1;1.1353
