{"type":"FeatureCollection","meta":{"city":"Frankfurt am Main","station":[8.663,50.107],"radius_km":45,"wage":{"median":5202,"p25":3723},"net":{"median":3228,"p25":2453},"share":0.3,"flat_m2":60,"stops":{"0":{"flats":193889,"rent_zensus":11.32,"rent_recent":13.08,"rent_asking":16.64,"rent_old_method":17.81,"small_premium":1.042,"nk_cold":1.4,"nk_warm":1.3,"dist_km":2.8,"rent":20.04,"rent_prev":19.96,"personas":{"median":{"net":3228,"cost":1202,"share":0.372,"share_ticket":0.39,"m2":48,"share_prev":0.371,"m2_old":86},"p25":{"net":2453,"cost":1202,"share":0.49,"share_ticket":0.514,"m2":37,"share_prev":0.488,"m2_old":65}}},"10":{"flats":297933,"rent_zensus":9.11,"rent_recent":11.39,"rent_asking":14.71,"rent_old_method":13.91,"small_premium":1.04,"nk_cold":1.4,"nk_warm":1.3,"dist_km":9.5,"rent":18,"rent_prev":15.87,"personas":{"median":{"net":3228,"cost":1080,"share":0.335,"share_ticket":0.352,"m2":54,"share_prev":0.295,"m2_old":106},"p25":{"net":2453,"cost":1080,"share":0.44,"share_ticket":0.464,"m2":41,"share_prev":0.388,"m2_old":81}}},"20":{"flats":172525,"rent_zensus":8.33,"rent_recent":9.67,"rent_asking":12.64,"rent_old_method":12.48,"small_premium":1.061,"nk_cold":1.4,"nk_warm":1.3,"dist_km":20.1,"rent":16.11,"rent_prev":14.64,"personas":{"median":{"net":3231,"cost":967,"share":0.299,"share_ticket":0.317,"m2":60,"share_prev":0.272,"m2_old":116},"p25":{"net":2455,"cost":967,"share":0.394,"share_ticket":0.417,"m2":46,"share_prev":0.358,"m2_old":88}}},"30":{"flats":315886,"rent_zensus":8.87,"rent_recent":10,"rent_asking":12.85,"rent_old_method":12.99,"small_premium":1.077,"nk_cold":1.32,"nk_warm":1.25,"dist_km":30.2,"rent":16.41,"rent_prev":15.31,"personas":{"median":{"net":3256,"cost":985,"share":0.302,"share_ticket":0.32,"m2":60,"share_prev":0.282,"m2_old":109},"p25":{"net":2476,"cost":985,"share":0.398,"share_ticket":0.421,"m2":45,"share_prev":0.371,"m2_old":83}}},"40":{"flats":131395,"rent_zensus":7.36,"rent_recent":8.38,"rent_asking":10.94,"rent_old_method":10.92,"small_premium":1.093,"nk_cold":1.2,"nk_warm":1.16,"dist_km":39.2,"rent":14.32,"rent_prev":13.14,"personas":{"median":{"net":3277,"cost":859,"share":0.262,"share_ticket":0.28,"m2":69,"share_prev":0.24,"m2_old":132},"p25":{"net":2495,"cost":859,"share":0.344,"share_ticket":0.368,"m2":52,"share_prev":0.316,"m2_old":100}}}}},"features":[{"type":"Feature","properties":{"ags":"06411000","name":"Darmstadt","ewz":164792,"dist_km":26.2,"city":false,"warm_m2":17.82,"own_value":true,"m2_median":55,"share_median":0.329,"m2_p25":42,"share_p25":0.433},"geometry":{"type":"Polygon","coordinates":[[[8.7318,49.9528],[8.7257,49.9542],[8.7037,49.9507],[8.6995,49.9491],[8.6961,49.9494],[8.6912,49.9482],[8.6869,49.9484],[8.6821,49.9505],[8.6745,49.9515],[8.666,49.946],[8.6288,49.9423],[8.6271,49.9422],[8.6273,49.9388],[8.6306,49.9392],[8.6335,49.9372],[8.6303,49.9326],[8.6256,49.9167],[8.6189,49.9159],[8.6196,49.9126],[8.631,49.9103],[8.6296,49.896],[8.6048,49.8827],[8.5993,49.8821],[8.5958,49.8635],[8.5899,49.8563],[8.56,49.8481],[8.5661,49.8313],[8.5901,49.8371],[8.5988,49.8368],[8.6115,49.8346],[8.6224,49.8107],[8.6491,49.7978],[8.6497,49.7961],[8.657,49.7976],[8.6755,49.8049],[8.6778,49.8086],[8.6799,49.8183],[8.6722,49.8224],[8.6741,49.8362],[8.7055,49.8515],[8.7169,49.8613],[8.7291,49.863],[8.7274,49.8791],[8.7271,49.8839],[8.7383,49.8898],[8.7412,49.8962],[8.7473,49.907],[8.7372,49.9188],[8.7405,49.9275],[8.7298,49.933],[8.7349,49.9424],[8.7318,49.9528]]]}},{"type":"Feature","properties":{"ags":"06412000","name":"Frankfurt am Main","ewz":775790,"dist_km":1.5,"city":true,"warm_m2":20.09,"own_value":true,"m2_median":48,"share_median":0.373,"m2_p25":37,"share_p25":0.491},"geometry":{"type":"Polygon","coordinates":[[[8.7116,50.2248],[8.7097,50.2262],[8.7015,50.2171],[8.6818,50.2126],[8.6689,50.217],[8.6532,50.2086],[8.6413,50.2007],[8.6386,50.2014],[8.6358,50.1974],[8.6154,50.1842],[8.6087,50.1759],[8.5967,50.1732],[8.592,50.1673],[8.5887,50.1684],[8.5902,50.1595],[8.5913,50.1603],[8.6008,50.1573],[8.5912,50.1406],[8.5624,50.1298],[8.5305,50.1159],[8.5219,50.1203],[8.5137,50.1219],[8.4961,50.1059],[8.476,50.1088],[8.481,50.1052],[8.4726,50.0999],[8.4735,50.0985],[8.4785,50.0964],[8.4787,50.0941],[8.4886,50.0883],[8.4903,50.0849],[8.5017,50.0814],[8.5013,50.0757],[8.511,50.0679],[8.5176,50.065],[8.5173,50.0642],[8.5207,50.0617],[8.5245,50.0639],[8.5258,50.0837],[8.5389,50.0796],[8.5433,50.0696],[8.553,50.0666],[8.5593,50.0489],[8.5411,50.0441],[8.5159,50.0327],[8.5159,50.027],[8.5188,50.0206],[8.5318,50.0213],[8.5411,50.0243],[8.5644,50.0265],[8.5696,50.0255],[8.5762,50.0156],[8.581,50.0173],[8.5913,50.0177],[8.5972,50.0424],[8.6081,50.0435],[8.6239,50.0545],[8.6421,50.0534],[8.7178,50.0624],[8.7346,50.0862],[8.7489,50.0943],[8.7419,50.104],[8.7432,50.1147],[8.7552,50.1146],[8.775,50.1088],[8.7802,50.1114],[8.7813,50.114],[8.7805,50.1166],[8.7707,50.1261],[8.7698,50.1308],[8.7724,50.1339],[8.7806,50.1367],[8.7836,50.1584],[8.7977,50.1675],[8.7995,50.1732],[8.7899,50.176],[8.7787,50.1802],[8.7387,50.1626],[8.7226,50.1635],[8.7119,50.1725],[8.7056,50.1919],[8.7307,50.2036],[8.7311,50.2177],[8.7116,50.2248]]]}},{"type":"Feature","properties":{"ags":"06413000","name":"Offenbach am Main","ewz":135490,"dist_km":8.8,"city":false,"warm_m2":17.06,"own_value":true,"m2_median":57,"share_median":0.317,"m2_p25":43,"share_p25":0.417},"geometry":{"type":"Polygon","coordinates":[[[8.8191,50.0964],[8.8228,50.0996],[8.8084,50.1199],[8.8182,50.1234],[8.818,50.1335],[8.8043,50.1343],[8.7881,50.1371],[8.7814,50.1369],[8.7721,50.1337],[8.7696,50.1299],[8.7707,50.1261],[8.7811,50.1153],[8.7812,50.113],[8.7791,50.1106],[8.775,50.1088],[8.7552,50.1146],[8.7432,50.1147],[8.7419,50.104],[8.7489,50.0943],[8.7346,50.0862],[8.7178,50.0624],[8.7493,50.0631],[8.7608,50.0591],[8.7621,50.0554],[8.7514,50.0537],[8.7581,50.0473],[8.7636,50.047],[8.7794,50.0528],[8.7902,50.0695],[8.8259,50.0705],[8.836,50.0708],[8.8433,50.0869],[8.8248,50.0908],[8.8191,50.0964]]]}},{"type":"Feature","properties":{"ags":"06414000","name":"Wiesbaden","ewz":285522,"dist_km":29.4,"city":false,"warm_m2":16.18,"own_value":true,"m2_median":60,"share_median":0.298,"m2_p25":46,"share_p25":0.392},"geometry":{"type":"Polygon","coordinates":[[[8.3273,50.1457],[8.3218,50.1511],[8.304,50.1515],[8.2833,50.1473],[8.2763,50.1516],[8.2421,50.1482],[8.2386,50.1411],[8.2096,50.132],[8.1853,50.1211],[8.1817,50.1258],[8.16,50.1244],[8.132,50.1034],[8.1194,50.098],[8.1178,50.0951],[8.1123,50.0937],[8.1152,50.0894],[8.1304,50.0923],[8.1323,50.0814],[8.1105,50.0839],[8.1116,50.0732],[8.1227,50.0747],[8.1385,50.0669],[8.1429,50.062],[8.1597,50.0531],[8.1751,50.0343],[8.1863,50.0355],[8.1975,50.0349],[8.2181,50.032],[8.2327,50.031],[8.2446,50.0276],[8.2724,50.0103],[8.2882,49.9951],[8.2975,49.9946],[8.3171,50.0019],[8.3306,50.0005],[8.3326,50.0057],[8.3315,50.0169],[8.3363,50.0229],[8.3323,50.0264],[8.3802,50.0464],[8.373,50.0515],[8.3661,50.05],[8.3656,50.0509],[8.3595,50.0531],[8.3548,50.0663],[8.3651,50.0714],[8.3749,50.0675],[8.3859,50.0822],[8.3774,50.0969],[8.3627,50.0982],[8.3536,50.1049],[8.3443,50.1194],[8.3447,50.122],[8.3486,50.1252],[8.3501,50.1286],[8.3452,50.1308],[8.3369,50.1282],[8.3182,50.1376],[8.3169,50.1396],[8.3273,50.1457]]]}},{"type":"Feature","properties":{"ags":"06431002","name":"Bensheim","ewz":41758,"dist_km":46,"city":false,"warm_m2":15.94,"own_value":true,"m2_median":62,"share_median":0.29,"m2_p25":47,"share_p25":0.381},"geometry":{"type":"Polygon","coordinates":[[[8.6365,49.7249],[8.6222,49.7289],[8.6202,49.7305],[8.6195,49.7274],[8.6212,49.7264],[8.6187,49.7242],[8.6273,49.7228],[8.6196,49.7176],[8.6119,49.7141],[8.6109,49.7192],[8.5924,49.7219],[8.5869,49.7208],[8.573,49.7113],[8.5604,49.7196],[8.5716,49.7238],[8.5722,49.7268],[8.5593,49.7288],[8.5465,49.7171],[8.557,49.706],[8.5555,49.6966],[8.5597,49.6887],[8.5699,49.6825],[8.5805,49.6838],[8.5716,49.6728],[8.5816,49.6648],[8.5873,49.6539],[8.6127,49.6598],[8.6551,49.6697],[8.669,49.6683],[8.7077,49.6797],[8.7132,49.6813],[8.7125,49.6895],[8.7018,49.6977],[8.6819,49.693],[8.6557,49.7013],[8.6736,49.7252],[8.6618,49.7288],[8.6469,49.7267],[8.6365,49.7249]]]}},{"type":"Feature","properties":{"ags":"06431006","name":"Einhausen","ewz":6657,"dist_km":48.4,"city":false,"warm_m2":14.52,"own_value":true,"m2_median":68,"share_median":0.264,"m2_p25":52,"share_p25":0.347},"geometry":{"type":"Polygon","coordinates":[[[8.5597,49.6887],[8.5555,49.6966],[8.557,49.706],[8.5465,49.7171],[8.5414,49.7171],[8.517,49.7097],[8.5107,49.704],[8.5006,49.7023],[8.5116,49.6746],[8.4933,49.6798],[8.49,49.6745],[8.4786,49.6639],[8.4931,49.6599],[8.5068,49.6676],[8.5207,49.667],[8.5182,49.6563],[8.5082,49.6554],[8.5141,49.6416],[8.5343,49.6446],[8.539,49.6464],[8.5406,49.6563],[8.5529,49.6689],[8.5648,49.6734],[8.5634,49.6794],[8.5699,49.6825],[8.5597,49.6887]]]}},{"type":"Feature","properties":{"ags":"06431010","name":"Groß-Rohrheim","ewz":3666,"dist_km":45.3,"city":false,"warm_m2":13,"own_value":true,"m2_median":76,"share_median":0.237,"m2_p25":58,"share_p25":0.311},"geometry":{"type":"Polygon","coordinates":[[[8.4714,49.7292],[8.458,49.7262],[8.4547,49.7313],[8.4484,49.7337],[8.4382,49.7223],[8.4255,49.7168],[8.4378,49.7026],[8.4473,49.6998],[8.4662,49.7004],[8.4784,49.6992],[8.5107,49.704],[8.517,49.7097],[8.5414,49.7171],[8.5365,49.7233],[8.5255,49.7249],[8.4948,49.7229],[8.4836,49.7255],[8.4714,49.7292]]]}},{"type":"Feature","properties":{"ags":"06431014","name":"Lautertal (Odenwald)","ewz":7167,"dist_km":43.3,"city":false,"warm_m2":13.27,"own_value":true,"m2_median":74,"share_median":0.242,"m2_p25":57,"share_p25":0.318},"geometry":{"type":"Polygon","coordinates":[[[8.7747,49.7265],[8.7691,49.7289],[8.749,49.7225],[8.7341,49.7255],[8.7234,49.7403],[8.7091,49.7431],[8.7015,49.7503],[8.703,49.7542],[8.6798,49.744],[8.6862,49.7305],[8.6736,49.7252],[8.6557,49.7013],[8.6819,49.693],[8.7018,49.6977],[8.7125,49.6895],[8.7132,49.6813],[8.7208,49.6819],[8.7212,49.6806],[8.7268,49.6826],[8.729,49.6869],[8.7303,49.6956],[8.7508,49.7105],[8.7699,49.7169],[8.7747,49.7265]]]}},{"type":"Feature","properties":{"ags":"06431015","name":"Lindenfels","ewz":5378,"dist_km":45.6,"city":false,"warm_m2":12.85,"own_value":true,"m2_median":77,"share_median":0.234,"m2_p25":59,"share_p25":0.307},"geometry":{"type":"Polygon","coordinates":[[[8.7975,49.7313],[8.7973,49.7383],[8.7904,49.736],[8.7859,49.7312],[8.7745,49.7254],[8.7699,49.7169],[8.7508,49.7105],[8.7303,49.6956],[8.729,49.6869],[8.7268,49.6826],[8.7233,49.6808],[8.7318,49.6777],[8.7809,49.6726],[8.7956,49.6886],[8.8007,49.709],[8.7906,49.7164],[8.7863,49.7251],[8.7975,49.7313]]]}},{"type":"Feature","properties":{"ags":"06431022","name":"Zwingenberg","ewz":7284,"dist_km":43,"city":false,"warm_m2":16.07,"own_value":true,"m2_median":61,"share_median":0.293,"m2_p25":47,"share_p25":0.385},"geometry":{"type":"Polygon","coordinates":[[[8.6025,49.7295],[8.5963,49.7345],[8.578,49.7272],[8.5716,49.7238],[8.5604,49.7196],[8.573,49.7113],[8.5869,49.7208],[8.5924,49.7219],[8.6109,49.7192],[8.6119,49.7141],[8.6196,49.7176],[8.6273,49.7228],[8.6187,49.7242],[8.6212,49.7264],[8.6195,49.7274],[8.6202,49.7305],[8.6169,49.7312],[8.6025,49.7295]]]}},{"type":"Feature","properties":{"ags":"06432001","name":"Alsbach-Hähnlein","ewz":9208,"dist_km":40.6,"city":false,"warm_m2":15.97,"own_value":true,"m2_median":62,"share_median":0.292,"m2_p25":47,"share_p25":0.384},"geometry":{"type":"Polygon","coordinates":[[[8.5879,49.7503],[8.5826,49.7553],[8.5705,49.7624],[8.5624,49.7667],[8.5547,49.7604],[8.5593,49.7288],[8.5722,49.7268],[8.578,49.7272],[8.5963,49.7345],[8.6025,49.7295],[8.6169,49.7312],[8.6222,49.7289],[8.6365,49.7249],[8.6417,49.7271],[8.6464,49.7343],[8.6233,49.7478],[8.6168,49.744],[8.5879,49.7503]]]}},{"type":"Feature","properties":{"ags":"06432002","name":"Babenhausen","ewz":17579,"dist_km":26.2,"city":false,"warm_m2":14.08,"own_value":true,"m2_median":69,"share_median":0.26,"m2_p25":53,"share_p25":0.342},"geometry":{"type":"Polygon","coordinates":[[[8.9825,49.9948],[8.9565,49.9968],[8.9486,49.9986],[8.9444,50.0018],[8.9444,49.9978],[8.9294,49.9868],[8.8997,49.9662],[8.877,49.9659],[8.8649,49.9635],[8.8838,49.9448],[8.8866,49.9402],[8.8749,49.9358],[8.8825,49.9287],[8.9008,49.929],[8.9157,49.9143],[8.9147,49.9136],[8.9273,49.9106],[8.9572,49.9195],[8.9575,49.9219],[8.9714,49.9224],[8.9764,49.9322],[8.9746,49.9383],[8.9968,49.9442],[9.0066,49.9504],[9.0215,49.9499],[9.0264,49.9551],[9.0157,49.989],[9.0161,49.9913],[9.0002,49.9958],[8.9825,49.9948]]]}},{"type":"Feature","properties":{"ags":"06432003","name":"Bickenbach","ewz":6220,"dist_km":39,"city":false,"warm_m2":16.41,"own_value":true,"m2_median":60,"share_median":0.3,"m2_p25":46,"share_p25":0.395},"geometry":{"type":"Polygon","coordinates":[[[8.6173,49.772],[8.6015,49.7693],[8.5702,49.7749],[8.5608,49.7698],[8.5705,49.7624],[8.5826,49.7553],[8.5879,49.7503],[8.6168,49.744],[8.6245,49.7518],[8.625,49.7625],[8.6173,49.772]]]}},{"type":"Feature","properties":{"ags":"06432004","name":"Dieburg","ewz":15723,"dist_km":25.1,"city":false,"warm_m2":17.56,"own_value":true,"m2_median":55,"share_median":0.325,"m2_p25":42,"share_p25":0.427},"geometry":{"type":"Polygon","coordinates":[[[8.8715,49.9065],[8.8427,49.9215],[8.8421,49.9258],[8.7972,49.9223],[8.7706,49.9148],[8.7634,49.9025],[8.803,49.8933],[8.8155,49.8878],[8.8264,49.8874],[8.8265,49.8845],[8.8454,49.8842],[8.8597,49.8926],[8.8715,49.9065]]]}},{"type":"Feature","properties":{"ags":"06432005","name":"Eppertshausen","ewz":6405,"dist_km":21,"city":false,"warm_m2":14.43,"own_value":true,"m2_median":67,"share_median":0.268,"m2_p25":51,"share_p25":0.352},"geometry":{"type":"Polygon","coordinates":[[[8.8649,49.9635],[8.8543,49.9606],[8.8482,49.9561],[8.8313,49.9502],[8.8171,49.95],[8.7809,49.9592],[8.7707,49.9519],[8.7553,49.9492],[8.7777,49.9432],[8.7847,49.9442],[8.7872,49.9462],[8.7893,49.9428],[8.7945,49.9415],[8.7964,49.9419],[8.7969,49.9403],[8.7997,49.9399],[8.8198,49.9399],[8.8244,49.9408],[8.8324,49.9404],[8.8663,49.9436],[8.8749,49.9358],[8.8866,49.9402],[8.8838,49.9448],[8.8649,49.9635]]]}},{"type":"Feature","properties":{"ags":"06432006","name":"Erzhausen","ewz":8147,"dist_km":17.2,"city":false,"warm_m2":15.71,"own_value":true,"m2_median":62,"share_median":0.292,"m2_p25":47,"share_p25":0.384},"geometry":{"type":"Polygon","coordinates":[[[8.6201,49.9655],[8.6026,49.965],[8.6049,49.9544],[8.6121,49.9538],[8.6123,49.947],[8.6247,49.9418],[8.6288,49.9423],[8.666,49.946],[8.6745,49.9515],[8.6691,49.9529],[8.6587,49.9521],[8.6275,49.9635],[8.6201,49.9655]]]}},{"type":"Feature","properties":{"ags":"06432007","name":"Fischbachtal","ewz":2785,"dist_km":40.3,"city":false,"warm_m2":13.7,"own_value":true,"m2_median":72,"share_median":0.251,"m2_p25":55,"share_p25":0.329},"geometry":{"type":"Polygon","coordinates":[[[8.8143,49.7774],[8.8116,49.7823],[8.7978,49.7661],[8.7916,49.7643],[8.7861,49.7634],[8.7833,49.7674],[8.7794,49.7665],[8.779,49.7591],[8.7756,49.7536],[8.7904,49.736],[8.7997,49.7389],[8.8105,49.7393],[8.8383,49.761],[8.8321,49.7763],[8.82,49.7794],[8.8143,49.7774]]]}},{"type":"Feature","properties":{"ags":"06432008","name":"Griesheim","ewz":28210,"dist_km":29.5,"city":false,"warm_m2":17.02,"own_value":true,"m2_median":57,"share_median":0.314,"m2_p25":44,"share_p25":0.413},"geometry":{"type":"Polygon","coordinates":[[[8.5774,49.8833],[8.5528,49.882],[8.5324,49.8736],[8.5225,49.8727],[8.5212,49.8717],[8.536,49.8384],[8.5478,49.8255],[8.5661,49.8313],[8.56,49.8481],[8.5899,49.8563],[8.5958,49.8635],[8.5993,49.8821],[8.5945,49.8808],[8.5774,49.8833]]]}},{"type":"Feature","properties":{"ags":"06432009","name":"Groß-Bieberau","ewz":4762,"dist_km":37.6,"city":false,"warm_m2":13.95,"own_value":true,"m2_median":70,"share_median":0.256,"m2_p25":54,"share_p25":0.336},"geometry":{"type":"Polygon","coordinates":[[[8.8436,49.8067],[8.8237,49.81],[8.8118,49.8031],[8.8031,49.8058],[8.7989,49.8027],[8.7953,49.7953],[8.7722,49.7874],[8.7756,49.7853],[8.7826,49.7779],[8.7794,49.7665],[8.7833,49.7674],[8.7861,49.7634],[8.7916,49.7643],[8.7978,49.7661],[8.8116,49.7823],[8.8143,49.7774],[8.82,49.7794],[8.8321,49.7763],[8.8383,49.761],[8.8429,49.7644],[8.8453,49.7781],[8.8657,49.7927],[8.8647,49.7982],[8.8436,49.8067]]]}},{"type":"Feature","properties":{"ags":"06432010","name":"Groß-Umstadt","ewz":21018,"dist_km":34,"city":false,"warm_m2":14.65,"own_value":true,"m2_median":67,"share_median":0.269,"m2_p25":51,"share_p25":0.354},"geometry":{"type":"Polygon","coordinates":[[[8.9637,49.9116],[8.9572,49.9195],[8.9273,49.9106],[8.9147,49.9136],[8.9125,49.9119],[8.882,49.9114],[8.8715,49.9065],[8.8597,49.8926],[8.8454,49.8842],[8.8399,49.8842],[8.8495,49.881],[8.8565,49.8686],[8.8654,49.8645],[8.8838,49.8697],[8.9043,49.8468],[8.9314,49.8404],[8.9302,49.8318],[8.9378,49.8151],[8.9482,49.8188],[8.9648,49.8118],[8.9714,49.8165],[8.9908,49.8202],[8.9941,49.8225],[9.0126,49.835],[9.005,49.8557],[9.0227,49.8524],[9.0362,49.851],[9.0361,49.8465],[9.0408,49.8475],[9.0431,49.8503],[9.0437,49.8555],[9.0338,49.8604],[9.034,49.8621],[9.0298,49.8662],[9.0231,49.8696],[9.0145,49.8723],[9.0064,49.8696],[8.993,49.8809],[9.0031,49.8854],[8.9627,49.906],[8.9637,49.9116]]]}},{"type":"Feature","properties":{"ags":"06432011","name":"Groß-Zimmern","ewz":14859,"dist_km":28.5,"city":false,"warm_m2":15.24,"own_value":true,"m2_median":64,"share_median":0.281,"m2_p25":49,"share_p25":0.37},"geometry":{"type":"Polygon","coordinates":[[[8.803,49.8933],[8.7634,49.9025],[8.7589,49.8948],[8.7442,49.8983],[8.7412,49.8962],[8.7402,49.8922],[8.7964,49.8789],[8.805,49.8678],[8.7948,49.856],[8.8007,49.8522],[8.8028,49.8513],[8.8146,49.8479],[8.8403,49.8541],[8.8505,49.8567],[8.8654,49.8645],[8.8565,49.8686],[8.8495,49.881],[8.8399,49.8842],[8.8265,49.8845],[8.8264,49.8874],[8.8155,49.8878],[8.803,49.8933]]]}},{"type":"Feature","properties":{"ags":"06432012","name":"Messel","ewz":4263,"dist_km":21.5,"city":false,"warm_m2":15.71,"own_value":true,"m2_median":62,"share_median":0.291,"m2_p25":47,"share_p25":0.383},"geometry":{"type":"Polygon","coordinates":[[[8.7553,49.9492],[8.7417,49.9579],[8.7458,49.9601],[8.7362,49.9575],[8.7257,49.9542],[8.7318,49.9528],[8.7349,49.9424],[8.7298,49.933],[8.7405,49.9275],[8.7372,49.9188],[8.7473,49.907],[8.7442,49.8983],[8.7589,49.8948],[8.7839,49.9382],[8.7914,49.9411],[8.7969,49.9403],[8.7964,49.9419],[8.7945,49.9415],[8.7893,49.9428],[8.7872,49.9462],[8.7847,49.9442],[8.7777,49.9432],[8.7553,49.9492]]]}},{"type":"Feature","properties":{"ags":"06432013","name":"Modautal","ewz":5114,"dist_km":39.4,"city":false,"warm_m2":14.4,"own_value":true,"m2_median":68,"share_median":0.264,"m2_p25":52,"share_p25":0.346},"geometry":{"type":"Polygon","coordinates":[[[8.7693,49.7863],[8.7596,49.7872],[8.7491,49.7781],[8.7437,49.7777],[8.7242,49.7754],[8.7185,49.782],[8.7128,49.7837],[8.7082,49.7825],[8.7037,49.7815],[8.7,49.7726],[8.7035,49.7607],[8.7056,49.7584],[8.7015,49.7503],[8.7091,49.7431],[8.7234,49.7403],[8.7341,49.7255],[8.749,49.7225],[8.7691,49.7289],[8.7747,49.7265],[8.7745,49.7254],[8.7859,49.7312],[8.7904,49.736],[8.7756,49.7536],[8.779,49.7591],[8.7784,49.7621],[8.7826,49.7779],[8.7756,49.7853],[8.7736,49.7864],[8.7693,49.7863]]]}},{"type":"Feature","properties":{"ags":"06432014","name":"Mühltal","ewz":13866,"dist_km":32.8,"city":false,"warm_m2":15.6,"own_value":true,"m2_median":63,"share_median":0.287,"m2_p25":48,"share_p25":0.377},"geometry":{"type":"Polygon","coordinates":[[[8.7147,49.783],[8.7153,49.7882],[8.7186,49.7895],[8.7158,49.7923],[8.7137,49.7984],[8.7195,49.8065],[8.7127,49.8165],[8.7198,49.8236],[8.7122,49.8329],[8.7203,49.8465],[8.7061,49.8439],[8.6908,49.8449],[8.6741,49.8362],[8.6722,49.8224],[8.6799,49.8183],[8.6778,49.8086],[8.6755,49.8049],[8.657,49.7976],[8.6671,49.7871],[8.6641,49.776],[8.6756,49.7726],[8.6981,49.7802],[8.7082,49.7825],[8.7128,49.7837],[8.7147,49.783]]]}},{"type":"Feature","properties":{"ags":"06432015","name":"Münster (Hessen)","ewz":14518,"dist_km":25.3,"city":false,"warm_m2":14.78,"own_value":true,"m2_median":66,"share_median":0.273,"m2_p25":50,"share_p25":0.36},"geometry":{"type":"Polygon","coordinates":[[[8.8825,49.9287],[8.8663,49.9436],[8.8324,49.9404],[8.8244,49.9408],[8.8211,49.94],[8.8086,49.9396],[8.7914,49.9411],[8.7839,49.9382],[8.7706,49.9148],[8.7972,49.9223],[8.8421,49.9258],[8.8427,49.9215],[8.8715,49.9065],[8.882,49.9114],[8.9125,49.9119],[8.9157,49.9143],[8.9008,49.929],[8.8825,49.9287]]]}},{"type":"Feature","properties":{"ags":"06432016","name":"Ober-Ramstadt","ewz":15313,"dist_km":32.7,"city":false,"warm_m2":14.6,"own_value":true,"m2_median":67,"share_median":0.269,"m2_p25":51,"share_p25":0.353},"geometry":{"type":"Polygon","coordinates":[[[8.7297,49.8526],[8.7258,49.8557],[8.727,49.8631],[8.7169,49.8613],[8.7055,49.8515],[8.6908,49.8449],[8.7061,49.8439],[8.7203,49.8465],[8.7122,49.8329],[8.7198,49.8236],[8.7127,49.8165],[8.7195,49.8065],[8.7137,49.7984],[8.7158,49.7923],[8.7186,49.7895],[8.7153,49.7882],[8.7147,49.783],[8.7185,49.782],[8.7242,49.7754],[8.7437,49.7777],[8.7491,49.7781],[8.7596,49.7872],[8.7693,49.7863],[8.7736,49.7864],[8.7722,49.7874],[8.7953,49.7953],[8.7989,49.8027],[8.8013,49.8041],[8.7953,49.8061],[8.7878,49.8205],[8.7927,49.8256],[8.785,49.8347],[8.7842,49.8482],[8.7815,49.8481],[8.7804,49.8499],[8.7775,49.8493],[8.7506,49.8467],[8.7297,49.8526]]]}},{"type":"Feature","properties":{"ags":"06432017","name":"Otzberg","ewz":6502,"dist_km":35.6,"city":false,"warm_m2":13.2,"own_value":true,"m2_median":74,"share_median":0.242,"m2_p25":57,"share_p25":0.318},"geometry":{"type":"Polygon","coordinates":[[[8.9648,49.8118],[8.9482,49.8188],[8.9378,49.8151],[8.9302,49.8318],[8.9314,49.8404],[8.9043,49.8468],[8.8838,49.8697],[8.8654,49.8645],[8.8505,49.8567],[8.8487,49.8561],[8.8536,49.8394],[8.8651,49.8369],[8.8631,49.8139],[8.8592,49.8064],[8.8697,49.7981],[8.8755,49.7955],[8.8745,49.7884],[8.8945,49.7917],[8.9093,49.788],[8.9175,49.7872],[8.9264,49.7993],[8.9453,49.7929],[8.9697,49.798],[8.9655,49.8061],[8.9648,49.8118]]]}},{"type":"Feature","properties":{"ags":"06432018","name":"Pfungstadt","ewz":25299,"dist_km":33.9,"city":false,"warm_m2":15.3,"own_value":true,"m2_median":64,"share_median":0.281,"m2_p25":49,"share_p25":0.37},"geometry":{"type":"Polygon","coordinates":[[[8.5988,49.8368],[8.5901,49.8371],[8.5661,49.8313],[8.5478,49.8255],[8.5495,49.8222],[8.5481,49.8009],[8.5366,49.7957],[8.5374,49.785],[8.5364,49.7787],[8.5434,49.7707],[8.547,49.7669],[8.5608,49.7698],[8.5702,49.7749],[8.6015,49.7693],[8.6173,49.772],[8.6456,49.7863],[8.6503,49.7917],[8.6491,49.7978],[8.6224,49.8107],[8.6115,49.8346],[8.5988,49.8368]]]}},{"type":"Feature","properties":{"ags":"06432019","name":"Reinheim","ewz":16729,"dist_km":32.9,"city":false,"warm_m2":14.47,"own_value":true,"m2_median":68,"share_median":0.266,"m2_p25":51,"share_p25":0.35},"geometry":{"type":"Polygon","coordinates":[[[8.8028,49.8513],[8.8007,49.8522],[8.7919,49.8565],[8.784,49.8503],[8.7804,49.8499],[8.7815,49.8481],[8.7842,49.8482],[8.785,49.8347],[8.7927,49.8256],[8.7878,49.8205],[8.7953,49.8061],[8.8013,49.8041],[8.8031,49.8058],[8.8118,49.8031],[8.8237,49.81],[8.8436,49.8067],[8.8647,49.7982],[8.8652,49.7963],[8.8697,49.7981],[8.8592,49.8064],[8.8631,49.8139],[8.8651,49.8369],[8.8536,49.8394],[8.8487,49.8561],[8.8403,49.8541],[8.8146,49.8479],[8.8028,49.8513]]]}},{"type":"Feature","properties":{"ags":"06432020","name":"Roßdorf","ewz":13025,"dist_km":27,"city":false,"warm_m2":16.17,"own_value":true,"m2_median":60,"share_median":0.299,"m2_p25":46,"share_p25":0.393},"geometry":{"type":"Polygon","coordinates":[[[8.7402,49.8922],[8.7383,49.8898],[8.7271,49.8839],[8.7274,49.8791],[8.7291,49.863],[8.727,49.8631],[8.7252,49.8571],[8.7297,49.8526],[8.7506,49.8467],[8.7775,49.8493],[8.784,49.8503],[8.7919,49.8565],[8.7948,49.856],[8.805,49.8678],[8.7964,49.8789],[8.7402,49.8922]]]}},{"type":"Feature","properties":{"ags":"06432021","name":"Schaafheim","ewz":9306,"dist_km":33.2,"city":false,"warm_m2":13.53,"own_value":true,"m2_median":72,"share_median":0.249,"m2_p25":55,"share_p25":0.327},"geometry":{"type":"Polygon","coordinates":[[[9.0215,49.9499],[9.0066,49.9504],[8.9968,49.9442],[8.9746,49.9383],[8.9764,49.9322],[8.9714,49.9224],[8.9575,49.9219],[8.9637,49.9116],[8.9627,49.906],[9.0031,49.8854],[8.993,49.8809],[9.0064,49.8696],[9.0145,49.8723],[9.0231,49.8696],[9.0298,49.8662],[9.034,49.8621],[9.0333,49.8665],[9.0435,49.8679],[9.0501,49.8663],[9.044,49.8726],[9.0384,49.8762],[9.0356,49.8993],[9.0234,49.9101],[9.0323,49.9247],[9.019,49.9471],[9.0215,49.9499]]]}},{"type":"Feature","properties":{"ags":"06432022","name":"Seeheim-Jugenheim","ewz":16685,"dist_km":38.4,"city":false,"warm_m2":16.32,"own_value":true,"m2_median":60,"share_median":0.299,"m2_p25":46,"share_p25":0.393},"geometry":{"type":"Polygon","coordinates":[[[8.657,49.7976],[8.6497,49.7961],[8.6503,49.7917],[8.6456,49.7863],[8.6173,49.772],[8.625,49.7625],[8.6245,49.7518],[8.6233,49.7478],[8.6464,49.7343],[8.6417,49.7271],[8.6469,49.7267],[8.6618,49.7288],[8.6736,49.7252],[8.6862,49.7305],[8.6798,49.744],[8.703,49.7542],[8.7056,49.7584],[8.7035,49.7607],[8.6999,49.7708],[8.7037,49.7815],[8.6981,49.7802],[8.6756,49.7726],[8.6641,49.776],[8.6671,49.7871],[8.657,49.7976]]]}},{"type":"Feature","properties":{"ags":"06432023","name":"Weiterstadt","ewz":26291,"dist_km":21.6,"city":false,"warm_m2":15.63,"own_value":true,"m2_median":62,"share_median":0.29,"m2_p25":47,"share_p25":0.381},"geometry":{"type":"Polygon","coordinates":[[[8.6247,49.9418],[8.6123,49.947],[8.6121,49.9538],[8.5827,49.9557],[8.5788,49.9435],[8.5661,49.9429],[8.5709,49.9225],[8.5503,49.9207],[8.5509,49.9058],[8.5598,49.8997],[8.5624,49.8886],[8.5658,49.8877],[8.5647,49.8825],[8.5774,49.8833],[8.5945,49.8808],[8.6048,49.8827],[8.6296,49.896],[8.631,49.9103],[8.6196,49.9126],[8.6189,49.9159],[8.6256,49.9167],[8.6303,49.9326],[8.6335,49.9372],[8.6306,49.9392],[8.6273,49.9388],[8.6271,49.9422],[8.6247,49.9418]]]}},{"type":"Feature","properties":{"ags":"06433001","name":"Biebesheim am Rhein","ewz":6761,"dist_km":39.1,"city":false,"warm_m2":14.13,"own_value":true,"m2_median":70,"share_median":0.259,"m2_p25":53,"share_p25":0.34},"geometry":{"type":"Polygon","coordinates":[[[8.4648,49.7968],[8.4548,49.8026],[8.4292,49.7949],[8.4131,49.7839],[8.4149,49.7758],[8.4227,49.7687],[8.4292,49.7664],[8.439,49.7657],[8.4486,49.7662],[8.4666,49.7692],[8.4735,49.7685],[8.4975,49.7786],[8.5043,49.7943],[8.4897,49.7928],[8.4648,49.7968]]]}},{"type":"Feature","properties":{"ags":"06433002","name":"Bischofsheim","ewz":13362,"dist_km":25.7,"city":false,"warm_m2":15.87,"own_value":true,"m2_median":61,"share_median":0.293,"m2_p25":47,"share_p25":0.386},"geometry":{"type":"Polygon","coordinates":[[[8.3805,49.9853],[8.3753,49.9889],[8.3614,50.0018],[8.3516,49.9997],[8.3415,49.9996],[8.334,49.9825],[8.341,49.9767],[8.3746,49.9711],[8.3919,49.9775],[8.3805,49.9853]]]}},{"type":"Feature","properties":{"ags":"06433003","name":"Büttelborn","ewz":15068,"dist_km":23.5,"city":false,"warm_m2":15.83,"own_value":true,"m2_median":61,"share_median":0.293,"m2_p25":47,"share_p25":0.386},"geometry":{"type":"Polygon","coordinates":[[[8.5788,49.9435],[8.5741,49.9504],[8.5505,49.9492],[8.5508,49.9468],[8.5289,49.9436],[8.5207,49.9312],[8.4995,49.9221],[8.4976,49.9096],[8.5042,49.885],[8.5217,49.8753],[8.5324,49.8736],[8.5528,49.882],[8.5647,49.8825],[8.5658,49.8877],[8.5624,49.8886],[8.5598,49.8997],[8.5509,49.9058],[8.5503,49.9207],[8.5709,49.9225],[8.5661,49.9429],[8.5788,49.9435]]]}},{"type":"Feature","properties":{"ags":"06433004","name":"Gernsheim","ewz":11006,"dist_km":41.1,"city":false,"warm_m2":14.91,"own_value":true,"m2_median":66,"share_median":0.273,"m2_p25":50,"share_p25":0.358},"geometry":{"type":"Polygon","coordinates":[[[8.547,49.7669],[8.5434,49.7707],[8.5364,49.7787],[8.5374,49.785],[8.5274,49.7894],[8.5045,49.7857],[8.4975,49.7786],[8.4735,49.7685],[8.4786,49.7652],[8.4794,49.7594],[8.4532,49.7399],[8.4484,49.7337],[8.4547,49.7313],[8.458,49.7262],[8.4714,49.7292],[8.4836,49.7255],[8.4948,49.7229],[8.5255,49.7249],[8.5365,49.7233],[8.5465,49.7171],[8.5593,49.7288],[8.5547,49.7604],[8.5624,49.7667],[8.5608,49.7698],[8.547,49.7669]]]}},{"type":"Feature","properties":{"ags":"06433005","name":"Ginsheim-Gustavsburg","ewz":17143,"dist_km":27.3,"city":false,"warm_m2":14.7,"own_value":true,"m2_median":66,"share_median":0.272,"m2_p25":50,"share_p25":0.357},"geometry":{"type":"Polygon","coordinates":[[[8.3415,49.9996],[8.3171,50.0019],[8.2975,49.9946],[8.2882,49.9951],[8.3077,49.9841],[8.3223,49.9736],[8.3294,49.9667],[8.3422,49.949],[8.343,49.9405],[8.3463,49.9336],[8.3502,49.9499],[8.3563,49.9578],[8.3626,49.9681],[8.3746,49.9711],[8.341,49.9767],[8.334,49.9825],[8.3415,49.9996]]]}},{"type":"Feature","properties":{"ags":"06433006","name":"Groß-Gerau","ewz":26614,"dist_km":25.4,"city":false,"warm_m2":16.4,"own_value":true,"m2_median":59,"share_median":0.303,"m2_p25":45,"share_p25":0.399},"geometry":{"type":"Polygon","coordinates":[[[8.5445,49.9636],[8.5391,49.9653],[8.5279,49.9623],[8.4974,49.9578],[8.4758,49.9503],[8.4717,49.9465],[8.4597,49.9296],[8.4461,49.9288],[8.4418,49.9302],[8.4467,49.9211],[8.4249,49.9108],[8.4191,49.89],[8.4046,49.8797],[8.4067,49.8777],[8.4182,49.8823],[8.43,49.8715],[8.4727,49.8631],[8.486,49.8644],[8.4956,49.873],[8.5087,49.8755],[8.5154,49.8756],[8.5212,49.8717],[8.5225,49.8727],[8.5217,49.8753],[8.5042,49.885],[8.4976,49.9096],[8.4995,49.9221],[8.5207,49.9312],[8.5289,49.9436],[8.5508,49.9468],[8.5491,49.9626],[8.5445,49.9636]]]}},{"type":"Feature","properties":{"ags":"06433007","name":"Kelsterbach","ewz":17365,"dist_km":11,"city":false,"warm_m2":19.23,"own_value":true,"m2_median":50,"share_median":0.357,"m2_p25":38,"share_p25":0.47},"geometry":{"type":"Polygon","coordinates":[[[8.5159,50.027],[8.5159,50.0327],[8.5411,50.0441],[8.5593,50.0489],[8.553,50.0666],[8.5433,50.0696],[8.5389,50.0796],[8.5258,50.0837],[8.5245,50.0639],[8.5115,50.057],[8.5061,50.0517],[8.4778,50.0415],[8.4714,50.0364],[8.4703,50.0336],[8.4726,50.0333],[8.4762,50.0371],[8.4863,50.0321],[8.5162,50.026],[8.5159,50.027]]]}},{"type":"Feature","properties":{"ags":"06433008","name":"Mörfelden-Walldorf","ewz":35359,"dist_km":15.6,"city":false,"warm_m2":17.78,"own_value":true,"m2_median":54,"share_median":0.33,"m2_p25":41,"share_p25":0.435},"geometry":{"type":"Polygon","coordinates":[[[8.5762,50.0156],[8.5696,50.0255],[8.5644,50.0265],[8.5487,50.0247],[8.5487,50.003],[8.5323,49.995],[8.51,49.9982],[8.5156,49.9857],[8.505,49.9762],[8.5116,49.976],[8.5265,49.9683],[8.5279,49.9623],[8.5391,49.9653],[8.5445,49.9636],[8.5491,49.9626],[8.5505,49.9492],[8.5741,49.9504],[8.5788,49.9435],[8.5827,49.9557],[8.6049,49.9544],[8.6026,49.965],[8.6201,49.9655],[8.6284,49.9759],[8.6078,49.9963],[8.6013,50.016],[8.597,50.0179],[8.581,50.0173],[8.5762,50.0156]]]}},{"type":"Feature","properties":{"ags":"06433009","name":"Nauheim","ewz":10856,"dist_km":22,"city":false,"warm_m2":15.74,"own_value":true,"m2_median":62,"share_median":0.292,"m2_p25":47,"share_p25":0.384},"geometry":{"type":"Polygon","coordinates":[[[8.5116,49.976],[8.505,49.9762],[8.4959,49.9739],[8.4766,49.9664],[8.4711,49.9631],[8.4661,49.9582],[8.4288,49.9478],[8.4289,49.9426],[8.422,49.9383],[8.4371,49.9301],[8.4412,49.9304],[8.4461,49.9288],[8.4597,49.9296],[8.4717,49.9465],[8.4758,49.9503],[8.4974,49.9578],[8.5279,49.9623],[8.5265,49.9683],[8.5116,49.976]]]}},{"type":"Feature","properties":{"ags":"06433010","name":"Raunheim","ewz":16564,"dist_km":16.3,"city":false,"warm_m2":16.85,"own_value":true,"m2_median":57,"share_median":0.313,"m2_p25":44,"share_p25":0.412},"geometry":{"type":"Polygon","coordinates":[[[8.4863,50.0321],[8.4762,50.0371],[8.4726,50.0333],[8.4703,50.0336],[8.4679,50.028],[8.4627,50.0233],[8.4253,50.0076],[8.4505,50.0014],[8.4662,50.0012],[8.4988,50.0068],[8.4965,50.0193],[8.5188,50.0206],[8.5162,50.026],[8.4863,50.0321]]]}},{"type":"Feature","properties":{"ags":"06433011","name":"Riedstadt","ewz":24464,"dist_km":33.8,"city":false,"warm_m2":15.38,"own_value":true,"m2_median":64,"share_median":0.283,"m2_p25":48,"share_p25":0.372},"geometry":{"type":"Polygon","coordinates":[[[8.486,49.8644],[8.4727,49.8631],[8.43,49.8715],[8.4182,49.8823],[8.4067,49.8777],[8.4072,49.8772],[8.3899,49.8634],[8.3764,49.8609],[8.3828,49.8567],[8.3852,49.8521],[8.3846,49.8464],[8.3789,49.8345],[8.3777,49.8289],[8.3796,49.8226],[8.3846,49.8173],[8.4065,49.8117],[8.4224,49.8215],[8.4425,49.8288],[8.4428,49.826],[8.4562,49.8289],[8.4637,49.8256],[8.465,49.8216],[8.482,49.8144],[8.4873,49.8018],[8.5057,49.7982],[8.5045,49.7857],[8.5274,49.7894],[8.5374,49.785],[8.5366,49.7957],[8.5481,49.8009],[8.5495,49.8222],[8.536,49.8384],[8.5212,49.8717],[8.5154,49.8756],[8.5087,49.8755],[8.4956,49.873],[8.486,49.8644]]]}},{"type":"Feature","properties":{"ags":"06433012","name":"Rüsselsheim am Main","ewz":67656,"dist_km":20.7,"city":false,"warm_m2":16.74,"own_value":true,"m2_median":58,"share_median":0.311,"m2_p25":44,"share_p25":0.409},"geometry":{"type":"Polygon","coordinates":[[[8.505,49.9762],[8.5156,49.9857],[8.51,49.9982],[8.5323,49.995],[8.5487,50.003],[8.5487,50.0247],[8.5411,50.0243],[8.5318,50.0213],[8.4965,50.0193],[8.4988,50.0068],[8.4662,50.0012],[8.4505,50.0014],[8.4253,50.0076],[8.405,49.9966],[8.3958,49.9973],[8.3733,50.0019],[8.3614,50.0018],[8.3805,49.9853],[8.3919,49.9775],[8.3746,49.9711],[8.3626,49.9681],[8.3563,49.9578],[8.3631,49.9567],[8.3704,49.949],[8.3768,49.9471],[8.3929,49.9524],[8.4163,49.9499],[8.4226,49.9389],[8.4289,49.9426],[8.4288,49.9478],[8.4661,49.9582],[8.4741,49.9653],[8.4787,49.967],[8.4902,49.9692],[8.4959,49.9739],[8.505,49.9762]]]}},{"type":"Feature","properties":{"ags":"06433013","name":"Stockstadt am Rhein","ewz":6332,"dist_km":37,"city":false,"warm_m2":14.01,"own_value":true,"m2_median":70,"share_median":0.257,"m2_p25":53,"share_p25":0.338},"geometry":{"type":"Polygon","coordinates":[[[8.465,49.8216],[8.4647,49.8243],[8.4622,49.8266],[8.4541,49.8291],[8.4428,49.826],[8.4425,49.8288],[8.4224,49.8215],[8.4065,49.8117],[8.3846,49.8173],[8.4034,49.8],[8.4083,49.7935],[8.4131,49.7839],[8.4292,49.7949],[8.4548,49.8026],[8.4648,49.7968],[8.4897,49.7928],[8.5043,49.7943],[8.5057,49.7982],[8.4873,49.8018],[8.482,49.8144],[8.465,49.8216]]]}},{"type":"Feature","properties":{"ags":"06433014","name":"Trebur","ewz":13162,"dist_km":29.6,"city":false,"warm_m2":14.43,"own_value":true,"m2_median":68,"share_median":0.266,"m2_p25":51,"share_p25":0.35},"geometry":{"type":"Polygon","coordinates":[[[8.3704,49.949],[8.3631,49.9567],[8.3563,49.9578],[8.3502,49.9499],[8.3463,49.9336],[8.3534,49.92],[8.3547,49.9132],[8.3524,49.9059],[8.3448,49.8961],[8.3426,49.8857],[8.3465,49.8748],[8.3575,49.8649],[8.3606,49.8637],[8.3703,49.8628],[8.3764,49.8609],[8.3899,49.8634],[8.4072,49.8772],[8.4046,49.8797],[8.4191,49.89],[8.4249,49.9108],[8.4467,49.9211],[8.4418,49.9302],[8.4371,49.9301],[8.422,49.9383],[8.4226,49.9389],[8.4163,49.9499],[8.3929,49.9524],[8.3768,49.9471],[8.3704,49.949]]]}},{"type":"Feature","properties":{"ags":"06434001","name":"Bad Homburg v.d.Höhe","ewz":55995,"dist_km":15.8,"city":false,"warm_m2":18.02,"own_value":true,"m2_median":54,"share_median":0.335,"m2_p25":41,"share_p25":0.441},"geometry":{"type":"Polygon","coordinates":[[[8.6824,50.2393],[8.6721,50.2415],[8.658,50.2315],[8.6388,50.2356],[8.611,50.2564],[8.5712,50.2671],[8.5673,50.2703],[8.5686,50.2744],[8.563,50.2744],[8.5327,50.2586],[8.5147,50.2548],[8.4961,50.2452],[8.5001,50.2366],[8.5329,50.2267],[8.5427,50.2312],[8.5615,50.2287],[8.5719,50.2317],[8.5918,50.2299],[8.5881,50.2233],[8.6086,50.2082],[8.6413,50.2007],[8.6532,50.2086],[8.6689,50.217],[8.6818,50.2126],[8.7015,50.2171],[8.7097,50.2262],[8.7119,50.2293],[8.7018,50.2294],[8.6824,50.2393]]]}},{"type":"Feature","properties":{"ags":"06434002","name":"Friedrichsdorf","ewz":25937,"dist_km":17.4,"city":false,"warm_m2":16.35,"own_value":true,"m2_median":59,"share_median":0.304,"m2_p25":45,"share_p25":0.4},"geometry":{"type":"Polygon","coordinates":[[[8.6577,50.281],[8.5914,50.2904],[8.5877,50.2843],[8.5733,50.2744],[8.5686,50.2744],[8.5673,50.2703],[8.5712,50.2671],[8.611,50.2564],[8.6388,50.2356],[8.658,50.2315],[8.6721,50.2415],[8.6824,50.2393],[8.6842,50.2382],[8.6902,50.2532],[8.6607,50.2677],[8.6587,50.2726],[8.6577,50.281]]]}},{"type":"Feature","properties":{"ags":"06434003","name":"Glashütten","ewz":5394,"dist_km":21.6,"city":false,"warm_m2":14.22,"own_value":true,"m2_median":68,"share_median":0.264,"m2_p25":52,"share_p25":0.347},"geometry":{"type":"Polygon","coordinates":[[[8.45,50.2303],[8.428,50.2299],[8.411,50.2509],[8.4108,50.2589],[8.4085,50.2534],[8.4065,50.251],[8.3784,50.2433],[8.405,50.2295],[8.4073,50.2229],[8.3603,50.2149],[8.354,50.2015],[8.3641,50.2028],[8.3677,50.1905],[8.3758,50.189],[8.3873,50.1843],[8.4046,50.1812],[8.4227,50.188],[8.4194,50.1905],[8.4121,50.1967],[8.4339,50.2043],[8.4519,50.2247],[8.45,50.2303]]]}},{"type":"Feature","properties":{"ags":"06434004","name":"Grävenwiesbach","ewz":5475,"dist_km":33.7,"city":false,"warm_m2":11.51,"own_value":true,"m2_median":85,"share_median":0.212,"m2_p25":65,"share_p25":0.278},"geometry":{"type":"Polygon","coordinates":[[[8.4702,50.4107],[8.4672,50.415],[8.4582,50.415],[8.4089,50.4006],[8.392,50.4046],[8.3884,50.3981],[8.3958,50.3799],[8.396,50.3745],[8.4182,50.3671],[8.4148,50.359],[8.4299,50.3556],[8.4449,50.3568],[8.4609,50.3497],[8.4651,50.3457],[8.5033,50.3587],[8.5047,50.3757],[8.5194,50.3919],[8.5141,50.3994],[8.4959,50.3958],[8.4829,50.4001],[8.4811,50.4053],[8.4702,50.4107]]]}},{"type":"Feature","properties":{"ags":"06434005","name":"Königstein im Taunus","ewz":16831,"dist_km":17.8,"city":false,"warm_m2":17.67,"own_value":true,"m2_median":55,"share_median":0.328,"m2_p25":42,"share_p25":0.432},"geometry":{"type":"Polygon","coordinates":[[[8.4752,50.2083],[8.4777,50.2161],[8.4795,50.2164],[8.481,50.2242],[8.462,50.226],[8.4591,50.23],[8.4516,50.2274],[8.4519,50.2247],[8.4339,50.2043],[8.4121,50.1967],[8.4194,50.1905],[8.4282,50.1858],[8.4273,50.1843],[8.4326,50.1792],[8.4455,50.1679],[8.4536,50.1635],[8.4557,50.1702],[8.4726,50.1735],[8.4814,50.17],[8.5027,50.1597],[8.5101,50.1599],[8.5106,50.1669],[8.5148,50.1686],[8.5058,50.1716],[8.4975,50.1748],[8.4901,50.197],[8.4752,50.2052],[8.4752,50.2083]]]}},{"type":"Feature","properties":{"ags":"06434006","name":"Kronberg im Taunus","ewz":18569,"dist_km":14.4,"city":false,"warm_m2":16.48,"own_value":true,"m2_median":59,"share_median":0.306,"m2_p25":45,"share_p25":0.403},"geometry":{"type":"Polygon","coordinates":[[[8.5442,50.1909],[8.5129,50.2076],[8.4881,50.2184],[8.4777,50.2161],[8.4752,50.2083],[8.4752,50.2052],[8.4901,50.197],[8.4975,50.1748],[8.5058,50.1716],[8.5195,50.1673],[8.5241,50.1637],[8.5285,50.1661],[8.5326,50.1645],[8.5366,50.1646],[8.5331,50.1693],[8.5475,50.1749],[8.5535,50.1661],[8.5606,50.1666],[8.5566,50.1704],[8.5644,50.1751],[8.5503,50.1848],[8.5574,50.1859],[8.5546,50.1868],[8.5497,50.1852],[8.5442,50.1909]]]}},{"type":"Feature","properties":{"ags":"06434007","name":"Neu-Anspach","ewz":14359,"dist_km":23.2,"city":false,"warm_m2":14.4,"own_value":true,"m2_median":67,"share_median":0.267,"m2_p25":51,"share_p25":0.351},"geometry":{"type":"Polygon","coordinates":[[[8.4971,50.329],[8.4914,50.3326],[8.4741,50.3369],[8.4758,50.317],[8.4692,50.308],[8.4763,50.299],[8.4797,50.292],[8.4716,50.2811],[8.4834,50.2644],[8.4827,50.2593],[8.4961,50.2452],[8.5147,50.2548],[8.5219,50.2568],[8.5374,50.2661],[8.5313,50.2851],[8.5393,50.2898],[8.5312,50.3081],[8.5561,50.3177],[8.5487,50.3251],[8.532,50.3202],[8.4971,50.329]]]}},{"type":"Feature","properties":{"ags":"06434008","name":"Oberursel (Taunus)","ewz":47241,"dist_km":12.6,"city":false,"warm_m2":18,"own_value":true,"m2_median":54,"share_median":0.335,"m2_p25":41,"share_p25":0.44},"geometry":{"type":"Polygon","coordinates":[[[8.5001,50.2366],[8.4961,50.2452],[8.4534,50.2372],[8.4579,50.2317],[8.462,50.226],[8.481,50.2242],[8.4795,50.2164],[8.4881,50.2184],[8.5129,50.2076],[8.5442,50.1909],[8.5476,50.1878],[8.5566,50.1876],[8.5593,50.1821],[8.5771,50.1731],[8.5882,50.1736],[8.5887,50.1684],[8.592,50.1673],[8.5967,50.1732],[8.6087,50.1759],[8.6154,50.1842],[8.6358,50.1974],[8.6386,50.2014],[8.6086,50.2082],[8.5881,50.2233],[8.5918,50.2299],[8.5719,50.2317],[8.5615,50.2287],[8.5427,50.2312],[8.5329,50.2267],[8.5001,50.2366]]]}},{"type":"Feature","properties":{"ags":"06434009","name":"Schmitten im Taunus","ewz":9575,"dist_km":23.6,"city":false,"warm_m2":13.08,"own_value":true,"m2_median":74,"share_median":0.242,"m2_p25":56,"share_p25":0.319},"geometry":{"type":"Polygon","coordinates":[[[8.4763,50.299],[8.47,50.3071],[8.4692,50.308],[8.4685,50.3055],[8.446,50.3057],[8.4427,50.3026],[8.4295,50.3019],[8.4227,50.292],[8.4279,50.2808],[8.3954,50.2747],[8.4085,50.2685],[8.4108,50.2589],[8.411,50.2509],[8.428,50.2299],[8.45,50.2303],[8.4516,50.2274],[8.4591,50.23],[8.4579,50.2317],[8.4534,50.2372],[8.4961,50.2452],[8.4827,50.2593],[8.4834,50.2644],[8.4716,50.2811],[8.4797,50.292],[8.4763,50.299]]]}},{"type":"Feature","properties":{"ags":"06434010","name":"Steinbach (Taunus)","ewz":10869,"dist_km":9.6,"city":false,"warm_m2":14.95,"own_value":true,"m2_median":65,"share_median":0.278,"m2_p25":49,"share_p25":0.366},"geometry":{"type":"MultiPolygon","coordinates":[[[[8.5593,50.1821],[8.5574,50.1859],[8.5503,50.1848],[8.5644,50.1751],[8.5566,50.1704],[8.5657,50.1627],[8.5714,50.1555],[8.5904,50.1585],[8.5882,50.1736],[8.5771,50.1731],[8.5593,50.1821]]],[[[8.5566,50.1876],[8.5476,50.1878],[8.5497,50.1852],[8.5546,50.1868],[8.5566,50.1876]]]]}},{"type":"Feature","properties":{"ags":"06434011","name":"Usingen","ewz":15095,"dist_km":28.4,"city":false,"warm_m2":13.83,"own_value":true,"m2_median":71,"share_median":0.255,"m2_p25":54,"share_p25":0.336},"geometry":{"type":"Polygon","coordinates":[[[8.6067,50.373],[8.5852,50.3735],[8.5698,50.3703],[8.5615,50.3758],[8.5451,50.3695],[8.5441,50.3802],[8.5283,50.3942],[8.5194,50.3919],[8.5047,50.3757],[8.5033,50.3587],[8.4651,50.3457],[8.4659,50.3439],[8.4517,50.3259],[8.4423,50.3202],[8.4353,50.3093],[8.4439,50.3045],[8.446,50.3057],[8.4685,50.3055],[8.4758,50.317],[8.4741,50.3369],[8.4914,50.3326],[8.4971,50.329],[8.532,50.3202],[8.5487,50.3251],[8.5561,50.3177],[8.5805,50.3232],[8.5833,50.3344],[8.6097,50.3388],[8.6049,50.3545],[8.6082,50.3624],[8.61,50.3727],[8.6067,50.373]]]}},{"type":"Feature","properties":{"ags":"06434012","name":"Wehrheim","ewz":9328,"dist_km":22.6,"city":false,"warm_m2":14.6,"own_value":true,"m2_median":67,"share_median":0.271,"m2_p25":51,"share_p25":0.356},"geometry":{"type":"Polygon","coordinates":[[[8.65,50.3243],[8.6417,50.3336],[8.6254,50.3411],[8.6198,50.3508],[8.6073,50.3529],[8.6049,50.3545],[8.6097,50.3388],[8.5833,50.3344],[8.5805,50.3232],[8.5561,50.3177],[8.5312,50.3081],[8.5393,50.2898],[8.5313,50.2851],[8.5374,50.2661],[8.5219,50.2568],[8.5327,50.2586],[8.563,50.2744],[8.5733,50.2744],[8.5877,50.2843],[8.5914,50.2904],[8.5992,50.291],[8.6161,50.2966],[8.6395,50.3163],[8.6392,50.3236],[8.65,50.3243]]]}},{"type":"Feature","properties":{"ags":"06434013","name":"Weilrod","ewz":6781,"dist_km":32,"city":false,"warm_m2":11.73,"own_value":true,"m2_median":83,"share_median":0.216,"m2_p25":63,"share_p25":0.284},"geometry":{"type":"Polygon","coordinates":[[[8.4609,50.3497],[8.4449,50.3568],[8.4299,50.3556],[8.4148,50.359],[8.4182,50.3671],[8.396,50.3745],[8.3958,50.3799],[8.3883,50.3857],[8.3829,50.3841],[8.3633,50.3808],[8.3536,50.3736],[8.3444,50.3563],[8.3314,50.3452],[8.3152,50.3404],[8.3263,50.3292],[8.3416,50.3286],[8.362,50.3086],[8.3424,50.3065],[8.3412,50.299],[8.3546,50.2942],[8.3715,50.2958],[8.3689,50.2886],[8.378,50.288],[8.3821,50.2839],[8.3954,50.2747],[8.4279,50.2808],[8.4227,50.292],[8.4295,50.3019],[8.4427,50.3026],[8.4439,50.3045],[8.4353,50.3093],[8.4423,50.3202],[8.4517,50.3259],[8.4659,50.3439],[8.4609,50.3497]]]}},{"type":"Feature","properties":{"ags":"06435003","name":"Biebergemünd","ewz":8347,"dist_km":46.8,"city":false,"warm_m2":13.41,"own_value":true,"m2_median":74,"share_median":0.244,"m2_p25":56,"share_p25":0.321},"geometry":{"type":"Polygon","coordinates":[[[9.2982,50.2385],[9.2816,50.2336],[9.2789,50.233],[9.2592,50.2273],[9.2603,50.2293],[9.2545,50.2306],[9.2525,50.2259],[9.2416,50.2213],[9.2538,50.2197],[9.2544,50.2063],[9.2429,50.1919],[9.2575,50.1821],[9.271,50.1792],[9.2596,50.1733],[9.2474,50.1575],[9.2578,50.1497],[9.2604,50.1385],[9.2739,50.1427],[9.2859,50.1417],[9.3076,50.1334],[9.3154,50.1356],[9.3232,50.1405],[9.3274,50.1411],[9.3362,50.1369],[9.3416,50.1313],[9.3756,50.1297],[9.4015,50.1331],[9.4052,50.1404],[9.4032,50.1409],[9.4032,50.1427],[9.3966,50.1451],[9.3989,50.1551],[9.3907,50.1646],[9.3767,50.1718],[9.3624,50.1773],[9.3566,50.1863],[9.3331,50.1942],[9.3299,50.2111],[9.3194,50.2207],[9.301,50.2253],[9.3012,50.2347],[9.2982,50.2385]]]}},{"type":"Feature","properties":{"ags":"06435006","name":"Bruchköbel","ewz":20894,"dist_km":21.3,"city":false,"warm_m2":14.95,"own_value":true,"m2_median":65,"share_median":0.277,"m2_p25":49,"share_p25":0.365},"geometry":{"type":"Polygon","coordinates":[[[8.9421,50.2202],[8.9272,50.2156],[8.9007,50.2155],[8.891,50.2093],[8.8848,50.2016],[8.8842,50.1953],[8.9107,50.1893],[8.9099,50.1802],[8.9018,50.1706],[8.9051,50.1638],[8.8983,50.1521],[8.9194,50.1563],[8.9407,50.156],[8.9558,50.1591],[8.9564,50.1632],[8.9547,50.1735],[8.963,50.1785],[8.9595,50.1884],[8.9805,50.1884],[8.948,50.2098],[8.9538,50.2123],[8.949,50.2125],[8.9421,50.2202]]]}},{"type":"Feature","properties":{"ags":"06435007","name":"Erlensee","ewz":16162,"dist_km":23.9,"city":false,"warm_m2":16.02,"own_value":true,"m2_median":61,"share_median":0.297,"m2_p25":46,"share_p25":0.39},"geometry":{"type":"Polygon","coordinates":[[[8.9824,50.1856],[8.9595,50.1884],[8.963,50.1785],[8.9547,50.1735],[8.9564,50.1632],[8.9561,50.1567],[8.9636,50.1447],[8.9561,50.1322],[8.9641,50.1331],[8.972,50.1354],[8.9842,50.1521],[8.9953,50.1418],[9.0007,50.1455],[9.0194,50.1588],[9.0085,50.1815],[9.002,50.1833],[8.9824,50.1856]]]}},{"type":"Feature","properties":{"ags":"06435009","name":"Freigericht","ewz":14782,"dist_km":33.5,"city":false,"warm_m2":13.21,"own_value":true,"m2_median":74,"share_median":0.243,"m2_p25":56,"share_p25":0.319},"geometry":{"type":"Polygon","coordinates":[[[9.1956,50.1435],[9.1568,50.1622],[9.1578,50.1629],[9.1456,50.1574],[9.1136,50.1533],[9.0979,50.1467],[9.0736,50.1426],[9.0713,50.1194],[9.0893,50.1168],[9.0982,50.1264],[9.1175,50.1266],[9.1215,50.1261],[9.1388,50.1173],[9.1564,50.112],[9.1434,50.097],[9.1489,50.0927],[9.1625,50.0982],[9.1587,50.1001],[9.1652,50.106],[9.175,50.1142],[9.1746,50.1195],[9.1916,50.1275],[9.1833,50.1379],[9.1977,50.1407],[9.2111,50.1437],[9.2111,50.1447],[9.2062,50.1447],[9.1956,50.1435]]]}},{"type":"Feature","properties":{"ags":"06435010","name":"Gelnhausen","ewz":23841,"dist_km":40.2,"city":false,"warm_m2":15.06,"own_value":true,"m2_median":65,"share_median":0.276,"m2_p25":50,"share_p25":0.362},"geometry":{"type":"Polygon","coordinates":[[[9.2416,50.2213],[9.2525,50.2259],[9.2545,50.2306],[9.2574,50.2309],[9.2561,50.2392],[9.2387,50.2492],[9.2358,50.2445],[9.2176,50.2349],[9.1879,50.2314],[9.1827,50.2261],[9.1625,50.2232],[9.1506,50.216],[9.1478,50.2022],[9.1349,50.196],[9.1111,50.1892],[9.1173,50.1846],[9.134,50.174],[9.1588,50.1651],[9.1609,50.163],[9.1856,50.1716],[9.1918,50.1856],[9.1838,50.1946],[9.1968,50.1999],[9.2029,50.1989],[9.2113,50.1923],[9.2429,50.1919],[9.2544,50.2063],[9.2538,50.2197],[9.2416,50.2213]]]}},{"type":"Feature","properties":{"ags":"06435011","name":"Großkrotzenburg","ewz":7481,"dist_km":22.4,"city":false,"warm_m2":15.39,"own_value":true,"m2_median":63,"share_median":0.285,"m2_p25":48,"share_p25":0.375},"geometry":{"type":"Polygon","coordinates":[[[9.0001,50.0947],[9.0043,50.097],[8.9822,50.0967],[8.9691,50.0899],[8.9491,50.0931],[8.9426,50.097],[8.9445,50.0831],[8.9508,50.0793],[8.9736,50.0793],[8.9854,50.0763],[8.9907,50.0725],[8.9906,50.0671],[8.9993,50.0694],[9.0001,50.0947]]]}},{"type":"Feature","properties":{"ags":"06435012","name":"Gründau","ewz":14838,"dist_km":36.7,"city":false,"warm_m2":14.09,"own_value":true,"m2_median":70,"share_median":0.258,"m2_p25":53,"share_p25":0.34},"geometry":{"type":"Polygon","coordinates":[[[9.2442,50.2591],[9.2613,50.2776],[9.2541,50.2869],[9.2268,50.2807],[9.2177,50.2694],[9.1928,50.2799],[9.1891,50.2796],[9.1831,50.2826],[9.1743,50.2771],[9.1598,50.2645],[9.1638,50.2551],[9.1436,50.25],[9.1211,50.251],[9.0925,50.2447],[9.0801,50.2451],[9.0693,50.2436],[9.0658,50.2401],[9.0645,50.2365],[9.0739,50.2309],[9.0756,50.2209],[9.0774,50.2128],[9.0735,50.2108],[9.0715,50.2072],[9.085,50.1847],[9.0905,50.1822],[9.0996,50.182],[9.1054,50.1859],[9.1127,50.1881],[9.1111,50.1892],[9.1349,50.196],[9.1478,50.2022],[9.1506,50.216],[9.1625,50.2232],[9.1827,50.2261],[9.1879,50.2314],[9.2176,50.2349],[9.2358,50.2445],[9.2442,50.2591]]]}},{"type":"Feature","properties":{"ags":"06435013","name":"Hammersbach","ewz":4880,"dist_km":26.7,"city":false,"warm_m2":13.15,"own_value":true,"m2_median":74,"share_median":0.243,"m2_p25":56,"share_p25":0.32},"geometry":{"type":"Polygon","coordinates":[[[8.9988,50.2486],[8.9954,50.2536],[8.9875,50.246],[8.974,50.2437],[8.9571,50.2474],[8.9448,50.2403],[8.9421,50.2202],[8.949,50.2125],[8.965,50.2132],[9.0014,50.2111],[9.0073,50.2122],[9.0174,50.2166],[9.0206,50.2199],[9.0325,50.2268],[9.0258,50.2321],[9.0263,50.2305],[9.0155,50.2342],[9.0118,50.2407],[9.0091,50.237],[9.0009,50.2391],[9.0083,50.244],[9,50.249],[8.9988,50.2486]]]}},{"type":"Feature","properties":{"ags":"06435014","name":"Hanau","ewz":103184,"dist_km":18.5,"city":false,"warm_m2":16.1,"own_value":true,"m2_median":60,"share_median":0.299,"m2_p25":46,"share_p25":0.394},"geometry":{"type":"Polygon","coordinates":[[[8.9107,50.1893],[8.8842,50.1953],[8.862,50.1833],[8.8653,50.1815],[8.8736,50.1764],[8.8825,50.1575],[8.8611,50.15],[8.874,50.1406],[8.8787,50.1276],[8.8812,50.1275],[8.8801,50.1252],[8.8866,50.1249],[8.8752,50.0993],[8.8742,50.0952],[8.8815,50.0933],[8.8849,50.08],[8.9089,50.0753],[8.909,50.0761],[8.9137,50.0862],[8.9348,50.0861],[8.9386,50.0896],[8.9437,50.0905],[8.9426,50.097],[8.9491,50.0931],[8.9691,50.0899],[8.9822,50.0967],[9.0043,50.097],[9.0183,50.1116],[9.0301,50.1127],[9.0213,50.1198],[9.0232,50.1314],[9.0056,50.1454],[8.9953,50.1418],[8.9842,50.1521],[8.972,50.1354],[8.9641,50.1331],[8.9561,50.1322],[8.9636,50.1447],[8.9561,50.1567],[8.9558,50.1591],[8.9407,50.156],[8.9194,50.1563],[8.8983,50.1521],[8.9051,50.1638],[8.9018,50.1706],[8.9099,50.1802],[8.9107,50.1893]]]}},{"type":"Feature","properties":{"ags":"06435015","name":"Hasselroth","ewz":7425,"dist_km":32.5,"city":false,"warm_m2":13.7,"own_value":true,"m2_median":71,"share_median":0.252,"m2_p25":54,"share_p25":0.331},"geometry":{"type":"Polygon","coordinates":[[[9.1173,50.1846],[9.1127,50.1881],[9.1054,50.1859],[9.0996,50.182],[9.0905,50.1822],[9.0895,50.1766],[9.0698,50.1739],[9.0573,50.1514],[9.0736,50.1426],[9.0979,50.1467],[9.1136,50.1533],[9.1456,50.1574],[9.1578,50.1629],[9.1593,50.1637],[9.1588,50.1651],[9.134,50.174],[9.1173,50.1846]]]}},{"type":"Feature","properties":{"ags":"06435017","name":"Langenselbold","ewz":14630,"dist_km":28.8,"city":false,"warm_m2":14.92,"own_value":true,"m2_median":65,"share_median":0.275,"m2_p25":50,"share_p25":0.362},"geometry":{"type":"Polygon","coordinates":[[[9.0735,50.2108],[9.0489,50.2115],[9.0348,50.2028],[9.0127,50.2089],[9.009,50.206],[9.0148,50.1972],[9.0163,50.1881],[9.0062,50.1822],[9.0085,50.1815],[9.0194,50.1588],[9.0219,50.1616],[9.0365,50.1601],[9.0424,50.1522],[9.0573,50.1514],[9.0698,50.1739],[9.0895,50.1766],[9.0905,50.1822],[9.085,50.1847],[9.0715,50.2072],[9.0735,50.2108]]]}},{"type":"Feature","properties":{"ags":"06435018","name":"Linsengericht","ewz":9976,"dist_km":40,"city":false,"warm_m2":13.72,"own_value":true,"m2_median":72,"share_median":0.251,"m2_p25":55,"share_p25":0.33},"geometry":{"type":"Polygon","coordinates":[[[9.2029,50.1989],[9.1968,50.1999],[9.1838,50.1946],[9.1918,50.1856],[9.1856,50.1716],[9.1609,50.163],[9.1593,50.1637],[9.1568,50.1622],[9.1956,50.1435],[9.2111,50.1447],[9.2115,50.1466],[9.219,50.1468],[9.2219,50.1494],[9.236,50.1463],[9.2604,50.1385],[9.2578,50.1497],[9.2474,50.1575],[9.2596,50.1733],[9.271,50.1792],[9.2575,50.1821],[9.2429,50.1919],[9.2113,50.1923],[9.2029,50.1989]]]}},{"type":"Feature","properties":{"ags":"06435019","name":"Maintal","ewz":39698,"dist_km":12.8,"city":false,"warm_m2":16.39,"own_value":true,"m2_median":59,"share_median":0.305,"m2_p25":45,"share_p25":0.401},"geometry":{"type":"Polygon","coordinates":[[[8.8543,50.1805],[8.843,50.1843],[8.8326,50.1777],[8.8341,50.1764],[8.8132,50.1726],[8.8005,50.1713],[8.7977,50.1675],[8.7836,50.1584],[8.7806,50.1367],[8.7881,50.1371],[8.8043,50.1343],[8.8218,50.1331],[8.8445,50.1295],[8.8596,50.1262],[8.8801,50.1252],[8.8812,50.1275],[8.8787,50.1276],[8.874,50.1406],[8.8611,50.15],[8.8825,50.1575],[8.8736,50.1764],[8.8653,50.1815],[8.8603,50.1817],[8.8543,50.1805]]]}},{"type":"Feature","properties":{"ags":"06435020","name":"Neuberg","ewz":5532,"dist_km":25.4,"city":false,"warm_m2":14,"own_value":true,"m2_median":70,"share_median":0.259,"m2_p25":53,"share_p25":0.341},"geometry":{"type":"Polygon","coordinates":[[[9.0147,50.2114],[9.0147,50.2144],[9.0174,50.2166],[9.0073,50.2122],[9.0014,50.2111],[8.965,50.2132],[8.9538,50.2123],[8.948,50.2098],[8.9805,50.1884],[8.9824,50.1856],[9.002,50.1833],[9.0062,50.1822],[9.0163,50.1881],[9.0148,50.1972],[9.009,50.206],[9.0147,50.2114]]]}},{"type":"Feature","properties":{"ags":"06435021","name":"Nidderau","ewz":20652,"dist_km":22.5,"city":false,"warm_m2":14.69,"own_value":true,"m2_median":66,"share_median":0.272,"m2_p25":50,"share_p25":0.358},"geometry":{"type":"Polygon","coordinates":[[[8.8969,50.2731],[8.8825,50.2734],[8.8677,50.2811],[8.8465,50.2747],[8.8555,50.2496],[8.8445,50.2469],[8.8376,50.2387],[8.8329,50.2387],[8.8297,50.2372],[8.8287,50.235],[8.8407,50.2344],[8.8602,50.2242],[8.8609,50.2125],[8.8877,50.2061],[8.891,50.2093],[8.9007,50.2155],[8.9272,50.2156],[8.9421,50.2202],[8.9448,50.2403],[8.9571,50.2474],[8.9627,50.2532],[8.9568,50.2556],[8.9531,50.2584],[8.9531,50.2621],[8.9433,50.266],[8.9267,50.2634],[8.9185,50.2738],[8.9194,50.2747],[8.9046,50.277],[8.9008,50.2759],[8.8969,50.2731]]]}},{"type":"Feature","properties":{"ags":"06435022","name":"Niederdorfelden","ewz":4289,"dist_km":13.6,"city":false,"warm_m2":15.26,"own_value":true,"m2_median":63,"share_median":0.284,"m2_p25":48,"share_p25":0.373},"geometry":{"type":"Polygon","coordinates":[[[8.8075,50.1967],[8.7995,50.1988],[8.7895,50.1947],[8.7938,50.19],[8.7899,50.1798],[8.7899,50.176],[8.7995,50.1732],[8.8005,50.1713],[8.8132,50.1726],[8.8341,50.1764],[8.8283,50.1812],[8.8138,50.1963],[8.8103,50.1963],[8.8075,50.1967]]]}},{"type":"Feature","properties":{"ags":"06435023","name":"Rodenbach","ewz":11331,"dist_km":27.5,"city":false,"warm_m2":14.12,"own_value":true,"m2_median":69,"share_median":0.261,"m2_p25":52,"share_p25":0.343},"geometry":{"type":"Polygon","coordinates":[[[9.0365,50.1601],[9.0219,50.1616],[9.0194,50.1588],[9.0007,50.1455],[9.0056,50.1454],[9.0232,50.1314],[9.0213,50.1198],[9.0301,50.1127],[9.0467,50.1159],[9.0653,50.117],[9.0713,50.1194],[9.0736,50.1426],[9.0573,50.1514],[9.0424,50.1522],[9.0365,50.1601]]]}},{"type":"Feature","properties":{"ags":"06435024","name":"Ronneburg","ewz":3525,"dist_km":30.6,"city":false,"warm_m2":13.08,"own_value":true,"m2_median":75,"share_median":0.241,"m2_p25":57,"share_p25":0.317},"geometry":{"type":"Polygon","coordinates":[[[9.0664,50.2431],[9.0578,50.2501],[9.0486,50.2483],[9.0249,50.2334],[9.0258,50.2321],[9.0325,50.2268],[9.0206,50.2199],[9.0147,50.2144],[9.0147,50.2114],[9.0127,50.2089],[9.0348,50.2028],[9.0489,50.2115],[9.0735,50.2108],[9.0774,50.2128],[9.0756,50.2209],[9.0739,50.2309],[9.0645,50.2365],[9.0658,50.2401],[9.0693,50.2436],[9.0664,50.2431]]]}},{"type":"Feature","properties":{"ags":"06435026","name":"Schöneck","ewz":12095,"dist_km":17.4,"city":false,"warm_m2":14.95,"own_value":true,"m2_median":65,"share_median":0.278,"m2_p25":49,"share_p25":0.366},"geometry":{"type":"Polygon","coordinates":[[[8.8225,50.2354],[8.823,50.2376],[8.812,50.2374],[8.8102,50.2373],[8.8114,50.2281],[8.8221,50.2055],[8.8167,50.1989],[8.8138,50.1963],[8.8283,50.1812],[8.8326,50.1777],[8.843,50.1843],[8.8543,50.1805],[8.8603,50.1817],[8.862,50.1833],[8.8842,50.1953],[8.8848,50.2016],[8.8877,50.2061],[8.8609,50.2125],[8.8602,50.2242],[8.8407,50.2344],[8.8225,50.2354]]]}},{"type":"Feature","properties":{"ags":"06435029","name":"Wächtersbach","ewz":13061,"dist_km":48.6,"city":false,"warm_m2":12.72,"own_value":true,"m2_median":78,"share_median":0.231,"m2_p25":59,"share_p25":0.304},"geometry":{"type":"Polygon","coordinates":[[[9.2309,50.3338],[9.2268,50.3318],[9.2255,50.3324],[9.2232,50.3287],[9.2132,50.323],[9.2098,50.3184],[9.2164,50.3086],[9.2062,50.2919],[9.2018,50.2817],[9.1953,50.2811],[9.1928,50.2799],[9.2177,50.2694],[9.2268,50.2807],[9.2541,50.2869],[9.2613,50.2776],[9.2442,50.2591],[9.2387,50.2492],[9.2561,50.2392],[9.2574,50.2309],[9.2603,50.2293],[9.2592,50.2273],[9.2789,50.233],[9.2816,50.2336],[9.3018,50.2402],[9.3079,50.2435],[9.3514,50.2427],[9.3366,50.2767],[9.3225,50.2719],[9.3194,50.2735],[9.312,50.2853],[9.2962,50.2809],[9.286,50.2832],[9.2827,50.295],[9.2541,50.2967],[9.2435,50.3043],[9.2458,50.3225],[9.2406,50.3299],[9.2309,50.3338]]]}},{"type":"Feature","properties":{"ags":"06436001","name":"Bad Soden am Taunus","ewz":23174,"dist_km":13.2,"city":false,"warm_m2":17.82,"own_value":true,"m2_median":54,"share_median":0.331,"m2_p25":41,"share_p25":0.436},"geometry":{"type":"Polygon","coordinates":[[[8.4814,50.17],[8.4726,50.1735],[8.4557,50.1702],[8.4519,50.1546],[8.4649,50.152],[8.489,50.1361],[8.5015,50.1289],[8.5126,50.1322],[8.5177,50.1506],[8.5148,50.1516],[8.5122,50.1578],[8.5101,50.1599],[8.5027,50.1597],[8.4814,50.17]]]}},{"type":"Feature","properties":{"ags":"06436002","name":"Eppstein","ewz":13645,"dist_km":22,"city":false,"warm_m2":15.42,"own_value":true,"m2_median":63,"share_median":0.286,"m2_p25":48,"share_p25":0.376},"geometry":{"type":"Polygon","coordinates":[[[8.3677,50.1905],[8.3641,50.2028],[8.354,50.2015],[8.3422,50.1924],[8.3371,50.1916],[8.3462,50.1876],[8.3577,50.1823],[8.3446,50.1763],[8.3642,50.1639],[8.347,50.1607],[8.3317,50.148],[8.3169,50.1396],[8.3182,50.1376],[8.3369,50.1282],[8.3452,50.1308],[8.3501,50.1286],[8.3726,50.1308],[8.3803,50.14],[8.3848,50.1397],[8.4115,50.1309],[8.4076,50.1324],[8.4084,50.138],[8.4093,50.1557],[8.3881,50.1594],[8.3764,50.1698],[8.3873,50.1843],[8.3758,50.189],[8.3677,50.1905]]]}},{"type":"Feature","properties":{"ags":"06436003","name":"Eschborn","ewz":22551,"dist_km":8,"city":false,"warm_m2":17.95,"own_value":true,"m2_median":54,"share_median":0.334,"m2_p25":41,"share_p25":0.439},"geometry":{"type":"Polygon","coordinates":[[[8.5535,50.1661],[8.5475,50.1749],[8.5331,50.1693],[8.5339,50.1675],[8.5379,50.161],[8.5496,50.1407],[8.5624,50.1298],[8.5912,50.1406],[8.6008,50.1573],[8.5913,50.1603],[8.5904,50.1585],[8.5714,50.1555],[8.5657,50.1627],[8.5606,50.1666],[8.5535,50.1661]]]}},{"type":"Feature","properties":{"ags":"06436004","name":"Flörsheim am Main","ewz":21751,"dist_km":19.3,"city":false,"warm_m2":15.48,"own_value":true,"m2_median":63,"share_median":0.288,"m2_p25":48,"share_p25":0.379},"geometry":{"type":"Polygon","coordinates":[[[8.4501,50.0593],[8.4474,50.0575],[8.435,50.0572],[8.4129,50.0457],[8.3745,50.0245],[8.3914,50.0111],[8.3971,50.001],[8.3971,49.9971],[8.405,49.9966],[8.4284,50.0093],[8.4531,50.019],[8.4467,50.0244],[8.4524,50.0404],[8.4653,50.0482],[8.4501,50.0593]]]}},{"type":"Feature","properties":{"ags":"06436005","name":"Hattersheim am Main","ewz":28720,"dist_km":14.1,"city":false,"warm_m2":16.06,"own_value":true,"m2_median":60,"share_median":0.299,"m2_p25":46,"share_p25":0.393},"geometry":{"type":"Polygon","coordinates":[[[8.4903,50.0849],[8.4897,50.0811],[8.4568,50.0599],[8.4518,50.0606],[8.4501,50.0593],[8.4653,50.0482],[8.4524,50.0404],[8.4467,50.0244],[8.4531,50.019],[8.4654,50.0252],[8.4696,50.0305],[8.4709,50.0359],[8.4778,50.0415],[8.5061,50.0517],[8.5115,50.057],[8.5207,50.0617],[8.5173,50.0642],[8.5176,50.065],[8.511,50.0679],[8.5013,50.0757],[8.5017,50.0814],[8.4903,50.0849]]]}},{"type":"Feature","properties":{"ags":"06436006","name":"Hochheim am Main","ewz":18810,"dist_km":22,"city":false,"warm_m2":15.77,"own_value":true,"m2_median":62,"share_median":0.292,"m2_p25":47,"share_p25":0.385},"geometry":{"type":"Polygon","coordinates":[[[8.3997,50.0538],[8.3969,50.0571],[8.3846,50.0599],[8.3771,50.054],[8.373,50.0515],[8.3802,50.0464],[8.3323,50.0264],[8.3363,50.0229],[8.3315,50.0169],[8.3326,50.0057],[8.3306,50.0005],[8.3487,49.9994],[8.364,50.0023],[8.3697,50.0023],[8.3971,49.9971],[8.3971,50.001],[8.3914,50.0111],[8.3745,50.0245],[8.4129,50.0457],[8.3997,50.0538]]]}},{"type":"Feature","properties":{"ags":"06436007","name":"Hofheim am Taunus","ewz":40412,"dist_km":17.3,"city":false,"warm_m2":16.43,"own_value":true,"m2_median":59,"share_median":0.305,"m2_p25":45,"share_p25":0.402},"geometry":{"type":"Polygon","coordinates":[[[8.3848,50.1397],[8.3803,50.14],[8.3726,50.1308],[8.3501,50.1286],[8.3486,50.1252],[8.3442,50.1208],[8.3536,50.1049],[8.3627,50.0982],[8.3774,50.0969],[8.3859,50.0822],[8.3749,50.0675],[8.3651,50.0714],[8.3548,50.0663],[8.3595,50.0531],[8.3656,50.0509],[8.3661,50.05],[8.3771,50.054],[8.3846,50.0599],[8.3969,50.0571],[8.3997,50.0538],[8.4129,50.0457],[8.435,50.0572],[8.4474,50.0575],[8.4518,50.0606],[8.4499,50.0617],[8.4469,50.0751],[8.4623,50.0929],[8.4716,50.099],[8.4735,50.0985],[8.4726,50.0999],[8.4757,50.1013],[8.4682,50.1056],[8.4678,50.1131],[8.4522,50.122],[8.4167,50.1342],[8.4078,50.1331],[8.4115,50.1309],[8.3848,50.1397]]]}},{"type":"Feature","properties":{"ags":"06436008","name":"Kelkheim (Taunus)","ewz":29106,"dist_km":16.4,"city":false,"warm_m2":16.18,"own_value":true,"m2_median":60,"share_median":0.301,"m2_p25":45,"share_p25":0.396},"geometry":{"type":"Polygon","coordinates":[[[8.4282,50.1858],[8.4227,50.188],[8.4046,50.1812],[8.3873,50.1843],[8.3764,50.1698],[8.3881,50.1594],[8.4093,50.1557],[8.4084,50.138],[8.4078,50.1331],[8.4167,50.1342],[8.4522,50.122],[8.4678,50.1131],[8.4682,50.1056],[8.4757,50.1013],[8.481,50.1052],[8.4737,50.1101],[8.4791,50.1188],[8.475,50.1263],[8.489,50.1361],[8.4649,50.152],[8.4519,50.1546],[8.4536,50.1635],[8.4455,50.1679],[8.4326,50.1792],[8.4273,50.1843],[8.4282,50.1858]]]}},{"type":"Feature","properties":{"ags":"06436009","name":"Kriftel","ewz":11123,"dist_km":14.4,"city":false,"warm_m2":16.69,"own_value":true,"m2_median":58,"share_median":0.31,"m2_p25":44,"share_p25":0.408},"geometry":{"type":"Polygon","coordinates":[[[8.4568,50.0599],[8.4897,50.0811],[8.4886,50.0883],[8.4787,50.0941],[8.4785,50.0964],[8.4716,50.099],[8.4623,50.0929],[8.4469,50.0751],[8.4499,50.0617],[8.4568,50.0599]]]}},{"type":"Feature","properties":{"ags":"06436010","name":"Liederbach am Taunus","ewz":9109,"dist_km":12.1,"city":false,"warm_m2":17.82,"own_value":true,"m2_median":54,"share_median":0.331,"m2_p25":41,"share_p25":0.436},"geometry":{"type":"Polygon","coordinates":[[[8.5015,50.1289],[8.489,50.1361],[8.475,50.1263],[8.4791,50.1188],[8.4737,50.1101],[8.476,50.1088],[8.4961,50.1059],[8.5137,50.1219],[8.5104,50.1231],[8.5128,50.1263],[8.5094,50.1287],[8.5068,50.1278],[8.503,50.1296],[8.5015,50.1289]]]}},{"type":"Feature","properties":{"ags":"06436011","name":"Schwalbach am Taunus","ewz":15566,"dist_km":10.1,"city":false,"warm_m2":16.43,"own_value":true,"m2_median":59,"share_median":0.305,"m2_p25":45,"share_p25":0.402},"geometry":{"type":"Polygon","coordinates":[[[8.5195,50.1673],[8.5148,50.1686],[8.5106,50.1669],[8.5122,50.1578],[8.5148,50.1516],[8.5207,50.1496],[8.528,50.1409],[8.5452,50.1394],[8.559,50.1282],[8.5624,50.1298],[8.5496,50.1407],[8.5379,50.161],[8.5366,50.1646],[8.5326,50.1645],[8.5285,50.1661],[8.5241,50.1637],[8.5195,50.1673]]]}},{"type":"Feature","properties":{"ags":"06436012","name":"Sulzbach (Taunus)","ewz":9340,"dist_km":9.9,"city":false,"warm_m2":16.79,"own_value":true,"m2_median":58,"share_median":0.312,"m2_p25":44,"share_p25":0.411},"geometry":{"type":"Polygon","coordinates":[[[8.528,50.1409],[8.5207,50.1496],[8.5177,50.1506],[8.5126,50.1322],[8.503,50.1296],[8.5068,50.1278],[8.5094,50.1287],[8.5128,50.1263],[8.5104,50.1231],[8.5219,50.1203],[8.5305,50.1159],[8.559,50.1282],[8.5452,50.1394],[8.528,50.1409]]]}},{"type":"Feature","properties":{"ags":"06437001","name":"Bad König","ewz":9857,"dist_km":48.1,"city":false,"warm_m2":13.91,"own_value":true,"m2_median":71,"share_median":0.253,"m2_p25":54,"share_p25":0.332},"geometry":{"type":"Polygon","coordinates":[[[8.9281,49.778],[8.9269,49.7816],[8.9229,49.7814],[8.9184,49.7714],[8.9262,49.7541],[8.9379,49.7557],[8.9451,49.7541],[8.9662,49.745],[8.9809,49.7448],[8.9903,49.7353],[8.9885,49.7252],[8.9726,49.7174],[8.9768,49.7055],[8.9965,49.7032],[9.0198,49.7074],[9.0286,49.7192],[9.0424,49.7187],[9.0588,49.7061],[9.0745,49.7155],[9.0711,49.7316],[9.0834,49.7342],[9.0813,49.7411],[9.0687,49.7414],[9.0548,49.7592],[9.0335,49.7706],[9.0196,49.7694],[9.021,49.7736],[9.0042,49.7676],[8.9765,49.7584],[8.9631,49.7595],[8.9454,49.773],[8.9281,49.778]]]}},{"type":"Feature","properties":{"ags":"06437003","name":"Brensbach","ewz":5043,"dist_km":40.8,"city":false,"warm_m2":12.59,"own_value":true,"m2_median":78,"share_median":0.23,"m2_p25":60,"share_p25":0.302},"geometry":{"type":"Polygon","coordinates":[[[8.8745,49.7884],[8.8755,49.7955],[8.8697,49.7981],[8.8652,49.7963],[8.8657,49.7927],[8.8453,49.7781],[8.8429,49.7644],[8.8629,49.762],[8.8746,49.7663],[8.8731,49.7573],[8.8731,49.7448],[8.8772,49.7437],[8.8832,49.7437],[8.8864,49.7448],[8.9031,49.7377],[8.9262,49.7541],[8.9184,49.7714],[8.9229,49.7814],[8.9157,49.7872],[8.9093,49.788],[8.8945,49.7917],[8.8745,49.7884]]]}},{"type":"Feature","properties":{"ags":"06437004","name":"Breuberg","ewz":7556,"dist_km":41.5,"city":false,"warm_m2":12.27,"own_value":true,"m2_median":80,"share_median":0.224,"m2_p25":61,"share_p25":0.295},"geometry":{"type":"Polygon","coordinates":[[[9.0227,49.8524],[9.005,49.8557],[9.0126,49.835],[8.9941,49.8225],[8.9945,49.8171],[9.0189,49.8037],[9.0109,49.7982],[9.0176,49.7923],[9.048,49.7995],[9.0527,49.7954],[9.0873,49.7987],[9.077,49.8182],[9.0867,49.8264],[9.081,49.8383],[9.0847,49.8475],[9.064,49.8318],[9.0548,49.843],[9.0377,49.8426],[9.0362,49.851],[9.0227,49.8524]]]}},{"type":"Feature","properties":{"ags":"06437005","name":"Brombachtal","ewz":3484,"dist_km":46.7,"city":false,"warm_m2":11.41,"own_value":true,"m2_median":87,"share_median":0.208,"m2_p25":66,"share_p25":0.273},"geometry":{"type":"Polygon","coordinates":[[[8.9451,49.7541],[8.9379,49.7557],[8.9262,49.7541],[8.9031,49.7377],[8.9288,49.7117],[8.9189,49.7073],[8.9191,49.7061],[8.9287,49.7079],[8.9416,49.7124],[8.9483,49.7171],[8.9726,49.7174],[8.9885,49.7252],[8.9903,49.7353],[8.9809,49.7448],[8.9662,49.745],[8.9451,49.7541]]]}},{"type":"Feature","properties":{"ags":"06437007","name":"Fränkisch-Crumbach","ewz":3035,"dist_km":42.5,"city":false,"warm_m2":12.19,"own_value":true,"m2_median":81,"share_median":0.223,"m2_p25":62,"share_p25":0.292},"geometry":{"type":"Polygon","coordinates":[[[8.8731,49.7573],[8.8746,49.7663],[8.8629,49.762],[8.8429,49.7644],[8.8383,49.761],[8.8105,49.7393],[8.7973,49.7383],[8.7975,49.7313],[8.8143,49.725],[8.832,49.7319],[8.8676,49.7264],[8.874,49.7476],[8.8731,49.7573]]]}},{"type":"Feature","properties":{"ags":"06437009","name":"Höchst i.Odw.","ewz":10320,"dist_km":41.4,"city":false,"warm_m2":13.07,"own_value":true,"m2_median":75,"share_median":0.239,"m2_p25":57,"share_p25":0.314},"geometry":{"type":"Polygon","coordinates":[[[9.0109,49.7982],[9.0189,49.8037],[8.9945,49.8171],[8.9908,49.8202],[8.9714,49.8165],[8.9642,49.8111],[8.9695,49.7993],[8.9697,49.798],[8.9453,49.7929],[8.9264,49.7993],[8.9175,49.7872],[8.9157,49.7872],[8.9229,49.7814],[8.9269,49.7816],[8.9281,49.778],[8.9454,49.773],[8.9631,49.7595],[8.9765,49.7584],[9.0042,49.7676],[9.0251,49.775],[9.0252,49.783],[9.0043,49.7941],[9.0109,49.7982]]]}},{"type":"Feature","properties":{"ags":"06437010","name":"Lützelbach","ewz":6788,"dist_km":48.3,"city":false,"warm_m2":11.83,"own_value":true,"m2_median":84,"share_median":0.215,"m2_p25":64,"share_p25":0.282},"geometry":{"type":"Polygon","coordinates":[[[9.0527,49.7954],[9.048,49.7995],[9.0176,49.7923],[9.0109,49.7982],[9.0043,49.7941],[9.0252,49.783],[9.0251,49.775],[9.021,49.7736],[9.0196,49.7694],[9.0335,49.7706],[9.0548,49.7592],[9.0687,49.7414],[9.0813,49.7411],[9.0915,49.7391],[9.1178,49.745],[9.1235,49.7508],[9.1316,49.7502],[9.1319,49.7536],[9.1278,49.7552],[9.1069,49.7587],[9.1134,49.7737],[9.1345,49.7822],[9.1294,49.7942],[9.1081,49.798],[9.0942,49.7901],[9.0873,49.7987],[9.0527,49.7954]]]}},{"type":"Feature","properties":{"ags":"06437013","name":"Reichelsheim (Odenwald)","ewz":8426,"dist_km":46.9,"city":false,"warm_m2":12.67,"own_value":true,"m2_median":78,"share_median":0.231,"m2_p25":59,"share_p25":0.303},"geometry":{"type":"Polygon","coordinates":[[[8.8731,49.7448],[8.8676,49.7264],[8.832,49.7319],[8.8143,49.725],[8.7975,49.7313],[8.7863,49.7251],[8.7906,49.7164],[8.8007,49.709],[8.7956,49.6886],[8.7946,49.6848],[8.796,49.6836],[8.8188,49.6761],[8.8315,49.6732],[8.835,49.6634],[8.8449,49.6598],[8.8695,49.6589],[8.8839,49.6639],[8.9005,49.6793],[8.8944,49.6985],[8.8964,49.7045],[8.9204,49.7015],[8.9189,49.7073],[8.9288,49.7117],[8.9031,49.7377],[8.8864,49.7448],[8.8832,49.7437],[8.8772,49.7437],[8.8731,49.7448]]]}},{"type":"Feature","properties":{"ags":"06438001","name":"Dietzenbach","ewz":35268,"dist_km":14,"city":false,"warm_m2":16.05,"own_value":true,"m2_median":60,"share_median":0.298,"m2_p25":46,"share_p25":0.393},"geometry":{"type":"Polygon","coordinates":[[[8.7991,50.0295],[8.7967,50.0365],[8.7786,50.0394],[8.7681,50.0345],[8.7607,50.0268],[8.7471,50.0222],[8.7553,50.0145],[8.7557,49.9895],[8.7611,49.9845],[8.7742,49.9825],[8.7984,49.9886],[8.8109,50.0066],[8.8266,50.009],[8.8189,50.0273],[8.8139,50.0247],[8.7991,50.0295]]]}},{"type":"Feature","properties":{"ags":"06438002","name":"Dreieich","ewz":42389,"dist_km":12.3,"city":false,"warm_m2":16.54,"own_value":true,"m2_median":59,"share_median":0.307,"m2_p25":44,"share_p25":0.405},"geometry":{"type":"Polygon","coordinates":[[[8.7458,50.0529],[8.7446,50.0547],[8.7205,50.0516],[8.71,50.0403],[8.6801,50.0401],[8.6636,50.0327],[8.6555,50.0341],[8.6354,50.0301],[8.6396,50.0209],[8.6684,50.0056],[8.6912,49.9982],[8.6951,49.9899],[8.7105,49.9882],[8.7187,49.9618],[8.7257,49.9542],[8.7362,49.9575],[8.7446,49.9601],[8.7515,49.9601],[8.7596,49.9599],[8.7611,49.9845],[8.7557,49.9895],[8.7553,50.0145],[8.7471,50.0222],[8.7607,50.0268],[8.7681,50.0345],[8.7659,50.04],[8.7514,50.0537],[8.7458,50.0529]]]}},{"type":"Feature","properties":{"ags":"06438003","name":"Egelsbach","ewz":11500,"dist_km":13.9,"city":false,"warm_m2":16.62,"own_value":true,"m2_median":58,"share_median":0.309,"m2_p25":44,"share_p25":0.407},"geometry":{"type":"Polygon","coordinates":[[[8.6215,49.992],[8.6102,50.0132],[8.6039,50.0119],[8.6078,49.9963],[8.6284,49.9759],[8.6201,49.9655],[8.6275,49.9635],[8.6587,49.9521],[8.6691,49.9529],[8.6821,49.9505],[8.6869,49.9484],[8.6927,49.9483],[8.695,49.9493],[8.7036,49.95],[8.6978,49.9669],[8.6786,49.9749],[8.6347,49.9771],[8.6215,49.992]]]}},{"type":"Feature","properties":{"ags":"06438004","name":"Hainburg","ewz":14444,"dist_km":20.9,"city":false,"warm_m2":14.05,"own_value":true,"m2_median":69,"share_median":0.261,"m2_p25":52,"share_p25":0.343},"geometry":{"type":"Polygon","coordinates":[[[8.9437,50.0905],[8.9386,50.0896],[8.9348,50.0861],[8.9137,50.0862],[8.909,50.0761],[8.9098,50.0717],[8.9053,50.0661],[8.9113,50.0456],[8.921,50.0534],[8.926,50.0622],[8.9296,50.0591],[8.9457,50.0556],[8.9661,50.0597],[8.9813,50.0559],[8.9842,50.0581],[8.9911,50.0679],[8.9912,50.0714],[8.9897,50.0737],[8.9854,50.0763],[8.9736,50.0793],[8.9547,50.0791],[8.9492,50.0798],[8.9445,50.0831],[8.9437,50.0905]]]}},{"type":"Feature","properties":{"ags":"06438005","name":"Heusenstamm","ewz":19426,"dist_km":12.5,"city":false,"warm_m2":16.44,"own_value":true,"m2_median":59,"share_median":0.306,"m2_p25":45,"share_p25":0.402},"geometry":{"type":"Polygon","coordinates":[[[8.8259,50.0705],[8.7902,50.0695],[8.7794,50.0528],[8.7636,50.047],[8.7581,50.0473],[8.7659,50.04],[8.7681,50.0345],[8.7786,50.0394],[8.7967,50.0365],[8.7991,50.0295],[8.8139,50.0247],[8.8288,50.0329],[8.8466,50.0378],[8.8632,50.052],[8.8561,50.0545],[8.8414,50.0511],[8.825,50.0562],[8.8259,50.0705]]]}},{"type":"Feature","properties":{"ags":"06438006","name":"Langen (Hessen)","ewz":40009,"dist_km":12.9,"city":false,"warm_m2":16.76,"own_value":true,"m2_median":58,"share_median":0.312,"m2_p25":44,"share_p25":0.41},"geometry":{"type":"Polygon","coordinates":[[[8.6265,50.0283],[8.6137,50.0294],[8.6013,50.016],[8.6039,50.0119],[8.6102,50.0132],[8.6215,49.992],[8.6347,49.9771],[8.6786,49.9749],[8.6978,49.9669],[8.7037,49.9507],[8.7257,49.9542],[8.7187,49.9618],[8.7105,49.9882],[8.6951,49.9899],[8.6912,49.9982],[8.6684,50.0056],[8.6396,50.0209],[8.6354,50.0301],[8.6265,50.0283]]]}},{"type":"Feature","properties":{"ags":"06438007","name":"Mainhausen","ewz":9748,"dist_km":26.4,"city":false,"warm_m2":14.28,"own_value":true,"m2_median":68,"share_median":0.264,"m2_p25":52,"share_p25":0.347},"geometry":{"type":"Polygon","coordinates":[[[9.0398,50.0104],[9.031,50.0201],[9.0301,50.0266],[9.0294,50.041],[9.023,50.0436],[9.0233,50.0423],[9.017,50.0356],[9.0162,50.025],[8.9851,50.0243],[8.9686,50.0207],[8.9708,49.9961],[8.9825,49.9948],[9.0002,49.9958],[9.0161,49.9913],[9.0173,49.9941],[9.0461,49.99],[9.0432,49.9983],[9.0361,50.0082],[9.0398,50.0104]]]}},{"type":"Feature","properties":{"ags":"06438008","name":"Mühlheim am Main","ewz":29452,"dist_km":13.2,"city":false,"warm_m2":15.54,"own_value":true,"m2_median":62,"share_median":0.289,"m2_p25":47,"share_p25":0.38},"geometry":{"type":"Polygon","coordinates":[[[8.8596,50.1262],[8.8413,50.1295],[8.818,50.1335],[8.8182,50.1234],[8.8084,50.1199],[8.8228,50.0996],[8.8191,50.0964],[8.8248,50.0908],[8.8433,50.0869],[8.8404,50.0796],[8.8599,50.0903],[8.8674,50.0906],[8.8728,50.0922],[8.8752,50.0993],[8.8866,50.1249],[8.8596,50.1262]]]}},{"type":"Feature","properties":{"ags":"06438009","name":"Neu-Isenburg","ewz":39420,"dist_km":8.1,"city":false,"warm_m2":18.02,"own_value":true,"m2_median":54,"share_median":0.335,"m2_p25":41,"share_p25":0.441},"geometry":{"type":"Polygon","coordinates":[[[8.7608,50.0591],[8.7493,50.0631],[8.7178,50.0624],[8.6421,50.0534],[8.6239,50.0545],[8.6081,50.0435],[8.5972,50.0424],[8.5913,50.0177],[8.597,50.0179],[8.6013,50.016],[8.6137,50.0294],[8.6265,50.0283],[8.6555,50.0341],[8.6636,50.0327],[8.6801,50.0401],[8.71,50.0403],[8.7205,50.0516],[8.7446,50.0547],[8.7458,50.0529],[8.7621,50.0554],[8.7608,50.0591]]]}},{"type":"Feature","properties":{"ags":"06438010","name":"Obertshausen","ewz":25531,"dist_km":15.5,"city":false,"warm_m2":15.65,"own_value":true,"m2_median":62,"share_median":0.291,"m2_p25":47,"share_p25":0.383},"geometry":{"type":"Polygon","coordinates":[[[8.8742,50.0952],[8.8728,50.0922],[8.8674,50.0906],[8.8599,50.0903],[8.8404,50.0796],[8.836,50.0708],[8.8259,50.0705],[8.825,50.0562],[8.8414,50.0511],[8.8561,50.0545],[8.8558,50.0569],[8.8603,50.0639],[8.8852,50.0715],[8.8881,50.0653],[8.9053,50.0661],[8.9098,50.0717],[8.9089,50.0753],[8.8849,50.08],[8.8815,50.0933],[8.8742,50.0952]]]}},{"type":"Feature","properties":{"ags":"06438011","name":"Rodgau","ewz":46683,"dist_km":18.1,"city":false,"warm_m2":15.46,"own_value":true,"m2_median":63,"share_median":0.287,"m2_p25":48,"share_p25":0.378},"geometry":{"type":"Polygon","coordinates":[[[8.8881,50.0653],[8.8852,50.0715],[8.8603,50.0639],[8.8558,50.0569],[8.8632,50.052],[8.8466,50.0378],[8.8288,50.0329],[8.8189,50.0273],[8.8294,50.005],[8.8382,49.9881],[8.8504,49.9742],[8.8519,49.9591],[8.8606,49.9626],[8.877,49.9659],[8.8997,49.9662],[8.9294,49.9868],[8.9444,49.9978],[8.9444,50.0018],[8.9387,50.0074],[8.9374,50.012],[8.9222,50.0286],[8.9052,50.0388],[8.9113,50.0456],[8.9053,50.0661],[8.8881,50.0653]]]}},{"type":"Feature","properties":{"ags":"06438012","name":"Rödermark","ewz":28835,"dist_km":17.5,"city":false,"warm_m2":16.12,"own_value":true,"m2_median":60,"share_median":0.3,"m2_p25":46,"share_p25":0.394},"geometry":{"type":"Polygon","coordinates":[[[8.8266,50.009],[8.8109,50.0066],[8.7984,49.9886],[8.7742,49.9825],[8.7611,49.9845],[8.7596,49.9599],[8.7515,49.9601],[8.7458,49.9601],[8.7417,49.9579],[8.7553,49.9492],[8.7707,49.9519],[8.7809,49.9592],[8.8171,49.95],[8.8313,49.9502],[8.8482,49.9561],[8.8519,49.9591],[8.8504,49.9742],[8.8382,49.9881],[8.8294,50.005],[8.8266,50.009]]]}},{"type":"Feature","properties":{"ags":"06438013","name":"Seligenstadt","ewz":21752,"dist_km":23.3,"city":false,"warm_m2":15.36,"own_value":true,"m2_median":63,"share_median":0.285,"m2_p25":48,"share_p25":0.374},"geometry":{"type":"Polygon","coordinates":[[[8.9296,50.0591],[8.926,50.0622],[8.921,50.0534],[8.9052,50.0388],[8.9222,50.0286],[8.9374,50.012],[8.9387,50.0074],[8.9486,49.9986],[8.9565,49.9968],[8.9708,49.9961],[8.9686,50.0207],[8.9851,50.0243],[9.0162,50.025],[9.017,50.0356],[9.0233,50.0423],[9.023,50.0436],[9.0134,50.0456],[8.9854,50.0417],[8.9766,50.0522],[8.9813,50.0559],[8.9661,50.0597],[8.9457,50.0556],[8.9296,50.0591]]]}},{"type":"Feature","properties":{"ags":"06439001","name":"Aarbergen","ewz":6334,"dist_km":44.3,"city":false,"warm_m2":11.09,"own_value":true,"m2_median":89,"share_median":0.202,"m2_p25":68,"share_p25":0.266},"geometry":{"type":"Polygon","coordinates":[[[8.144,50.2803],[8.1303,50.2808],[8.1124,50.2704],[8.1117,50.269],[8.1031,50.2598],[8.092,50.2652],[8.0612,50.2726],[8.057,50.2737],[8.0529,50.2741],[8.0359,50.2712],[8.0358,50.2646],[8.0297,50.2633],[8.0251,50.2599],[8.0217,50.2583],[8.0249,50.2542],[8.0379,50.2491],[8.0561,50.2338],[8.0442,50.2273],[8.0381,50.2269],[8.0354,50.2157],[8.0325,50.2117],[8.034,50.2057],[8.0432,50.2083],[8.0686,50.2207],[8.0732,50.226],[8.0974,50.2345],[8.0957,50.2388],[8.1064,50.2409],[8.1196,50.2456],[8.1379,50.2446],[8.139,50.2434],[8.156,50.2477],[8.1364,50.2626],[8.144,50.2803]]]}},{"type":"Feature","properties":{"ags":"06439002","name":"Bad Schwalbach","ewz":11602,"dist_km":43.2,"city":false,"warm_m2":13.55,"own_value":true,"m2_median":73,"share_median":0.247,"m2_p25":55,"share_p25":0.325},"geometry":{"type":"Polygon","coordinates":[[[8.0762,50.1701],[8.0733,50.1758],[8.0425,50.1715],[8.0386,50.1676],[8.0355,50.1662],[8.0351,50.1554],[8.0169,50.1459],[8.0199,50.1307],[8.0037,50.1283],[7.9904,50.121],[7.9646,50.1182],[7.9565,50.1138],[7.9602,50.1129],[7.9657,50.1149],[7.9947,50.108],[8.0264,50.0945],[8.0466,50.1095],[8.081,50.1238],[8.0919,50.122],[8.0992,50.1312],[8.1047,50.1343],[8.1003,50.1383],[8.092,50.1411],[8.0868,50.1544],[8.0979,50.1667],[8.0973,50.1727],[8.0762,50.1701]]]}},{"type":"Feature","properties":{"ags":"06439003","name":"Eltville am Rhein","ewz":17040,"dist_km":40.1,"city":false,"warm_m2":15.59,"own_value":true,"m2_median":63,"share_median":0.285,"m2_p25":48,"share_p25":0.375},"geometry":{"type":"Polygon","coordinates":[[[8.0891,50.0841],[8.0699,50.0939],[8.0594,50.0877],[8.0685,50.0797],[8.0807,50.0768],[8.0722,50.0661],[8.0873,50.0469],[8.1103,50.034],[8.0894,50.0282],[8.0599,50.0465],[8.0441,50.0607],[8.0479,50.071],[8.0446,50.081],[8.0426,50.0798],[8.0238,50.0758],[8.0156,50.0778],[8.0122,50.0727],[8.0068,50.0655],[8.0153,50.0538],[8.0304,50.054],[8.0336,50.0422],[8.0446,50.0359],[8.0543,50.0051],[8.0796,50.0069],[8.1114,50.0189],[8.1285,50.024],[8.1582,50.0299],[8.1525,50.036],[8.1418,50.0344],[8.1272,50.0415],[8.1388,50.0542],[8.1285,50.0559],[8.135,50.0683],[8.1227,50.0747],[8.1116,50.0732],[8.1115,50.0785],[8.1108,50.0769],[8.1021,50.0762],[8.0891,50.0841]]]}},{"type":"Feature","properties":{"ags":"06439006","name":"Hohenstein","ewz":6212,"dist_km":41.5,"city":false,"warm_m2":11.44,"own_value":true,"m2_median":86,"share_median":0.209,"m2_p25":66,"share_p25":0.275},"geometry":{"type":"Polygon","coordinates":[[[8.1379,50.2446],[8.1196,50.2456],[8.1064,50.2409],[8.0957,50.2388],[8.0974,50.2345],[8.0732,50.226],[8.0686,50.2207],[8.0432,50.2083],[8.034,50.2057],[8.0362,50.2025],[8.035,50.1949],[8.0194,50.1843],[8.029,50.175],[8.0345,50.1696],[8.0375,50.1695],[8.0386,50.1676],[8.0425,50.1715],[8.0733,50.1758],[8.0762,50.1701],[8.0973,50.1727],[8.0979,50.1667],[8.0868,50.1544],[8.092,50.1411],[8.1003,50.1383],[8.1081,50.1379],[8.1227,50.1476],[8.1179,50.1562],[8.145,50.1778],[8.1669,50.1854],[8.1678,50.1963],[8.1589,50.2029],[8.1601,50.2169],[8.1452,50.2196],[8.1385,50.2305],[8.1404,50.2415],[8.1379,50.2446]]]}},{"type":"Feature","properties":{"ags":"06439007","name":"Hünstetten","ewz":10405,"dist_km":37.8,"city":false,"warm_m2":13.01,"own_value":true,"m2_median":75,"share_median":0.238,"m2_p25":57,"share_p25":0.313},"geometry":{"type":"Polygon","coordinates":[[[8.2315,50.275],[8.2281,50.2828],[8.2213,50.2916],[8.1986,50.2886],[8.1656,50.2777],[8.144,50.2803],[8.1364,50.2626],[8.156,50.2477],[8.139,50.2434],[8.1404,50.2415],[8.1385,50.2305],[8.1452,50.2196],[8.1601,50.2169],[8.1844,50.2189],[8.1926,50.2149],[8.1764,50.2033],[8.1892,50.1895],[8.2041,50.1934],[8.205,50.2092],[8.2191,50.2128],[8.2193,50.2218],[8.2273,50.2352],[8.2125,50.2397],[8.2178,50.2481],[8.2309,50.25],[8.2532,50.2661],[8.2383,50.2783],[8.2315,50.275]]]}},{"type":"Feature","properties":{"ags":"06439008","name":"Idstein","ewz":25709,"dist_km":25.4,"city":false,"warm_m2":14.96,"own_value":true,"m2_median":65,"share_median":0.277,"m2_p25":49,"share_p25":0.364},"geometry":{"type":"Polygon","coordinates":[[[8.3016,50.271],[8.2899,50.2785],[8.2532,50.2661],[8.2309,50.25],[8.2178,50.2481],[8.2125,50.2397],[8.2273,50.2352],[8.2193,50.2218],[8.2191,50.2128],[8.205,50.2092],[8.2041,50.1934],[8.2272,50.1914],[8.2291,50.1807],[8.2373,50.1722],[8.2603,50.1811],[8.2822,50.1965],[8.2957,50.1961],[8.3158,50.1827],[8.3344,50.1918],[8.3422,50.1924],[8.354,50.2015],[8.3603,50.2149],[8.4073,50.2229],[8.405,50.2295],[8.3907,50.2396],[8.3784,50.2433],[8.3662,50.2433],[8.3488,50.2325],[8.3429,50.2389],[8.3046,50.2217],[8.2945,50.2357],[8.2956,50.2468],[8.2975,50.2515],[8.3028,50.2594],[8.3166,50.2641],[8.3136,50.2714],[8.3016,50.271]]]}},{"type":"Feature","properties":{"ags":"06439009","name":"Kiedrich","ewz":4136,"dist_km":43.1,"city":false,"warm_m2":14.73,"own_value":true,"m2_median":67,"share_median":0.269,"m2_p25":51,"share_p25":0.353},"geometry":{"type":"Polygon","coordinates":[[[8.0446,50.081],[8.0479,50.071],[8.0441,50.0607],[8.0599,50.0465],[8.0894,50.0282],[8.1103,50.034],[8.0873,50.0469],[8.0722,50.0661],[8.0807,50.0768],[8.0685,50.0797],[8.0594,50.0877],[8.0544,50.0844],[8.0446,50.081]]]}},{"type":"Feature","properties":{"ags":"06439011","name":"Niedernhausen","ewz":14811,"dist_km":27.3,"city":false,"warm_m2":15.12,"own_value":true,"m2_median":64,"share_median":0.279,"m2_p25":49,"share_p25":0.367},"geometry":{"type":"Polygon","coordinates":[[[8.2957,50.1961],[8.2822,50.1965],[8.2603,50.1811],[8.2373,50.1722],[8.2275,50.1636],[8.2421,50.1482],[8.2763,50.1516],[8.2833,50.1473],[8.304,50.1515],[8.3218,50.1511],[8.3273,50.1457],[8.3317,50.148],[8.347,50.1607],[8.3642,50.1639],[8.3446,50.1763],[8.3577,50.1823],[8.3462,50.1876],[8.3371,50.1916],[8.3344,50.1918],[8.3158,50.1827],[8.2957,50.1961]]]}},{"type":"Feature","properties":{"ags":"06439012","name":"Oestrich-Winkel","ewz":11769,"dist_km":48.3,"city":false,"warm_m2":15.62,"own_value":true,"m2_median":63,"share_median":0.284,"m2_p25":48,"share_p25":0.373},"geometry":{"type":"Polygon","coordinates":[[[7.9659,50.1082],[7.9562,50.1118],[7.9419,50.1081],[7.9333,50.1065],[7.9286,50.1031],[7.9236,50.1035],[7.9255,50.1012],[7.9132,50.0972],[7.964,50.0405],[7.9709,50.0143],[7.992,50.0032],[7.9817,49.9969],[7.9853,49.9835],[8.0058,49.9901],[8.0364,50.0023],[8.0543,50.0051],[8.0446,50.0359],[8.0336,50.0422],[8.0304,50.054],[8.0153,50.0538],[8.0068,50.0655],[8.0062,50.066],[7.9921,50.0715],[8.0011,50.0806],[7.9694,50.0879],[7.9659,50.1082]]]}},{"type":"Feature","properties":{"ags":"06439014","name":"Schlangenbad","ewz":6417,"dist_km":42.1,"city":false,"warm_m2":14.54,"own_value":true,"m2_median":68,"share_median":0.266,"m2_p25":52,"share_p25":0.349},"geometry":{"type":"Polygon","coordinates":[[[8.1114,50.1317],[8.0992,50.1312],[8.0919,50.122],[8.081,50.1238],[8.0466,50.1095],[8.0264,50.0945],[7.9947,50.108],[7.9657,50.1149],[7.9562,50.1118],[7.9659,50.1082],[7.9694,50.0879],[8.0011,50.0806],[7.9921,50.0715],[8.0062,50.066],[8.0122,50.0727],[8.0156,50.0778],[8.0238,50.0758],[8.0426,50.0798],[8.0544,50.0844],[8.0594,50.0877],[8.0699,50.0939],[8.0891,50.0841],[8.1021,50.0762],[8.1108,50.0769],[8.1115,50.0785],[8.1105,50.0839],[8.1323,50.0814],[8.1304,50.0923],[8.1152,50.0894],[8.111,50.0969],[8.1178,50.1079],[8.1091,50.1161],[8.1114,50.1317]]]}},{"type":"Feature","properties":{"ags":"06439015","name":"Taunusstein","ewz":30820,"dist_km":35,"city":false,"warm_m2":14.41,"own_value":true,"m2_median":68,"share_median":0.265,"m2_p25":52,"share_p25":0.348},"geometry":{"type":"Polygon","coordinates":[[[8.1926,50.2149],[8.1844,50.2189],[8.1601,50.2169],[8.1589,50.2029],[8.1678,50.1963],[8.1669,50.1854],[8.145,50.1778],[8.1179,50.1562],[8.1227,50.1476],[8.1081,50.1379],[8.1003,50.1383],[8.1047,50.1343],[8.1114,50.1317],[8.1091,50.1161],[8.1178,50.1079],[8.111,50.0969],[8.1123,50.0937],[8.1178,50.0951],[8.1194,50.098],[8.132,50.1034],[8.16,50.1244],[8.1817,50.1258],[8.1853,50.1211],[8.2096,50.132],[8.2386,50.1411],[8.2421,50.1482],[8.2275,50.1636],[8.2373,50.1722],[8.2291,50.1807],[8.2272,50.1914],[8.2041,50.1934],[8.1892,50.1895],[8.1764,50.2033],[8.1926,50.2149]]]}},{"type":"Feature","properties":{"ags":"06439016","name":"Waldems","ewz":5210,"dist_km":27.7,"city":false,"warm_m2":12.31,"own_value":true,"m2_median":79,"share_median":0.227,"m2_p25":60,"share_p25":0.299},"geometry":{"type":"Polygon","coordinates":[[[8.3689,50.2886],[8.3715,50.2958],[8.3546,50.2942],[8.3506,50.2944],[8.3454,50.284],[8.3284,50.2839],[8.3238,50.2759],[8.3136,50.2714],[8.3166,50.2641],[8.3028,50.2594],[8.2975,50.2515],[8.2956,50.2468],[8.2945,50.2357],[8.3046,50.2217],[8.3429,50.2389],[8.3488,50.2325],[8.3662,50.2433],[8.3784,50.2433],[8.4065,50.251],[8.4085,50.2534],[8.4108,50.2589],[8.4085,50.2685],[8.3954,50.2747],[8.3821,50.2839],[8.378,50.288],[8.3689,50.2886]]]}},{"type":"Feature","properties":{"ags":"06439017","name":"Walluf","ewz":5573,"dist_km":37.4,"city":false,"warm_m2":15.62,"own_value":true,"m2_median":63,"share_median":0.286,"m2_p25":48,"share_p25":0.376},"geometry":{"type":"Polygon","coordinates":[[[8.1597,50.0531],[8.1429,50.062],[8.1385,50.0669],[8.135,50.0683],[8.1285,50.0559],[8.1388,50.0542],[8.1272,50.0415],[8.1418,50.0344],[8.1525,50.036],[8.1582,50.0299],[8.1751,50.0343],[8.1597,50.0531]]]}},{"type":"Feature","properties":{"ags":"06440001","name":"Altenstadt","ewz":12601,"dist_km":28.5,"city":false,"warm_m2":13.63,"own_value":true,"m2_median":72,"share_median":0.252,"m2_p25":54,"share_p25":0.331},"geometry":{"type":"Polygon","coordinates":[[[9.007,50.302],[8.9897,50.3108],[8.9684,50.3154],[8.9525,50.314],[8.9219,50.2992],[8.9097,50.3046],[8.901,50.2896],[8.9042,50.2806],[8.9008,50.2759],[8.9046,50.277],[8.9194,50.2747],[8.9185,50.2738],[8.9267,50.2634],[8.9433,50.266],[8.9531,50.2621],[8.9531,50.2584],[8.9568,50.2556],[8.9627,50.2532],[8.9656,50.2552],[8.9767,50.2818],[8.9888,50.2797],[9.0074,50.2855],[9.0026,50.2909],[9.0051,50.3016],[9.007,50.302]]]}},{"type":"Feature","properties":{"ags":"06440002","name":"Bad Nauheim","ewz":33809,"dist_km":30.9,"city":false,"warm_m2":15.94,"own_value":true,"m2_median":61,"share_median":0.294,"m2_p25":47,"share_p25":0.386},"geometry":{"type":"Polygon","coordinates":[[[8.7678,50.4077],[8.7402,50.4073],[8.7208,50.4031],[8.7175,50.4028],[8.7112,50.3871],[8.714,50.3488],[8.7536,50.3459],[8.7686,50.3421],[8.7786,50.3561],[8.7945,50.3638],[8.7926,50.3635],[8.791,50.3719],[8.777,50.3975],[8.7678,50.4077]]]}},{"type":"Feature","properties":{"ags":"06440003","name":"Bad Vilbel","ewz":36021,"dist_km":11.4,"city":false,"warm_m2":18.51,"own_value":true,"m2_median":52,"share_median":0.344,"m2_p25":40,"share_p25":0.453},"geometry":{"type":"Polygon","coordinates":[[[8.7855,50.1946],[8.7828,50.2056],[8.7657,50.2206],[8.7483,50.2231],[8.7311,50.2177],[8.7307,50.2036],[8.7056,50.1919],[8.7119,50.1725],[8.7226,50.1635],[8.7387,50.1626],[8.7787,50.1802],[8.7899,50.176],[8.7899,50.1798],[8.7938,50.19],[8.7895,50.1947],[8.7855,50.1946]]]}},{"type":"Feature","properties":{"ags":"06440004","name":"Büdingen","ewz":22607,"dist_km":37.4,"city":false,"warm_m2":13.42,"own_value":true,"m2_median":73,"share_median":0.246,"m2_p25":56,"share_p25":0.323},"geometry":{"type":"Polygon","coordinates":[[[9.177,50.3408],[9.1636,50.3398],[9.1531,50.3255],[9.1457,50.3338],[9.1094,50.343],[9.0922,50.3331],[9.0753,50.3342],[9.0565,50.3166],[9.0399,50.3157],[9.0349,50.3167],[9.0159,50.3112],[9.0154,50.3028],[9.0051,50.3016],[9.0026,50.2909],[9.0147,50.2812],[9.0177,50.2734],[9.019,50.2618],[9.0046,50.2497],[9,50.249],[9.0083,50.244],[9.0009,50.2391],[9.0091,50.237],[9.0118,50.2407],[9.0155,50.2342],[9.0263,50.2305],[9.0249,50.2334],[9.0486,50.2483],[9.0578,50.2501],[9.0664,50.2431],[9.0801,50.2451],[9.0925,50.2447],[9.1211,50.251],[9.1436,50.25],[9.1638,50.2551],[9.1598,50.2645],[9.1743,50.2771],[9.1831,50.2826],[9.1891,50.2796],[9.1953,50.2811],[9.2018,50.2817],[9.2062,50.2919],[9.2164,50.3086],[9.2098,50.3184],[9.2132,50.323],[9.2232,50.3287],[9.2255,50.3324],[9.2268,50.3318],[9.228,50.333],[9.1948,50.3439],[9.177,50.3408]]]}},{"type":"Feature","properties":{"ags":"06440005","name":"Butzbach","ewz":27528,"dist_km":35.6,"city":false,"warm_m2":14.92,"own_value":true,"m2_median":66,"share_median":0.274,"m2_p25":50,"share_p25":0.36},"geometry":{"type":"Polygon","coordinates":[[[8.6854,50.4831],[8.6804,50.4842],[8.674,50.4825],[8.6691,50.4852],[8.649,50.4833],[8.6323,50.4767],[8.6267,50.4647],[8.6126,50.4658],[8.589,50.4531],[8.5774,50.4426],[8.598,50.4342],[8.5971,50.4248],[8.6009,50.4229],[8.5972,50.4179],[8.5775,50.415],[8.539,50.4167],[8.5141,50.3994],[8.5283,50.3942],[8.5441,50.3802],[8.5451,50.3695],[8.5615,50.3758],[8.5698,50.3703],[8.5852,50.3735],[8.6067,50.373],[8.6195,50.3719],[8.6385,50.3755],[8.6598,50.3746],[8.6706,50.3774],[8.6864,50.3961],[8.7027,50.4041],[8.7184,50.4078],[8.709,50.4291],[8.7371,50.4425],[8.7319,50.4455],[8.7219,50.4521],[8.6667,50.4592],[8.6854,50.4831]]]}},{"type":"Feature","properties":{"ags":"06440006","name":"Echzell","ewz":5800,"dist_km":35.4,"city":false,"warm_m2":12.62,"own_value":true,"m2_median":78,"share_median":0.232,"m2_p25":59,"share_p25":0.304},"geometry":{"type":"Polygon","coordinates":[[[8.9117,50.4178],[8.9104,50.4188],[8.9004,50.4199],[8.9007,50.4104],[8.8546,50.4099],[8.8409,50.4041],[8.844,50.3853],[8.8389,50.3774],[8.8432,50.3788],[8.8474,50.3705],[8.8744,50.3703],[8.8948,50.356],[8.9054,50.3593],[8.9228,50.372],[8.9349,50.3725],[8.9331,50.3792],[8.9458,50.3867],[8.947,50.3902],[8.9523,50.3937],[8.9454,50.4162],[8.9241,50.411],[8.9117,50.4178]]]}},{"type":"Feature","properties":{"ags":"06440007","name":"Florstadt","ewz":8902,"dist_km":29.1,"city":false,"warm_m2":13.02,"own_value":true,"m2_median":75,"share_median":0.24,"m2_p25":57,"share_p25":0.316},"geometry":{"type":"Polygon","coordinates":[[[8.9085,50.3496],[8.8908,50.3534],[8.8848,50.3329],[8.8561,50.3355],[8.8428,50.3289],[8.8186,50.3302],[8.8171,50.3229],[8.8348,50.3142],[8.8419,50.3179],[8.855,50.3079],[8.8735,50.3027],[8.901,50.2896],[8.9097,50.3046],[8.9219,50.2992],[8.9525,50.314],[8.9684,50.3154],[8.982,50.3318],[8.9612,50.3306],[8.9553,50.3411],[8.9386,50.3469],[8.9297,50.344],[8.9085,50.3496]]]}},{"type":"Feature","properties":{"ags":"06440008","name":"Friedberg (Hessen)","ewz":31131,"dist_km":25.2,"city":false,"warm_m2":15.78,"own_value":true,"m2_median":62,"share_median":0.292,"m2_p25":47,"share_p25":0.384},"geometry":{"type":"Polygon","coordinates":[[[8.7994,50.3659],[8.7945,50.3638],[8.7786,50.3561],[8.7686,50.3421],[8.7536,50.3459],[8.714,50.3488],[8.6995,50.3421],[8.6653,50.3321],[8.6475,50.323],[8.6392,50.3236],[8.6395,50.3163],[8.666,50.3182],[8.6728,50.3144],[8.6929,50.3147],[8.7193,50.3085],[8.7314,50.3084],[8.7411,50.3064],[8.7436,50.31],[8.7502,50.3106],[8.7638,50.3083],[8.7699,50.294],[8.7879,50.2898],[8.8003,50.2959],[8.8025,50.3051],[8.8131,50.3179],[8.8171,50.3229],[8.8197,50.3408],[8.818,50.3529],[8.802,50.3574],[8.7998,50.3605],[8.7994,50.3659]]]}},{"type":"Feature","properties":{"ags":"06440010","name":"Glauburg","ewz":3069,"dist_km":34.2,"city":false,"warm_m2":13.19,"own_value":true,"m2_median":74,"share_median":0.242,"m2_p25":57,"share_p25":0.319},"geometry":{"type":"Polygon","coordinates":[[[9.0374,50.316],[9.036,50.3181],[9.0379,50.3187],[9.0361,50.3255],[9.0161,50.3381],[9.0073,50.3344],[8.9874,50.3421],[8.9863,50.3371],[8.982,50.3318],[8.9684,50.3154],[8.9897,50.3108],[9.007,50.302],[9.0154,50.3028],[9.0159,50.3112],[9.0349,50.3167],[9.0374,50.316]]]}},{"type":"Feature","properties":{"ags":"06440011","name":"Hirzenhain","ewz":2960,"dist_km":48.9,"city":false,"warm_m2":11.25,"own_value":true,"m2_median":88,"share_median":0.205,"m2_p25":67,"share_p25":0.268},"geometry":{"type":"Polygon","coordinates":[[[9.1481,50.4337],[9.154,50.4392],[9.1446,50.4371],[9.1088,50.4345],[9.1043,50.4361],[9.0953,50.4301],[9.0944,50.4273],[9.1263,50.4245],[9.1171,50.401],[9.1203,50.3967],[9.1107,50.3893],[9.117,50.3794],[9.1552,50.391],[9.1738,50.3926],[9.1769,50.396],[9.1671,50.4048],[9.1803,50.4115],[9.1771,50.4181],[9.1666,50.4171],[9.1433,50.4009],[9.1301,50.4001],[9.1437,50.4237],[9.1443,50.4312],[9.1481,50.4337]]]}},{"type":"Feature","properties":{"ags":"06440012","name":"Karben","ewz":23253,"dist_km":15.5,"city":false,"warm_m2":16.84,"own_value":true,"m2_median":58,"share_median":0.313,"m2_p25":44,"share_p25":0.412},"geometry":{"type":"Polygon","coordinates":[[[8.8077,50.2378],[8.8141,50.2389],[8.8269,50.2616],[8.792,50.2638],[8.782,50.2679],[8.7775,50.2636],[8.7621,50.2553],[8.757,50.2635],[8.7437,50.2632],[8.7313,50.2522],[8.7055,50.2559],[8.6975,50.2518],[8.6883,50.2367],[8.7018,50.2294],[8.7119,50.2293],[8.7116,50.2248],[8.7311,50.2177],[8.7483,50.2231],[8.7657,50.2206],[8.7828,50.2056],[8.7855,50.1946],[8.7995,50.1988],[8.8075,50.1967],[8.8103,50.1963],[8.8167,50.1989],[8.8221,50.2055],[8.8114,50.2281],[8.8102,50.2373],[8.8077,50.2378]]]}},{"type":"Feature","properties":{"ags":"06440013","name":"Kefenrod","ewz":2746,"dist_km":47.4,"city":false,"warm_m2":9.89,"own_value":true,"m2_median":100,"share_median":0.18,"m2_p25":76,"share_p25":0.236},"geometry":{"type":"Polygon","coordinates":[[[9.2517,50.3749],[9.2309,50.3726],[9.2198,50.3667],[9.1952,50.3621],[9.1859,50.3673],[9.1735,50.3633],[9.1645,50.3667],[9.1454,50.3469],[9.1335,50.3431],[9.1097,50.3442],[9.1094,50.343],[9.1457,50.3338],[9.1531,50.3255],[9.1636,50.3398],[9.177,50.3408],[9.1948,50.3439],[9.228,50.333],[9.2309,50.3338],[9.2406,50.3299],[9.2694,50.3328],[9.2608,50.3417],[9.2568,50.3413],[9.2564,50.3468],[9.2571,50.3608],[9.2728,50.3717],[9.2517,50.3749]]]}},{"type":"Feature","properties":{"ags":"06440014","name":"Limeshain","ewz":5894,"dist_km":29.6,"city":false,"warm_m2":12.6,"own_value":true,"m2_median":77,"share_median":0.232,"m2_p25":59,"share_p25":0.305},"geometry":{"type":"Polygon","coordinates":[[[9.0147,50.2812],[9.0074,50.2855],[8.9888,50.2797],[8.9767,50.2818],[8.9656,50.2552],[8.9571,50.2474],[8.974,50.2437],[8.9875,50.246],[8.9954,50.2536],[8.9988,50.2486],[9.0046,50.2497],[9.019,50.2618],[9.0177,50.2734],[9.0147,50.2812]]]}},{"type":"Feature","properties":{"ags":"06440015","name":"Münzenberg","ewz":5892,"dist_km":39.5,"city":false,"warm_m2":13.44,"own_value":true,"m2_median":73,"share_median":0.246,"m2_p25":56,"share_p25":0.323},"geometry":{"type":"Polygon","coordinates":[[[8.7396,50.4785],[8.7329,50.4769],[8.7237,50.4783],[8.7121,50.4747],[8.6939,50.4805],[8.6869,50.4853],[8.6667,50.4592],[8.7219,50.4521],[8.7319,50.4455],[8.7439,50.4387],[8.7636,50.4348],[8.7796,50.4321],[8.7867,50.4331],[8.787,50.4352],[8.8026,50.4364],[8.7952,50.4524],[8.8058,50.4582],[8.7824,50.4786],[8.766,50.4691],[8.7464,50.4744],[8.7396,50.4785]]]}},{"type":"Feature","properties":{"ags":"06440016","name":"Nidda","ewz":17768,"dist_km":45,"city":false,"warm_m2":12.31,"own_value":true,"m2_median":80,"share_median":0.224,"m2_p25":61,"share_p25":0.295},"geometry":{"type":"Polygon","coordinates":[[[9.0772,50.4954],[9.0474,50.4997],[9.0398,50.4972],[9.0293,50.4971],[9.025,50.4959],[9.0217,50.4936],[9.0059,50.4895],[9.0086,50.4954],[8.9917,50.4941],[8.9832,50.4889],[8.9875,50.4795],[8.9789,50.4683],[8.9889,50.4641],[8.9878,50.4539],[8.9638,50.4498],[8.9635,50.4404],[8.9538,50.4334],[8.9297,50.4326],[8.9071,50.4381],[8.9004,50.4271],[8.9004,50.4199],[8.9088,50.4194],[8.9117,50.4178],[8.9241,50.411],[8.9454,50.4162],[8.9523,50.3937],[8.947,50.3902],[8.9453,50.3811],[8.9644,50.3826],[8.9798,50.3788],[9.0055,50.3882],[9.0251,50.3782],[9.0536,50.3909],[9.0577,50.389],[9.0627,50.3844],[9.0881,50.385],[9.119,50.398],[9.1171,50.401],[9.1263,50.4245],[9.0944,50.4273],[9.0953,50.4301],[9.1043,50.4361],[9.0976,50.4356],[9.0944,50.4574],[9.0703,50.4563],[9.0587,50.4712],[9.0614,50.485],[9.0772,50.4954]]]}},{"type":"Feature","properties":{"ags":"06440017","name":"Niddatal","ewz":10059,"dist_km":21.9,"city":false,"warm_m2":14.04,"own_value":true,"m2_median":69,"share_median":0.26,"m2_p25":53,"share_p25":0.343},"geometry":{"type":"Polygon","coordinates":[[[8.901,50.2896],[8.8735,50.3027],[8.855,50.3079],[8.8419,50.3179],[8.8348,50.3142],[8.8171,50.3229],[8.8131,50.3179],[8.8025,50.3051],[8.8003,50.2959],[8.781,50.2854],[8.7816,50.2727],[8.782,50.2679],[8.792,50.2638],[8.8269,50.2616],[8.8141,50.2389],[8.8077,50.2378],[8.812,50.2374],[8.823,50.2376],[8.8225,50.2354],[8.8287,50.235],[8.8297,50.2372],[8.8329,50.2387],[8.8376,50.2387],[8.8445,50.2469],[8.8555,50.2496],[8.8465,50.2747],[8.8677,50.2811],[8.8825,50.2734],[8.8969,50.2731],[8.9042,50.2806],[8.901,50.2896]]]}},{"type":"Feature","properties":{"ags":"06440018","name":"Ober-Mörlen","ewz":5849,"dist_km":29,"city":false,"warm_m2":13.42,"own_value":true,"m2_median":73,"share_median":0.248,"m2_p25":55,"share_p25":0.326},"geometry":{"type":"Polygon","coordinates":[[[8.7175,50.4028],[8.7193,50.4029],[8.7167,50.4074],[8.7027,50.4041],[8.6864,50.3961],[8.6706,50.3774],[8.657,50.3744],[8.6385,50.3755],[8.6195,50.3719],[8.61,50.3727],[8.6082,50.3624],[8.6073,50.3529],[8.6198,50.3508],[8.6254,50.3411],[8.6417,50.3336],[8.65,50.3243],[8.6653,50.3321],[8.6995,50.3421],[8.714,50.3488],[8.7112,50.3871],[8.7175,50.4028]]]}},{"type":"Feature","properties":{"ags":"06440019","name":"Ortenberg","ewz":8872,"dist_km":40.4,"city":false,"warm_m2":11.15,"own_value":true,"m2_median":88,"share_median":0.204,"m2_p25":67,"share_p25":0.268},"geometry":{"type":"Polygon","coordinates":[[[9.1203,50.3967],[9.119,50.398],[9.0881,50.385],[9.0627,50.3844],[9.0603,50.3869],[9.0517,50.3772],[9.0522,50.3649],[9.0242,50.3601],[8.9869,50.3453],[8.9874,50.3421],[9.0073,50.3344],[9.0161,50.3381],[9.0361,50.3255],[9.0379,50.3187],[9.036,50.3181],[9.0374,50.316],[9.0565,50.3166],[9.0753,50.3342],[9.0922,50.3331],[9.1094,50.343],[9.1097,50.3442],[9.1335,50.3431],[9.1454,50.3469],[9.1645,50.3667],[9.1613,50.3686],[9.1608,50.3827],[9.1552,50.391],[9.117,50.3794],[9.1107,50.3893],[9.1203,50.3967]]]}},{"type":"Feature","properties":{"ags":"06440020","name":"Ranstadt","ewz":5319,"dist_km":36.5,"city":false,"warm_m2":13.41,"own_value":true,"m2_median":73,"share_median":0.246,"m2_p25":56,"share_p25":0.323},"geometry":{"type":"Polygon","coordinates":[[[9.0536,50.3909],[9.0251,50.3782],[9.0055,50.3882],[8.9798,50.3788],[8.9644,50.3826],[8.9453,50.3811],[8.9458,50.3867],[8.9331,50.3792],[8.9359,50.3703],[8.9358,50.3647],[8.9265,50.3555],[8.9252,50.3456],[8.9297,50.344],[8.9386,50.3469],[8.9553,50.3411],[8.9612,50.3306],[8.982,50.3318],[8.9863,50.3371],[8.9869,50.3453],[9.0242,50.3601],[9.0522,50.3649],[9.0517,50.3772],[9.0603,50.3869],[9.0536,50.3909]]]}},{"type":"Feature","properties":{"ags":"06440021","name":"Reichelsheim (Wetterau)","ewz":6997,"dist_km":31.2,"city":false,"warm_m2":13.81,"own_value":true,"m2_median":71,"share_median":0.254,"m2_p25":54,"share_p25":0.334},"geometry":{"type":"Polygon","coordinates":[[[8.8432,50.3788],[8.8356,50.3764],[8.8201,50.3722],[8.7994,50.3659],[8.7998,50.3605],[8.802,50.3574],[8.818,50.3529],[8.8197,50.3408],[8.8186,50.3302],[8.8428,50.3289],[8.8561,50.3355],[8.8848,50.3329],[8.8908,50.3534],[8.9085,50.3496],[8.9252,50.3456],[8.9265,50.3555],[8.9358,50.3647],[8.9349,50.3725],[8.9228,50.372],[8.9054,50.3593],[8.8948,50.356],[8.8744,50.3703],[8.8474,50.3705],[8.8432,50.3788]]]}},{"type":"Feature","properties":{"ags":"06440022","name":"Rockenberg","ewz":4515,"dist_km":35.9,"city":false,"warm_m2":12.79,"own_value":true,"m2_median":77,"share_median":0.235,"m2_p25":58,"share_p25":0.308},"geometry":{"type":"Polygon","coordinates":[[[8.7371,50.4425],[8.709,50.4291],[8.7184,50.4078],[8.7167,50.4074],[8.7193,50.4029],[8.7208,50.4031],[8.7402,50.4073],[8.7678,50.4077],[8.7912,50.4207],[8.7855,50.4309],[8.7867,50.4331],[8.7796,50.4321],[8.7636,50.4348],[8.7439,50.4387],[8.7371,50.4425]]]}},{"type":"Feature","properties":{"ags":"06440023","name":"Rosbach v.d.Höhe","ewz":13199,"dist_km":19.1,"city":false,"warm_m2":16.15,"own_value":true,"m2_median":60,"share_median":0.3,"m2_p25":46,"share_p25":0.395},"geometry":{"type":"Polygon","coordinates":[[[8.6728,50.3144],[8.666,50.3182],[8.6395,50.3163],[8.6161,50.2966],[8.5992,50.291],[8.6577,50.281],[8.6587,50.2726],[8.6607,50.2677],[8.6902,50.2532],[8.6842,50.2382],[8.6883,50.2367],[8.6975,50.2518],[8.7055,50.2559],[8.7313,50.2522],[8.7437,50.2632],[8.7296,50.2844],[8.744,50.306],[8.7314,50.3084],[8.7193,50.3085],[8.6929,50.3147],[8.6728,50.3144]]]}},{"type":"Feature","properties":{"ags":"06440024","name":"Wölfersheim","ewz":9764,"dist_km":34.8,"city":false,"warm_m2":12.43,"own_value":true,"m2_median":79,"share_median":0.228,"m2_p25":60,"share_p25":0.3},"geometry":{"type":"Polygon","coordinates":[[[8.8774,50.4341],[8.8748,50.4381],[8.8693,50.4448],[8.8528,50.4321],[8.8175,50.4336],[8.8114,50.436],[8.7992,50.4424],[8.8026,50.4364],[8.787,50.4352],[8.7855,50.4309],[8.7912,50.4207],[8.7678,50.4077],[8.777,50.3975],[8.791,50.3719],[8.7926,50.3635],[8.8201,50.3722],[8.8356,50.3764],[8.8389,50.3774],[8.844,50.3853],[8.8409,50.4041],[8.8546,50.4099],[8.9007,50.4104],[8.9004,50.4271],[8.8872,50.4277],[8.8774,50.4341]]]}},{"type":"Feature","properties":{"ags":"06440025","name":"Wöllstadt","ewz":6754,"dist_km":20.2,"city":false,"warm_m2":14.6,"own_value":true,"m2_median":66,"share_median":0.271,"m2_p25":50,"share_p25":0.357},"geometry":{"type":"Polygon","coordinates":[[[8.7879,50.2898],[8.7699,50.294],[8.7638,50.3083],[8.7502,50.3106],[8.7436,50.31],[8.7411,50.3064],[8.744,50.306],[8.7296,50.2844],[8.7437,50.2632],[8.757,50.2635],[8.7621,50.2553],[8.7775,50.2636],[8.7816,50.2727],[8.781,50.2854],[8.7879,50.2898]]]}},{"type":"Feature","properties":{"ags":"06531008","name":"Hungen","ewz":13033,"dist_km":45,"city":false,"warm_m2":10.94,"own_value":true,"m2_median":90,"share_median":0.199,"m2_p25":69,"share_p25":0.262},"geometry":{"type":"Polygon","coordinates":[[[8.9329,50.5281],[8.9147,50.5251],[8.909,50.5255],[8.9054,50.5236],[8.8955,50.5234],[8.8969,50.5057],[8.8932,50.5023],[8.8791,50.4912],[8.8564,50.4819],[8.8594,50.473],[8.8241,50.4685],[8.8058,50.4582],[8.7952,50.4524],[8.7992,50.4424],[8.8114,50.436],[8.8175,50.4336],[8.8528,50.4321],[8.8693,50.4448],[8.8748,50.4381],[8.8774,50.4341],[8.8872,50.4277],[8.9004,50.4271],[8.9071,50.4381],[8.9297,50.4326],[8.9538,50.4334],[8.9635,50.4404],[8.9638,50.4498],[8.9878,50.4539],[8.9889,50.4641],[8.9789,50.4683],[8.9875,50.4795],[8.9832,50.4889],[8.9917,50.4941],[9.0023,50.4949],[8.9987,50.5002],[8.9911,50.5037],[8.9629,50.504],[8.9547,50.5093],[8.9256,50.5171],[8.9329,50.5281]]]}},{"type":"Feature","properties":{"ags":"06531009","name":"Langgöns","ewz":11817,"dist_km":40.3,"city":false,"warm_m2":12.17,"own_value":true,"m2_median":81,"share_median":0.223,"m2_p25":62,"share_p25":0.292},"geometry":{"type":"Polygon","coordinates":[[[8.6642,50.5156],[8.6495,50.5148],[8.6319,50.4998],[8.5955,50.5023],[8.5735,50.4926],[8.5477,50.469],[8.5405,50.467],[8.532,50.4564],[8.5449,50.434],[8.5458,50.4188],[8.5579,50.4223],[8.5775,50.415],[8.5972,50.4179],[8.6009,50.4229],[8.5971,50.4248],[8.598,50.4342],[8.5774,50.4426],[8.589,50.4531],[8.6126,50.4658],[8.6267,50.4647],[8.6323,50.4767],[8.649,50.4833],[8.6691,50.4852],[8.674,50.4825],[8.6804,50.4842],[8.6854,50.4831],[8.6966,50.4988],[8.7029,50.5048],[8.7004,50.5049],[8.6897,50.5024],[8.6784,50.5042],[8.6736,50.5104],[8.6642,50.5156]]]}},{"type":"Feature","properties":{"ags":"06531011","name":"Lich","ewz":14310,"dist_km":46.1,"city":false,"warm_m2":13.02,"own_value":true,"m2_median":76,"share_median":0.237,"m2_p25":58,"share_p25":0.311},"geometry":{"type":"Polygon","coordinates":[[[8.8506,50.5517],[8.8333,50.5541],[8.8319,50.5577],[8.8174,50.558],[8.8042,50.5446],[8.7864,50.5323],[8.7895,50.5306],[8.7783,50.5234],[8.7792,50.5188],[8.7695,50.508],[8.7682,50.495],[8.7577,50.4947],[8.7479,50.4941],[8.7445,50.4929],[8.7382,50.4794],[8.7464,50.4744],[8.766,50.4691],[8.7824,50.4786],[8.8058,50.4582],[8.8241,50.4685],[8.8594,50.473],[8.8564,50.4819],[8.8791,50.4912],[8.8932,50.5023],[8.8969,50.5057],[8.8955,50.5234],[8.9054,50.5236],[8.909,50.5255],[8.9164,50.5256],[8.9132,50.5313],[8.9268,50.5428],[8.9087,50.5479],[8.9051,50.5486],[8.8807,50.5477],[8.8599,50.5548],[8.8506,50.5517]]]}},{"type":"Feature","properties":{"ags":"06531012","name":"Linden","ewz":13631,"dist_km":47.1,"city":false,"warm_m2":15.33,"own_value":true,"m2_median":65,"share_median":0.279,"m2_p25":49,"share_p25":0.366},"geometry":{"type":"Polygon","coordinates":[[[8.6893,50.55],[8.6806,50.5556],[8.6757,50.5643],[8.6714,50.5628],[8.6449,50.5533],[8.6161,50.5254],[8.6434,50.5212],[8.6508,50.5151],[8.6642,50.5156],[8.6736,50.5104],[8.6784,50.5042],[8.6897,50.5024],[8.7004,50.5049],[8.7029,50.5048],[8.7113,50.5152],[8.6982,50.5169],[8.6947,50.5362],[8.6987,50.5369],[8.6987,50.5398],[8.7051,50.5427],[8.7043,50.544],[8.6973,50.5437],[8.6893,50.55]]]}},{"type":"Feature","properties":{"ags":"06531014","name":"Pohlheim","ewz":18199,"dist_km":45.9,"city":false,"warm_m2":13.14,"own_value":true,"m2_median":75,"share_median":0.239,"m2_p25":57,"share_p25":0.314},"geometry":{"type":"Polygon","coordinates":[[[8.7849,50.5329],[8.7645,50.537],[8.7682,50.545],[8.7424,50.5565],[8.7316,50.5534],[8.7304,50.5449],[8.7086,50.5441],[8.7043,50.544],[8.7051,50.5427],[8.6987,50.5398],[8.6987,50.5369],[8.6947,50.5362],[8.6982,50.5169],[8.7113,50.5152],[8.6966,50.4988],[8.6869,50.4853],[8.6939,50.4805],[8.7121,50.4747],[8.7237,50.4783],[8.7329,50.4769],[8.7396,50.4785],[8.7382,50.4794],[8.7453,50.4932],[8.7577,50.4947],[8.7682,50.495],[8.7695,50.508],[8.7792,50.5188],[8.7783,50.5234],[8.7895,50.5306],[8.7849,50.5329]]]}},{"type":"Feature","properties":{"ags":"06532003","name":"Braunfels","ewz":11167,"dist_km":47.7,"city":false,"warm_m2":11.8,"own_value":true,"m2_median":84,"share_median":0.215,"m2_p25":64,"share_p25":0.282},"geometry":{"type":"Polygon","coordinates":[[[8.3363,50.5429],[8.3359,50.5478],[8.3337,50.5479],[8.3269,50.5364],[8.3123,50.5184],[8.314,50.5167],[8.3234,50.5148],[8.3342,50.5104],[8.3572,50.5093],[8.3575,50.494],[8.3619,50.485],[8.3716,50.4817],[8.3719,50.4751],[8.3756,50.4745],[8.3784,50.4715],[8.3852,50.4656],[8.393,50.4569],[8.4146,50.4564],[8.4256,50.4717],[8.4398,50.4697],[8.4365,50.4664],[8.4447,50.4675],[8.4435,50.4776],[8.4532,50.4848],[8.4404,50.5108],[8.4337,50.5164],[8.4162,50.5085],[8.4049,50.5143],[8.4032,50.522],[8.3887,50.5311],[8.3862,50.5396],[8.3738,50.5365],[8.367,50.538],[8.3502,50.5315],[8.3363,50.5429]]]}},{"type":"Feature","properties":{"ags":"06532014","name":"Hüttenberg","ewz":10968,"dist_km":45,"city":false,"warm_m2":11.67,"own_value":true,"m2_median":85,"share_median":0.213,"m2_p25":64,"share_p25":0.279},"geometry":{"type":"Polygon","coordinates":[[[8.5565,50.5358],[8.5368,50.5335],[8.5347,50.5285],[8.5159,50.5224],[8.5055,50.515],[8.4894,50.5102],[8.4967,50.4951],[8.5218,50.4957],[8.5477,50.469],[8.5735,50.4926],[8.5955,50.5023],[8.6319,50.4998],[8.6495,50.5148],[8.6508,50.5151],[8.6434,50.5212],[8.5945,50.5273],[8.5736,50.5338],[8.5565,50.5358]]]}},{"type":"Feature","properties":{"ags":"06532018","name":"Schöffengrund","ewz":6597,"dist_km":44.4,"city":false,"warm_m2":11.1,"own_value":true,"m2_median":89,"share_median":0.202,"m2_p25":68,"share_p25":0.266},"geometry":{"type":"Polygon","coordinates":[[[8.4757,50.5201],[8.4665,50.5296],[8.4487,50.5292],[8.4457,50.5205],[8.4331,50.517],[8.4404,50.5108],[8.4532,50.4848],[8.4435,50.4776],[8.4447,50.4675],[8.4753,50.4558],[8.4908,50.4585],[8.501,50.4538],[8.5063,50.4541],[8.507,50.4618],[8.5326,50.4696],[8.5477,50.469],[8.5218,50.4957],[8.4967,50.4951],[8.4894,50.5102],[8.4757,50.5201]]]}},{"type":"Feature","properties":{"ags":"06532022","name":"Waldsolms","ewz":4892,"dist_km":38.2,"city":false,"warm_m2":10.76,"own_value":true,"m2_median":91,"share_median":0.197,"m2_p25":69,"share_p25":0.259},"geometry":{"type":"Polygon","coordinates":[[[8.5405,50.467],[8.5326,50.4696],[8.507,50.4618],[8.5063,50.4541],[8.501,50.4538],[8.4908,50.4585],[8.4753,50.4558],[8.4447,50.4675],[8.4365,50.4664],[8.4233,50.4522],[8.4286,50.4418],[8.4311,50.4397],[8.4327,50.4345],[8.4391,50.4296],[8.4661,50.4202],[8.4702,50.4107],[8.4811,50.4053],[8.4829,50.4001],[8.4959,50.3958],[8.5141,50.3994],[8.539,50.4167],[8.5775,50.415],[8.5579,50.4223],[8.5458,50.4188],[8.5449,50.434],[8.532,50.4564],[8.5405,50.467]]]}},{"type":"Feature","properties":{"ags":"06533002","name":"Brechen","ewz":6411,"dist_km":45.3,"city":false,"warm_m2":11.7,"own_value":true,"m2_median":84,"share_median":0.213,"m2_p25":64,"share_p25":0.28},"geometry":{"type":"Polygon","coordinates":[[[8.2574,50.3591],[8.2233,50.3603],[8.166,50.3848],[8.1535,50.3828],[8.1205,50.3636],[8.1145,50.3576],[8.1192,50.354],[8.1503,50.3531],[8.1525,50.3439],[8.1666,50.3357],[8.1829,50.3441],[8.1966,50.3393],[8.1994,50.3405],[8.2055,50.346],[8.2587,50.357],[8.2574,50.3591]]]}},{"type":"Feature","properties":{"ags":"06533003","name":"Bad Camberg","ewz":14229,"dist_km":34.7,"city":false,"warm_m2":14.13,"own_value":true,"m2_median":69,"share_median":0.26,"m2_p25":53,"share_p25":0.341},"geometry":{"type":"Polygon","coordinates":[[[8.3152,50.3404],[8.2912,50.3318],[8.2687,50.3281],[8.2439,50.3316],[8.2321,50.3278],[8.2181,50.322],[8.2331,50.3017],[8.2221,50.2937],[8.2281,50.2828],[8.2315,50.275],[8.2383,50.2783],[8.2532,50.2661],[8.2899,50.2785],[8.3016,50.271],[8.3238,50.2759],[8.3284,50.2839],[8.3454,50.284],[8.3506,50.2944],[8.3546,50.2942],[8.3412,50.299],[8.3424,50.3065],[8.362,50.3086],[8.3416,50.3286],[8.3263,50.3292],[8.3152,50.3404]]]}},{"type":"Feature","properties":{"ags":"06533008","name":"Hünfelden","ewz":9929,"dist_km":42.9,"city":false,"warm_m2":12.3,"own_value":true,"m2_median":80,"share_median":0.225,"m2_p25":61,"share_p25":0.295},"geometry":{"type":"Polygon","coordinates":[[[8.1103,50.3595],[8.0768,50.3591],[8.07,50.3581],[8.0716,50.3537],[8.0768,50.3484],[8.0714,50.3326],[8.0822,50.3308],[8.089,50.3295],[8.1072,50.3216],[8.1045,50.3093],[8.1111,50.3032],[8.1155,50.3028],[8.1206,50.2959],[8.1219,50.2772],[8.1303,50.2808],[8.144,50.2803],[8.1656,50.2777],[8.1986,50.2886],[8.2213,50.2916],[8.2221,50.2937],[8.2331,50.3017],[8.2203,50.3196],[8.2119,50.3256],[8.198,50.3398],[8.1966,50.3393],[8.1829,50.3441],[8.1666,50.3357],[8.1525,50.3439],[8.1503,50.3531],[8.1192,50.354],[8.1103,50.3595]]]}},{"type":"Feature","properties":{"ags":"06533014","name":"Selters (Taunus)","ewz":8176,"dist_km":38.4,"city":false,"warm_m2":12.39,"own_value":true,"m2_median":79,"share_median":0.227,"m2_p25":60,"share_p25":0.298},"geometry":{"type":"Polygon","coordinates":[[[8.2981,50.3835],[8.2888,50.3807],[8.2697,50.3832],[8.2377,50.3755],[8.2533,50.367],[8.2587,50.357],[8.2055,50.346],[8.1994,50.3405],[8.198,50.3398],[8.2119,50.3256],[8.2181,50.322],[8.2321,50.3278],[8.2439,50.3316],[8.2687,50.3281],[8.2912,50.3318],[8.3152,50.3404],[8.3314,50.3452],[8.3444,50.3563],[8.3536,50.3736],[8.3615,50.3798],[8.3312,50.3759],[8.3176,50.3708],[8.2979,50.3706],[8.3026,50.3805],[8.2981,50.3835]]]}},{"type":"Feature","properties":{"ags":"06533015","name":"Villmar","ewz":6730,"dist_km":44.9,"city":false,"warm_m2":11.13,"own_value":true,"m2_median":89,"share_median":0.203,"m2_p25":68,"share_p25":0.266},"geometry":{"type":"Polygon","coordinates":[[[8.2304,50.4402],[8.2298,50.441],[8.2226,50.4343],[8.2036,50.4305],[8.2165,50.4231],[8.2173,50.4101],[8.1973,50.4044],[8.185,50.4067],[8.1834,50.3945],[8.1678,50.3975],[8.1585,50.388],[8.1552,50.3889],[8.1556,50.3872],[8.166,50.3848],[8.2233,50.3603],[8.2574,50.3591],[8.2533,50.367],[8.2377,50.3755],[8.2697,50.3832],[8.2888,50.3807],[8.2981,50.3835],[8.2911,50.3917],[8.2812,50.398],[8.281,50.4087],[8.2688,50.4087],[8.2666,50.4231],[8.2525,50.4289],[8.2494,50.437],[8.2304,50.4402]]]}},{"type":"Feature","properties":{"ags":"06533018","name":"Weilmünster","ewz":8834,"dist_km":40.4,"city":false,"warm_m2":11.45,"own_value":true,"m2_median":86,"share_median":0.209,"m2_p25":65,"share_p25":0.275},"geometry":{"type":"Polygon","coordinates":[[[8.355,50.4751],[8.3501,50.4786],[8.3458,50.4767],[8.3499,50.4723],[8.327,50.464],[8.3097,50.4493],[8.3259,50.4404],[8.3177,50.4358],[8.3326,50.4275],[8.3295,50.4231],[8.3272,50.411],[8.315,50.3997],[8.2941,50.3954],[8.2911,50.3917],[8.2981,50.3835],[8.3026,50.3805],[8.2979,50.3706],[8.3176,50.3708],[8.3312,50.3759],[8.3615,50.3798],[8.3701,50.3824],[8.3829,50.3841],[8.3883,50.3857],[8.3884,50.3981],[8.392,50.4046],[8.4089,50.4006],[8.4582,50.415],[8.4672,50.415],[8.4661,50.4202],[8.4433,50.4276],[8.4354,50.4322],[8.431,50.4371],[8.4286,50.4418],[8.4233,50.4522],[8.4277,50.458],[8.4328,50.4614],[8.4398,50.4697],[8.4256,50.4717],[8.4146,50.4564],[8.393,50.4569],[8.3852,50.4656],[8.3784,50.4715],[8.3756,50.4745],[8.3669,50.4764],[8.355,50.4751]]]}},{"type":"Feature","properties":{"ags":"06533019","name":"Weinbach","ewz":4261,"dist_km":45.7,"city":false,"warm_m2":11.02,"own_value":true,"m2_median":90,"share_median":0.201,"m2_p25":68,"share_p25":0.264},"geometry":{"type":"Polygon","coordinates":[[[8.3458,50.4767],[8.3343,50.4806],[8.3065,50.4686],[8.3006,50.465],[8.2669,50.4639],[8.2519,50.4582],[8.2461,50.452],[8.2433,50.4535],[8.2417,50.4511],[8.2392,50.4507],[8.2392,50.4486],[8.2345,50.4461],[8.2292,50.4418],[8.2304,50.4402],[8.2494,50.437],[8.2525,50.4289],[8.2666,50.4231],[8.2688,50.4087],[8.281,50.4087],[8.2812,50.398],[8.2941,50.3954],[8.315,50.3997],[8.3272,50.411],[8.3295,50.4231],[8.3326,50.4275],[8.3177,50.4358],[8.3259,50.4404],[8.3097,50.4493],[8.327,50.464],[8.3499,50.4723],[8.3458,50.4767]]]}},{"type":"Feature","properties":{"ags":"07141020","name":"Burgschwalbach","ewz":1047,"dist_km":45.6,"city":false,"warm_m2":10.31,"own_value":true,"m2_median":96,"share_median":0.188,"m2_p25":73,"share_p25":0.247},"geometry":{"type":"Polygon","coordinates":[[[8.0953,50.2922],[8.0879,50.3007],[8.0819,50.2921],[8.0641,50.2903],[8.0638,50.2815],[8.0593,50.2734],[8.0612,50.2726],[8.092,50.2652],[8.1031,50.2598],[8.1117,50.269],[8.1089,50.2778],[8.0956,50.2835],[8.0953,50.2922]]]}},{"type":"Feature","properties":{"ags":"07141065","name":"Kaltenholzhausen","ewz":564,"dist_km":44.4,"city":false,"warm_m2":10.93,"own_value":true,"m2_median":90,"share_median":0.199,"m2_p25":69,"share_p25":0.262},"geometry":{"type":"Polygon","coordinates":[[[8.1039,50.308],[8.0919,50.3077],[8.0878,50.304],[8.0863,50.3021],[8.0953,50.2922],[8.0956,50.2835],[8.1089,50.2778],[8.1124,50.2704],[8.1219,50.2772],[8.1206,50.2959],[8.1155,50.3028],[8.1111,50.3032],[8.1039,50.308]]]}},{"type":"Feature","properties":{"ags":"07315000","name":"Mainz","ewz":222889,"dist_km":33.2,"city":false,"warm_m2":17.24,"own_value":true,"m2_median":57,"share_median":0.317,"m2_p25":43,"share_p25":0.417},"geometry":{"type":"Polygon","coordinates":[[[8.2724,50.0103],[8.2669,50.0141],[8.2435,50.028],[8.2327,50.031],[8.19,50.0353],[8.1892,50.0329],[8.2014,50.0276],[8.1886,50.0094],[8.1705,50.0034],[8.1555,50.0033],[8.1538,49.9879],[8.1436,49.983],[8.1486,49.9639],[8.1792,49.9675],[8.1908,49.9526],[8.2116,49.9574],[8.2123,49.9561],[8.2171,49.9571],[8.2219,49.9516],[8.2271,49.948],[8.2432,49.9482],[8.245,49.9398],[8.2362,49.9288],[8.2349,49.9288],[8.2284,49.9211],[8.2285,49.9019],[8.2323,49.9006],[8.2487,49.8956],[8.2531,49.8969],[8.259,49.9141],[8.2675,49.9251],[8.2773,49.9294],[8.2798,49.9409],[8.311,49.9413],[8.3262,49.9455],[8.343,49.9405],[8.341,49.9511],[8.332,49.9638],[8.3223,49.9736],[8.3077,49.9841],[8.2902,49.9935],[8.2724,50.0103]]]}},{"type":"Feature","properties":{"ags":"07319000","name":"Worms","ewz":85609,"dist_km":55.2,"city":false,"warm_m2":13.11,"own_value":true,"m2_median":76,"share_median":0.237,"m2_p25":58,"share_p25":0.311},"geometry":{"type":"Polygon","coordinates":[[[8.4225,49.7262],[8.4096,49.732],[8.4078,49.7347],[8.3995,49.7367],[8.3696,49.7303],[8.3524,49.7305],[8.3502,49.7111],[8.3499,49.6955],[8.3394,49.6956],[8.3428,49.6827],[8.3092,49.6841],[8.288,49.6929],[8.2576,49.6887],[8.2598,49.6773],[8.2559,49.6752],[8.2614,49.6716],[8.2684,49.6719],[8.2679,49.6662],[8.2788,49.655],[8.2452,49.6502],[8.2415,49.647],[8.2389,49.6245],[8.2444,49.6171],[8.2529,49.6181],[8.2523,49.6023],[8.2571,49.5883],[8.278,49.5868],[8.288,49.5878],[8.2875,49.5894],[8.3227,49.5947],[8.3314,49.6002],[8.343,49.5951],[8.3497,49.6064],[8.352,49.6076],[8.3614,49.6066],[8.3865,49.6037],[8.4058,49.5931],[8.4148,49.5951],[8.4078,49.6063],[8.3929,49.6153],[8.382,49.6273],[8.3758,49.6408],[8.3696,49.6592],[8.3617,49.6687],[8.3565,49.678],[8.3562,49.6829],[8.3579,49.6933],[8.3653,49.6997],[8.375,49.7045],[8.3883,49.7093],[8.4193,49.7152],[8.4307,49.7186],[8.4382,49.7223],[8.4464,49.7308],[8.4419,49.7322],[8.4225,49.7262]]]}},{"type":"Feature","properties":{"ags":"07331007","name":"Bechtolsheim","ewz":1819,"dist_km":46.7,"city":false,"warm_m2":12.21,"own_value":true,"m2_median":81,"share_median":0.222,"m2_p25":62,"share_p25":0.292},"geometry":{"type":"Polygon","coordinates":[[[8.1971,49.8244],[8.1847,49.8206],[8.1856,49.8184],[8.1736,49.8151],[8.1774,49.8064],[8.1837,49.7985],[8.1898,49.7981],[8.196,49.7915],[8.2286,49.8029],[8.2329,49.813],[8.2354,49.8133],[8.2311,49.8171],[8.2336,49.823],[8.2279,49.8242],[8.1986,49.8216],[8.1971,49.8244]]]}},{"type":"Feature","properties":{"ags":"07331002","name":"Alsheim","ewz":2834,"dist_km":45.7,"city":false,"warm_m2":12.8,"own_value":true,"m2_median":77,"share_median":0.233,"m2_p25":59,"share_p25":0.306},"geometry":{"type":"Polygon","coordinates":[[[8.3545,49.7818],[8.3358,49.7836],[8.3095,49.7817],[8.301,49.7727],[8.3004,49.7673],[8.286,49.7529],[8.2879,49.7478],[8.2866,49.7477],[8.2865,49.7462],[8.3026,49.7466],[8.322,49.7492],[8.3432,49.745],[8.3502,49.7443],[8.3509,49.7716],[8.3491,49.7718],[8.35,49.7792],[8.3545,49.7818]]]}},{"type":"Feature","properties":{"ags":"07331018","name":"Eich","ewz":3768,"dist_km":43.4,"city":false,"warm_m2":11.83,"own_value":true,"m2_median":83,"share_median":0.216,"m2_p25":63,"share_p25":0.284},"geometry":{"type":"Polygon","coordinates":[[[8.4176,49.7725],[8.3846,49.7641],[8.3764,49.7522],[8.3536,49.7441],[8.3524,49.7342],[8.3524,49.7305],[8.3696,49.7303],[8.3995,49.7367],[8.4263,49.7355],[8.4338,49.746],[8.4513,49.7515],[8.4581,49.7606],[8.4431,49.7657],[8.4327,49.766],[8.4262,49.7672],[8.4176,49.7725]]]}},{"type":"Feature","properties":{"ags":"07331034","name":"Gimbsheim","ewz":3180,"dist_km":42.1,"city":false,"warm_m2":12.2,"own_value":true,"m2_median":81,"share_median":0.223,"m2_p25":61,"share_p25":0.293},"geometry":{"type":"Polygon","coordinates":[[[8.4131,49.7839],[8.4103,49.7901],[8.4013,49.8023],[8.4001,49.8037],[8.3948,49.8011],[8.3873,49.8025],[8.3734,49.7966],[8.3676,49.7887],[8.35,49.7792],[8.3491,49.7718],[8.3509,49.7716],[8.3502,49.7443],[8.3536,49.7441],[8.3764,49.7522],[8.3846,49.7641],[8.4176,49.7725],[8.4142,49.7771],[8.4131,49.7839]]]}},{"type":"Feature","properties":{"ags":"07331038","name":"Hamm am Rhein","ewz":2034,"dist_km":42.6,"city":false,"warm_m2":11.44,"own_value":true,"m2_median":86,"share_median":0.209,"m2_p25":66,"share_p25":0.274},"geometry":{"type":"Polygon","coordinates":[[[8.4464,49.7308],[8.4515,49.738],[8.4571,49.7435],[8.4786,49.7582],[8.4798,49.7608],[8.4792,49.7642],[8.4743,49.7683],[8.4666,49.7692],[8.4431,49.7657],[8.4581,49.7606],[8.4513,49.7515],[8.4338,49.746],[8.4263,49.7355],[8.4078,49.7347],[8.4096,49.732],[8.4225,49.7262],[8.4419,49.7322],[8.4464,49.7308]]]}},{"type":"Feature","properties":{"ags":"07331058","name":"Saulheim","ewz":8115,"dist_km":45.9,"city":false,"warm_m2":14.71,"own_value":true,"m2_median":67,"share_median":0.268,"m2_p25":51,"share_p25":0.352},"geometry":{"type":"Polygon","coordinates":[[[8.1769,49.9],[8.1721,49.8985],[8.16,49.8936],[8.1277,49.8907],[8.1207,49.8968],[8.107,49.8748],[8.0925,49.8702],[8.0953,49.8661],[8.1257,49.8595],[8.1366,49.8529],[8.1434,49.8461],[8.1489,49.8468],[8.1529,49.8552],[8.1627,49.8668],[8.1894,49.8916],[8.1769,49.9]]]}},{"type":"Feature","properties":{"ags":"07331059","name":"Schornsheim","ewz":1611,"dist_km":45.1,"city":false,"warm_m2":13.85,"own_value":true,"m2_median":71,"share_median":0.252,"m2_p25":54,"share_p25":0.332},"geometry":{"type":"Polygon","coordinates":[[[8.2098,49.8608],[8.1877,49.8586],[8.1627,49.8528],[8.1514,49.8526],[8.1489,49.8468],[8.1434,49.8461],[8.1481,49.844],[8.1486,49.8362],[8.1513,49.8368],[8.1521,49.8353],[8.181,49.8369],[8.1899,49.8385],[8.1893,49.8434],[8.2106,49.8504],[8.2149,49.8533],[8.2098,49.8608]]]}},{"type":"Feature","properties":{"ags":"07331064","name":"Udenheim","ewz":1290,"dist_km":43.3,"city":false,"warm_m2":13.49,"own_value":true,"m2_median":73,"share_median":0.246,"m2_p25":56,"share_p25":0.323},"geometry":{"type":"Polygon","coordinates":[[[8.2055,49.8635],[8.1912,49.8766],[8.1932,49.8796],[8.1917,49.8799],[8.1923,49.8837],[8.1856,49.8858],[8.1845,49.8879],[8.1627,49.8668],[8.1529,49.8552],[8.1514,49.8526],[8.1546,49.8522],[8.1758,49.8553],[8.1877,49.8586],[8.2032,49.8598],[8.202,49.863],[8.2055,49.8635]]]}},{"type":"Feature","properties":{"ags":"07339009","name":"Budenheim","ewz":8669,"dist_km":36.7,"city":false,"warm_m2":14.73,"own_value":true,"m2_median":67,"share_median":0.27,"m2_p25":51,"share_p25":0.355},"geometry":{"type":"Polygon","coordinates":[[[8.1705,50.0034],[8.1886,50.0094],[8.2014,50.0276],[8.1892,50.0329],[8.19,50.0353],[8.1863,50.0355],[8.1751,50.0343],[8.152,50.028],[8.1381,50.0255],[8.158,50.0037],[8.1705,50.0034]]]}},{"type":"Feature","properties":{"ags":"07339030","name":"Ingelheim am Rhein","ewz":36390,"dist_km":45.4,"city":false,"warm_m2":14.74,"own_value":true,"m2_median":67,"share_median":0.269,"m2_p25":51,"share_p25":0.353},"geometry":{"type":"Polygon","coordinates":[[[8.1486,49.9639],[8.1436,49.983],[8.1538,49.9879],[8.1555,50.0033],[8.158,50.0037],[8.1381,50.0255],[8.1114,50.0189],[8.0796,50.0069],[8.0364,50.0023],[8.0058,49.9901],[7.9764,49.9804],[7.9826,49.9665],[7.9829,49.964],[7.9919,49.9649],[8.0104,49.9712],[8.0234,49.9724],[8.0386,49.9486],[8.036,49.9433],[8.0425,49.9341],[8.0522,49.9316],[8.0641,49.933],[8.0789,49.9317],[8.092,49.9383],[8.1193,49.9554],[8.1375,49.9589],[8.1486,49.9639]]]}},{"type":"Feature","properties":{"ags":"07339006","name":"Bodenheim","ewz":7931,"dist_km":32.6,"city":false,"warm_m2":15.49,"own_value":true,"m2_median":63,"share_median":0.285,"m2_p25":48,"share_p25":0.375},"geometry":{"type":"Polygon","coordinates":[[[8.343,49.9405],[8.3262,49.9455],[8.311,49.9413],[8.2798,49.9409],[8.2773,49.9294],[8.2716,49.9271],[8.2736,49.9251],[8.2784,49.9249],[8.2757,49.9229],[8.2918,49.9165],[8.2978,49.9075],[8.2996,49.908],[8.301,49.9071],[8.3238,49.9156],[8.3298,49.9254],[8.3478,49.9302],[8.343,49.9405]]]}},{"type":"Feature","properties":{"ags":"07339020","name":"Gau-Bischofsheim","ewz":2189,"dist_km":34.8,"city":false,"warm_m2":14.45,"own_value":true,"m2_median":68,"share_median":0.265,"m2_p25":52,"share_p25":0.349},"geometry":{"type":"Polygon","coordinates":[[[8.2978,49.9075],[8.2918,49.9165],[8.2757,49.9229],[8.2708,49.9209],[8.2703,49.9108],[8.276,49.9062],[8.2845,49.904],[8.2884,49.9055],[8.2947,49.9062],[8.2978,49.9075]]]}},{"type":"Feature","properties":{"ags":"07339026","name":"Harxheim","ewz":2339,"dist_km":35.8,"city":false,"warm_m2":14.52,"own_value":true,"m2_median":68,"share_median":0.267,"m2_p25":51,"share_p25":0.35},"geometry":{"type":"Polygon","coordinates":[[[8.2716,49.9271],[8.2675,49.9251],[8.259,49.9141],[8.2531,49.8969],[8.2655,49.897],[8.2777,49.8986],[8.2799,49.9023],[8.2845,49.904],[8.276,49.9062],[8.2703,49.9108],[8.2708,49.9209],[8.2784,49.9249],[8.2736,49.9251],[8.2716,49.9271]]]}},{"type":"Feature","properties":{"ags":"07339034","name":"Lörzweiler","ewz":2326,"dist_km":35.3,"city":false,"warm_m2":13.68,"own_value":true,"m2_median":72,"share_median":0.251,"m2_p25":55,"share_p25":0.33},"geometry":{"type":"Polygon","coordinates":[[[8.307,49.909],[8.301,49.9071],[8.2996,49.908],[8.2947,49.9062],[8.2884,49.9055],[8.2799,49.9023],[8.2777,49.8986],[8.2897,49.8785],[8.3191,49.8897],[8.307,49.909]]]}},{"type":"Feature","properties":{"ags":"07339039","name":"Nackenheim","ewz":5650,"dist_km":32,"city":false,"warm_m2":14.84,"own_value":true,"m2_median":66,"share_median":0.273,"m2_p25":50,"share_p25":0.359},"geometry":{"type":"Polygon","coordinates":[[[8.3524,49.9059],[8.3546,49.9158],[8.3478,49.9302],[8.3298,49.9254],[8.3238,49.9156],[8.307,49.909],[8.3191,49.8897],[8.3408,49.9034],[8.349,49.9022],[8.3524,49.9059]]]}},{"type":"Feature","properties":{"ags":"07339016","name":"Engelstadt","ewz":732,"dist_km":47,"city":false,"warm_m2":12.36,"own_value":true,"m2_median":80,"share_median":0.225,"m2_p25":61,"share_p25":0.295},"geometry":{"type":"Polygon","coordinates":[[[8.1184,49.9151],[8.1104,49.9159],[8.1038,49.9189],[8.1019,49.9215],[8.0925,49.9177],[8.0823,49.9121],[8.0763,49.9103],[8.0702,49.9121],[8.0596,49.9117],[8.049,49.9062],[8.0504,49.9052],[8.0486,49.8929],[8.0594,49.8941],[8.0967,49.9057],[8.1156,49.9069],[8.1184,49.9151]]]}},{"type":"Feature","properties":{"ags":"07339051","name":"Schwabenheim an der Selz","ewz":2551,"dist_km":43.8,"city":false,"warm_m2":13.11,"own_value":true,"m2_median":75,"share_median":0.239,"m2_p25":57,"share_p25":0.314},"geometry":{"type":"Polygon","coordinates":[[[8.1375,49.9465],[8.1374,49.9494],[8.1396,49.9493],[8.14,49.9528],[8.1375,49.9589],[8.1193,49.9554],[8.092,49.9383],[8.0789,49.9317],[8.0641,49.933],[8.059,49.9312],[8.0601,49.9284],[8.076,49.9298],[8.0884,49.9227],[8.1012,49.9217],[8.1048,49.9186],[8.1121,49.9267],[8.1315,49.9375],[8.1349,49.9466],[8.1375,49.9465]]]}},{"type":"Feature","properties":{"ags":"07339017","name":"Essenheim","ewz":3577,"dist_km":40.9,"city":false,"warm_m2":15.3,"own_value":true,"m2_median":64,"share_median":0.28,"m2_p25":49,"share_p25":0.367},"geometry":{"type":"Polygon","coordinates":[[[8.1797,49.9175],[8.1769,49.9234],[8.178,49.9244],[8.1743,49.9274],[8.1702,49.9356],[8.158,49.9519],[8.1551,49.9646],[8.1486,49.9639],[8.1375,49.9589],[8.14,49.9528],[8.1396,49.9493],[8.1374,49.9494],[8.1375,49.9465],[8.1398,49.9467],[8.1439,49.9299],[8.1415,49.913],[8.1462,49.9139],[8.1631,49.9128],[8.1751,49.9184],[8.1797,49.9175]]]}},{"type":"Feature","properties":{"ags":"07339032","name":"Klein-Winternheim","ewz":3716,"dist_km":36.3,"city":false,"warm_m2":15.07,"own_value":true,"m2_median":65,"share_median":0.276,"m2_p25":50,"share_p25":0.363},"geometry":{"type":"Polygon","coordinates":[[[8.2271,49.948],[8.2219,49.9516],[8.2171,49.9571],[8.2123,49.9561],[8.2128,49.9554],[8.2003,49.9421],[8.2079,49.9365],[8.2209,49.9297],[8.2362,49.9288],[8.245,49.9398],[8.2432,49.9482],[8.2271,49.948]]]}},{"type":"Feature","properties":{"ags":"07339042","name":"Nieder-Olm","ewz":10393,"dist_km":40.3,"city":false,"warm_m2":15.48,"own_value":true,"m2_median":64,"share_median":0.283,"m2_p25":48,"share_p25":0.372},"geometry":{"type":"Polygon","coordinates":[[[8.2285,49.9019],[8.2284,49.9211],[8.2214,49.9181],[8.2086,49.9166],[8.1998,49.9165],[8.1949,49.9108],[8.1889,49.9151],[8.1872,49.9162],[8.1751,49.9184],[8.171,49.9136],[8.1785,49.9008],[8.1769,49.9],[8.1894,49.8916],[8.1845,49.8879],[8.1856,49.8858],[8.1923,49.8837],[8.1917,49.8799],[8.1932,49.8796],[8.1945,49.8849],[8.1901,49.8872],[8.2154,49.8877],[8.2268,49.8996],[8.2285,49.9019]]]}},{"type":"Feature","properties":{"ags":"07339047","name":"Ober-Olm","ewz":4541,"dist_km":39,"city":false,"warm_m2":15.27,"own_value":true,"m2_median":64,"share_median":0.28,"m2_p25":49,"share_p25":0.367},"geometry":{"type":"Polygon","coordinates":[[[8.2116,49.9574],[8.1908,49.9526],[8.1792,49.9675],[8.1551,49.9646],[8.158,49.9519],[8.1702,49.9356],[8.1743,49.9274],[8.178,49.9244],[8.1769,49.9234],[8.1797,49.9175],[8.1872,49.9162],[8.1889,49.9151],[8.1949,49.9108],[8.1998,49.9165],[8.2086,49.9166],[8.2214,49.9181],[8.2284,49.9211],[8.2349,49.9288],[8.2209,49.9297],[8.2079,49.9365],[8.2003,49.9421],[8.2128,49.9554],[8.2116,49.9574]]]}},{"type":"Feature","properties":{"ags":"07339054","name":"Sörgenloch","ewz":1232,"dist_km":41.6,"city":false,"warm_m2":13.79,"own_value":true,"m2_median":71,"share_median":0.252,"m2_p25":54,"share_p25":0.331},"geometry":{"type":"Polygon","coordinates":[[[8.2111,49.8873],[8.1901,49.8872],[8.1941,49.8856],[8.1946,49.8843],[8.1912,49.8766],[8.2045,49.8704],[8.2112,49.8743],[8.2075,49.8783],[8.2111,49.8873]]]}},{"type":"Feature","properties":{"ags":"07339057","name":"Stadecken-Elsheim","ewz":4916,"dist_km":43.8,"city":false,"warm_m2":13.58,"own_value":true,"m2_median":73,"share_median":0.248,"m2_p25":55,"share_p25":0.325},"geometry":{"type":"Polygon","coordinates":[[[8.1398,49.9467],[8.1349,49.9466],[8.1315,49.9375],[8.1121,49.9267],[8.1048,49.9186],[8.1184,49.9151],[8.1156,49.9069],[8.1207,49.8968],[8.1277,49.8907],[8.16,49.8936],[8.1721,49.8985],[8.1785,49.9008],[8.171,49.9136],[8.1631,49.9128],[8.1462,49.9139],[8.1415,49.913],[8.1439,49.9299],[8.1398,49.9467]]]}},{"type":"Feature","properties":{"ags":"07339067","name":"Zornheim","ewz":3860,"dist_km":39.7,"city":false,"warm_m2":14.33,"own_value":true,"m2_median":69,"share_median":0.262,"m2_p25":52,"share_p25":0.345},"geometry":{"type":"Polygon","coordinates":[[[8.2323,49.9006],[8.2268,49.8996],[8.2154,49.8877],[8.2111,49.8873],[8.2075,49.8783],[8.2129,49.8736],[8.2302,49.8771],[8.2396,49.883],[8.2472,49.8815],[8.2487,49.8956],[8.2323,49.9006]]]}},{"type":"Feature","properties":{"ags":"07339010","name":"Dalheim","ewz":1037,"dist_km":40.7,"city":false,"warm_m2":13.09,"own_value":true,"m2_median":75,"share_median":0.239,"m2_p25":57,"share_p25":0.314},"geometry":{"type":"Polygon","coordinates":[[[8.2898,49.8451],[8.2734,49.842],[8.2674,49.8286],[8.2702,49.8289],[8.2767,49.8208],[8.2891,49.8212],[8.3111,49.8257],[8.2959,49.8391],[8.2898,49.8451]]]}},{"type":"Feature","properties":{"ags":"07339011","name":"Dexheim","ewz":1482,"dist_km":38.9,"city":false,"warm_m2":12.72,"own_value":true,"m2_median":77,"share_median":0.233,"m2_p25":59,"share_p25":0.306},"geometry":{"type":"Polygon","coordinates":[[[8.3296,49.8503],[8.3202,49.857],[8.2885,49.8471],[8.2959,49.8391],[8.3111,49.8257],[8.3146,49.826],[8.3137,49.828],[8.3229,49.8303],[8.3269,49.8447],[8.3307,49.845],[8.3309,49.8491],[8.3345,49.8495],[8.3324,49.8516],[8.3296,49.8503]]]}},{"type":"Feature","properties":{"ags":"07339012","name":"Dienheim","ewz":2227,"dist_km":38.2,"city":false,"warm_m2":14.21,"own_value":true,"m2_median":69,"share_median":0.26,"m2_p25":53,"share_p25":0.342},"geometry":{"type":"Polygon","coordinates":[[[8.3782,49.8325],[8.3573,49.8445],[8.3338,49.8449],[8.3269,49.8447],[8.3229,49.8303],[8.3137,49.828],[8.3154,49.8212],[8.3234,49.82],[8.3362,49.8139],[8.336,49.8155],[8.3405,49.82],[8.3625,49.8198],[8.3778,49.8275],[8.3782,49.8325]]]}},{"type":"Feature","properties":{"ags":"07339013","name":"Dolgesheim","ewz":946,"dist_km":45.2,"city":false,"warm_m2":10.96,"own_value":true,"m2_median":90,"share_median":0.2,"m2_p25":69,"share_p25":0.262},"geometry":{"type":"Polygon","coordinates":[[[8.2444,49.8082],[8.2382,49.8139],[8.2329,49.813],[8.2286,49.8029],[8.2256,49.7981],[8.2286,49.791],[8.2327,49.7889],[8.245,49.7873],[8.2742,49.7892],[8.2714,49.7974],[8.2683,49.8053],[8.2444,49.8082]]]}},{"type":"Feature","properties":{"ags":"07339015","name":"Eimsheim","ewz":528,"dist_km":44,"city":false,"warm_m2":13.29,"own_value":true,"m2_median":74,"share_median":0.242,"m2_p25":57,"share_p25":0.318},"geometry":{"type":"Polygon","coordinates":[[[8.3068,49.8007],[8.2904,49.803],[8.2714,49.7974],[8.275,49.787],[8.2801,49.7854],[8.288,49.7878],[8.3124,49.7832],[8.3156,49.7842],[8.3118,49.7902],[8.3148,49.7939],[8.3122,49.7982],[8.3146,49.7989],[8.3127,49.8022],[8.3068,49.8007]]]}},{"type":"Feature","properties":{"ags":"07339018","name":"Friesenheim","ewz":737,"dist_km":42,"city":false,"warm_m2":12.53,"own_value":true,"m2_median":79,"share_median":0.229,"m2_p25":60,"share_p25":0.301},"geometry":{"type":"Polygon","coordinates":[[[8.2674,49.8286],[8.2734,49.842],[8.2827,49.844],[8.2818,49.8477],[8.2699,49.8455],[8.2506,49.8405],[8.2417,49.8372],[8.2461,49.8326],[8.2473,49.8295],[8.24,49.8279],[8.2444,49.8216],[8.2656,49.8267],[8.2648,49.8278],[8.2674,49.8286]]]}},{"type":"Feature","properties":{"ags":"07339024","name":"Guntersblum","ewz":4028,"dist_km":40.8,"city":false,"warm_m2":12.81,"own_value":true,"m2_median":77,"share_median":0.234,"m2_p25":58,"share_p25":0.308},"geometry":{"type":"Polygon","coordinates":[[[8.3234,49.82],[8.3154,49.8212],[8.3144,49.8025],[8.3127,49.8022],[8.3146,49.7989],[8.3122,49.7982],[8.3148,49.7939],[8.3118,49.7902],[8.3156,49.7842],[8.3358,49.7836],[8.3545,49.7818],[8.3676,49.7887],[8.3734,49.7966],[8.3873,49.8025],[8.3948,49.8011],[8.4001,49.8037],[8.3846,49.8173],[8.3608,49.8116],[8.3391,49.81],[8.3362,49.8139],[8.3234,49.82]]]}},{"type":"Feature","properties":{"ags":"07339025","name":"Hahnheim","ewz":1671,"dist_km":41.6,"city":false,"warm_m2":12.97,"own_value":true,"m2_median":76,"share_median":0.237,"m2_p25":58,"share_p25":0.311},"geometry":{"type":"Polygon","coordinates":[[[8.2502,49.8595],[8.237,49.8642],[8.2351,49.8782],[8.2129,49.8736],[8.2112,49.8743],[8.2045,49.8704],[8.2055,49.8635],[8.202,49.863],[8.2032,49.8598],[8.2098,49.8608],[8.2149,49.8533],[8.2129,49.8523],[8.2146,49.8501],[8.2204,49.85],[8.236,49.8499],[8.2352,49.8528],[8.2433,49.8545],[8.2451,49.8583],[8.2502,49.8595]]]}},{"type":"Feature","properties":{"ags":"07339033","name":"Köngernheim","ewz":1295,"dist_km":41.1,"city":false,"warm_m2":12.86,"own_value":true,"m2_median":77,"share_median":0.235,"m2_p25":58,"share_p25":0.309},"geometry":{"type":"Polygon","coordinates":[[[8.2433,49.8545],[8.2352,49.8528],[8.2386,49.8455],[8.2379,49.843],[8.2431,49.8426],[8.2432,49.8413],[8.2453,49.8415],[8.2487,49.8396],[8.2506,49.8405],[8.2699,49.8455],[8.2799,49.8476],[8.2786,49.8525],[8.2433,49.8545]]]}},{"type":"Feature","properties":{"ags":"07339035","name":"Ludwigshöhe","ewz":544,"dist_km":38.7,"city":false,"warm_m2":12.56,"own_value":true,"m2_median":78,"share_median":0.23,"m2_p25":60,"share_p25":0.302},"geometry":{"type":"Polygon","coordinates":[[[8.3846,49.8173],[8.381,49.8208],[8.3778,49.8275],[8.3625,49.8198],[8.3405,49.82],[8.34,49.8125],[8.338,49.8127],[8.3374,49.8117],[8.3391,49.81],[8.3608,49.8116],[8.3846,49.8173]]]}},{"type":"Feature","properties":{"ags":"07339037","name":"Mommenheim","ewz":3087,"dist_km":37.4,"city":false,"warm_m2":14.06,"own_value":true,"m2_median":70,"share_median":0.258,"m2_p25":53,"share_p25":0.339},"geometry":{"type":"Polygon","coordinates":[[[8.2777,49.8986],[8.2655,49.897],[8.2487,49.8956],[8.2472,49.8815],[8.2707,49.8698],[8.274,49.8657],[8.289,49.8687],[8.2897,49.8785],[8.2777,49.8986]]]}},{"type":"Feature","properties":{"ags":"07339043","name":"Nierstein","ewz":8631,"dist_km":35.9,"city":false,"warm_m2":14.03,"own_value":true,"m2_median":70,"share_median":0.257,"m2_p25":53,"share_p25":0.338},"geometry":{"type":"Polygon","coordinates":[[[8.3465,49.8748],[8.3428,49.8844],[8.3436,49.8929],[8.347,49.8997],[8.349,49.9022],[8.3408,49.9034],[8.3191,49.8897],[8.2897,49.8785],[8.289,49.8687],[8.274,49.8657],[8.2767,49.8581],[8.2777,49.8582],[8.2799,49.8476],[8.2818,49.8477],[8.2827,49.844],[8.2898,49.8451],[8.2885,49.8471],[8.3202,49.857],[8.3296,49.8503],[8.3541,49.8576],[8.3591,49.8642],[8.3465,49.8748]]]}},{"type":"Feature","properties":{"ags":"07339049","name":"Oppenheim","ewz":7535,"dist_km":36.1,"city":false,"warm_m2":13.79,"own_value":true,"m2_median":71,"share_median":0.253,"m2_p25":54,"share_p25":0.333},"geometry":{"type":"Polygon","coordinates":[[[8.3782,49.8325],[8.3851,49.8482],[8.3843,49.8545],[8.38,49.859],[8.3727,49.8622],[8.3591,49.8642],[8.3541,49.8576],[8.3324,49.8516],[8.3345,49.8495],[8.3309,49.8491],[8.3307,49.845],[8.3338,49.8449],[8.3573,49.8445],[8.3782,49.8325]]]}},{"type":"Feature","properties":{"ags":"07339053","name":"Selzen","ewz":1526,"dist_km":39.6,"city":false,"warm_m2":13.3,"own_value":true,"m2_median":74,"share_median":0.243,"m2_p25":56,"share_p25":0.32},"geometry":{"type":"Polygon","coordinates":[[[8.2707,49.8698],[8.2472,49.8815],[8.2396,49.883],[8.2351,49.8782],[8.237,49.8642],[8.2502,49.8595],[8.2451,49.8583],[8.2433,49.8545],[8.2786,49.8525],[8.2753,49.8639],[8.2707,49.8698]]]}},{"type":"Feature","properties":{"ags":"07339059","name":"Uelversheim","ewz":1062,"dist_km":42.3,"city":false,"warm_m2":11.49,"own_value":true,"m2_median":86,"share_median":0.21,"m2_p25":65,"share_p25":0.276},"geometry":{"type":"MultiPolygon","coordinates":[[[[8.3154,49.8212],[8.3146,49.826],[8.3111,49.8257],[8.2891,49.8212],[8.2791,49.8155],[8.2683,49.8053],[8.2714,49.7974],[8.2904,49.803],[8.3068,49.8007],[8.3144,49.8025],[8.3154,49.8212]]],[[[8.3405,49.82],[8.336,49.8155],[8.3374,49.8117],[8.338,49.8127],[8.34,49.8125],[8.3405,49.82]]]]}},{"type":"Feature","properties":{"ags":"07339060","name":"Undenheim","ewz":3039,"dist_km":43.8,"city":false,"warm_m2":13.3,"own_value":true,"m2_median":74,"share_median":0.243,"m2_p25":56,"share_p25":0.319},"geometry":{"type":"Polygon","coordinates":[[[8.2129,49.8523],[8.2106,49.8504],[8.1893,49.8434],[8.1899,49.8385],[8.1908,49.835],[8.1971,49.8244],[8.1986,49.8216],[8.2279,49.8242],[8.2336,49.823],[8.2366,49.8278],[8.2461,49.8326],[8.2417,49.8372],[8.2487,49.8396],[8.2453,49.8415],[8.2432,49.8413],[8.2431,49.8426],[8.2379,49.843],[8.2386,49.8455],[8.236,49.8499],[8.2204,49.85],[8.2146,49.8501],[8.2129,49.8523]]]}},{"type":"Feature","properties":{"ags":"07339064","name":"Weinolsheim","ewz":737,"dist_km":43.5,"city":false,"warm_m2":10.86,"own_value":true,"m2_median":91,"share_median":0.198,"m2_p25":69,"share_p25":0.26},"geometry":{"type":"Polygon","coordinates":[[[8.2444,49.8216],[8.24,49.8279],[8.2473,49.8295],[8.2366,49.8278],[8.2323,49.8212],[8.2317,49.8158],[8.2335,49.8158],[8.2354,49.8133],[8.2382,49.8139],[8.2444,49.8082],[8.2683,49.8053],[8.2791,49.8155],[8.2767,49.8208],[8.2702,49.8289],[8.2648,49.8278],[8.2656,49.8267],[8.2444,49.8216]]]}},{"type":"Feature","properties":{"ags":"07339066","name":"Wintersheim","ewz":285,"dist_km":45.5,"city":false,"warm_m2":9.65,"own_value":false,"m2_median":102,"share_median":0.176,"m2_p25":78,"share_p25":0.231},"geometry":{"type":"Polygon","coordinates":[[[8.3095,49.7817],[8.3124,49.7832],[8.288,49.7878],[8.2785,49.7847],[8.2679,49.7797],[8.27,49.7749],[8.2794,49.7721],[8.2958,49.7727],[8.2959,49.7709],[8.3008,49.7708],[8.301,49.7727],[8.3095,49.7817]]]}},{"type":"Feature","properties":{"ags":"09661000","name":"Aschaffenburg","ewz":72918,"dist_km":37.1,"city":false,"warm_m2":14.28,"own_value":true,"m2_median":69,"share_median":0.262,"m2_p25":52,"share_p25":0.344},"geometry":{"type":"Polygon","coordinates":[[[9.1098,50.006],[9.1017,50.0139],[9.1029,50.0213],[9.0886,50.0133],[9.0801,50.0078],[9.0866,49.9973],[9.1133,49.9832],[9.1079,49.9747],[9.0931,49.9732],[9.0869,49.9745],[9.0844,49.9691],[9.0965,49.9581],[9.0837,49.9562],[9.0839,49.9517],[9.088,49.9458],[9.0914,49.9472],[9.1072,49.9309],[9.1142,49.9385],[9.1367,49.9296],[9.1442,49.9206],[9.162,49.9235],[9.1687,49.9317],[9.1809,49.9261],[9.2201,49.9359],[9.2341,49.9358],[9.2361,49.9344],[9.2378,49.9348],[9.2351,49.9378],[9.2114,49.9549],[9.186,49.9596],[9.1835,49.9677],[9.193,49.9792],[9.1877,49.9821],[9.1687,49.9891],[9.159,49.9964],[9.1591,49.9996],[9.1461,50.0003],[9.1312,50.005],[9.127,50.014],[9.1187,50.0128],[9.1166,50.009],[9.1098,50.006]]]}},{"type":"Feature","properties":{"ags":"09671111","name":"Alzenau","ewz":18787,"dist_km":29.4,"city":false,"warm_m2":14.25,"own_value":true,"m2_median":68,"share_median":0.263,"m2_p25":52,"share_p25":0.346},"geometry":{"type":"Polygon","coordinates":[[[9.1388,50.1173],[9.1202,50.1265],[9.1037,50.126],[9.0982,50.1264],[9.0893,50.1168],[9.0713,50.1194],[9.0653,50.117],[9.037,50.1144],[9.0255,50.0868],[9.0235,50.0696],[9.022,50.0567],[9.0261,50.0565],[9.0321,50.0495],[9.0405,50.0447],[9.0811,50.0426],[9.0944,50.0408],[9.1059,50.0461],[9.1018,50.0476],[9.1025,50.0542],[9.1126,50.0615],[9.1144,50.0744],[9.1228,50.0887],[9.1344,50.0945],[9.1398,50.0947],[9.1418,50.0928],[9.1464,50.095],[9.1434,50.097],[9.1564,50.112],[9.1388,50.1173]]]}},{"type":"Feature","properties":{"ags":"09671112","name":"Bessenbach","ewz":5609,"dist_km":45.1,"city":false,"warm_m2":12.58,"own_value":true,"m2_median":78,"share_median":0.229,"m2_p25":60,"share_p25":0.301},"geometry":{"type":"Polygon","coordinates":[[[9.2877,49.9941],[9.2795,50.0043],[9.2606,50.0051],[9.2548,50.0003],[9.244,49.9969],[9.2375,49.9855],[9.2389,49.9738],[9.2253,49.968],[9.2201,49.9652],[9.2314,49.9567],[9.236,49.9369],[9.2396,49.9327],[9.2475,49.9288],[9.2472,49.9269],[9.2571,49.9253],[9.2613,49.9283],[9.2692,49.9284],[9.2716,49.9356],[9.29,49.9432],[9.2973,49.9379],[9.3019,49.9442],[9.2921,49.962],[9.2852,49.9645],[9.2715,49.9761],[9.2777,49.9835],[9.294,49.9831],[9.2968,49.9865],[9.2885,49.9903],[9.2877,49.9941]]]}},{"type":"Feature","properties":{"ags":"09671114","name":"Karlstein a.Main","ewz":8125,"dist_km":24.8,"city":false,"warm_m2":13.35,"own_value":true,"m2_median":73,"share_median":0.247,"m2_p25":55,"share_p25":0.325},"geometry":{"type":"Polygon","coordinates":[[[9.0209,50.0613],[9.0007,50.0591],[8.9946,50.0601],[8.9878,50.0633],[8.9842,50.0581],[8.9766,50.0522],[8.9854,50.0417],[9.0134,50.0456],[9.0254,50.043],[9.0294,50.041],[9.0301,50.0266],[9.0557,50.0339],[9.069,50.031],[9.0959,50.0351],[9.0961,50.0389],[9.0811,50.0426],[9.0405,50.0447],[9.0321,50.0495],[9.0261,50.0565],[9.022,50.0567],[9.0209,50.0613]]]}},{"type":"Feature","properties":{"ags":"09671119","name":"Geiselbach","ewz":2138,"dist_km":38.4,"city":false,"warm_m2":11.99,"own_value":true,"m2_median":82,"share_median":0.22,"m2_p25":62,"share_p25":0.289},"geometry":{"type":"Polygon","coordinates":[[[9.2247,50.1398],[9.2161,50.1442],[9.2147,50.1467],[9.2115,50.1466],[9.2102,50.143],[9.1977,50.1407],[9.1833,50.1379],[9.1916,50.1275],[9.1746,50.1195],[9.175,50.1142],[9.1652,50.106],[9.1587,50.1001],[9.1693,50.0966],[9.1875,50.0973],[9.1933,50.1025],[9.1995,50.1034],[9.2219,50.1223],[9.2247,50.1398]]]}},{"type":"Feature","properties":{"ags":"09671120","name":"Glattbach","ewz":3420,"dist_km":36,"city":false,"warm_m2":14.59,"own_value":true,"m2_median":67,"share_median":0.268,"m2_p25":51,"share_p25":0.352},"geometry":{"type":"Polygon","coordinates":[[[9.1507,50.0198],[9.1418,50.0199],[9.1331,50.0155],[9.127,50.014],[9.1312,50.005],[9.1461,50.0003],[9.1591,49.9996],[9.1599,50.0015],[9.1507,50.0198]]]}},{"type":"Feature","properties":{"ags":"09671121","name":"Goldbach","ewz":10300,"dist_km":38.4,"city":false,"warm_m2":14.21,"own_value":true,"m2_median":69,"share_median":0.26,"m2_p25":53,"share_p25":0.342},"geometry":{"type":"Polygon","coordinates":[[[9.168,50.0266],[9.1521,50.0215],[9.1507,50.0198],[9.1599,50.0015],[9.159,49.9964],[9.1687,49.9891],[9.1877,49.9821],[9.1961,49.9959],[9.1971,50.0141],[9.1762,50.0276],[9.168,50.0266]]]}},{"type":"Feature","properties":{"ags":"09671122","name":"Großostheim","ewz":16388,"dist_km":36,"city":false,"warm_m2":13.49,"own_value":true,"m2_median":73,"share_median":0.248,"m2_p25":55,"share_p25":0.325},"geometry":{"type":"Polygon","coordinates":[[[9.0731,49.9542],[9.0654,49.9562],[9.0264,49.9551],[9.019,49.9471],[9.0323,49.9247],[9.0234,49.9101],[9.0356,49.8993],[9.0384,49.8762],[9.044,49.8726],[9.0501,49.8663],[9.0547,49.8656],[9.0667,49.8778],[9.0745,49.8819],[9.0894,49.8793],[9.0951,49.8743],[9.1001,49.8824],[9.0938,49.8912],[9.1094,49.9021],[9.1031,49.9161],[9.112,49.925],[9.0914,49.9472],[9.088,49.9458],[9.0839,49.9517],[9.0837,49.9562],[9.0731,49.9542]]]}},{"type":"Feature","properties":{"ags":"09671124","name":"Haibach","ewz":8628,"dist_km":42.7,"city":false,"warm_m2":14.39,"own_value":true,"m2_median":68,"share_median":0.263,"m2_p25":52,"share_p25":0.345},"geometry":{"type":"Polygon","coordinates":[[[9.2115,49.9771],[9.2024,49.9799],[9.193,49.9792],[9.1835,49.9677],[9.186,49.9596],[9.2114,49.9549],[9.2351,49.9378],[9.236,49.9369],[9.2314,49.9567],[9.2201,49.9652],[9.2223,49.9662],[9.2202,49.9675],[9.2196,49.9705],[9.2219,49.9742],[9.2167,49.9743],[9.2115,49.9771]]]}},{"type":"Feature","properties":{"ags":"09671130","name":"Hösbach","ewz":13323,"dist_km":41.1,"city":false,"warm_m2":13.2,"own_value":true,"m2_median":75,"share_median":0.241,"m2_p25":57,"share_p25":0.317},"geometry":{"type":"Polygon","coordinates":[[[9.2376,50.0484],[9.2281,50.056],[9.2267,50.052],[9.2078,50.052],[9.1772,50.0374],[9.1783,50.0366],[9.1738,50.0276],[9.1762,50.0276],[9.1971,50.0141],[9.1961,49.9959],[9.1877,49.9821],[9.193,49.9792],[9.2024,49.9799],[9.2115,49.9771],[9.2167,49.9743],[9.2219,49.9742],[9.2196,49.9705],[9.2202,49.9675],[9.2223,49.9662],[9.2253,49.968],[9.2389,49.9738],[9.2375,49.9855],[9.2341,50.0013],[9.2388,50.0084],[9.2326,50.0284],[9.2471,50.0345],[9.2525,50.0445],[9.2376,50.0484]]]}},{"type":"Feature","properties":{"ags":"09671133","name":"Johannesberg","ewz":3994,"dist_km":34.9,"city":false,"warm_m2":13.99,"own_value":true,"m2_median":70,"share_median":0.257,"m2_p25":53,"share_p25":0.338},"geometry":{"type":"Polygon","coordinates":[[[9.1059,50.0461],[9.0944,50.0408],[9.0961,50.0389],[9.0969,50.0309],[9.1018,50.0264],[9.1037,50.0241],[9.1017,50.0139],[9.1098,50.006],[9.1166,50.009],[9.1187,50.0128],[9.1331,50.0155],[9.1418,50.0199],[9.1521,50.0215],[9.168,50.0266],[9.1738,50.0276],[9.1783,50.0366],[9.1753,50.0384],[9.1455,50.0422],[9.1372,50.0387],[9.1274,50.0351],[9.1233,50.0427],[9.1059,50.0461]]]}},{"type":"Feature","properties":{"ags":"09671134","name":"Kahl a.Main","ewz":8403,"dist_km":25.2,"city":false,"warm_m2":15.14,"own_value":true,"m2_median":64,"share_median":0.28,"m2_p25":49,"share_p25":0.368},"geometry":{"type":"Polygon","coordinates":[[[9.0209,50.0613],[9.0235,50.0696],[9.0255,50.0868],[9.037,50.1144],[9.0301,50.1127],[9.0183,50.1116],[9.0043,50.097],[9.0001,50.0947],[8.9993,50.0694],[8.9906,50.0671],[8.9878,50.0633],[8.9946,50.0601],[9.0007,50.0591],[9.0209,50.0613]]]}},{"type":"Feature","properties":{"ags":"09671136","name":"Kleinostheim","ewz":8431,"dist_km":30,"city":false,"warm_m2":13.96,"own_value":true,"m2_median":70,"share_median":0.257,"m2_p25":53,"share_p25":0.338},"geometry":{"type":"Polygon","coordinates":[[[9.0959,50.0351],[9.069,50.031],[9.0557,50.0339],[9.0301,50.0266],[9.0303,50.0233],[9.0319,50.0187],[9.0381,50.0116],[9.0576,50.0015],[9.0649,49.9881],[9.0868,49.9937],[9.0797,50.0059],[9.0691,50.0111],[9.1018,50.0264],[9.0969,50.0309],[9.0959,50.0351]]]}},{"type":"Feature","properties":{"ags":"09671139","name":"Laufach","ewz":5308,"dist_km":46.7,"city":false,"warm_m2":12.55,"own_value":true,"m2_median":79,"share_median":0.229,"m2_p25":60,"share_p25":0.3},"geometry":{"type":"MultiPolygon","coordinates":[[[[9.31,50.0272],[9.3119,50.0323],[9.2866,50.0266],[9.2859,50.0277],[9.2765,50.0202],[9.2578,50.0158],[9.2511,50.0047],[9.2606,50.0051],[9.2795,50.0043],[9.2877,49.9941],[9.291,49.9932],[9.2899,50.0016],[9.3083,50.0058],[9.3374,50.007],[9.3469,50.0168],[9.3299,50.0232],[9.3362,50.0267],[9.3212,50.0227],[9.31,50.0272]]],[[[9.3022,50.0337],[9.3046,50.0361],[9.2986,50.0338],[9.3014,50.0331],[9.3022,50.0337]]]]}},{"type":"Feature","properties":{"ags":"09671140","name":"Mainaschaff","ewz":9112,"dist_km":32.3,"city":false,"warm_m2":14.02,"own_value":true,"m2_median":70,"share_median":0.258,"m2_p25":53,"share_p25":0.339},"geometry":{"type":"Polygon","coordinates":[[[9.1079,49.9747],[9.1133,49.9832],[9.0866,49.9973],[9.0801,50.0078],[9.0886,50.0133],[9.1029,50.0213],[9.1037,50.0241],[9.1018,50.0264],[9.0691,50.0111],[9.0797,50.0059],[9.0868,49.9937],[9.0649,49.9881],[9.0653,49.984],[9.0734,49.9779],[9.0918,49.9733],[9.1042,49.9738],[9.1079,49.9747]]]}},{"type":"Feature","properties":{"ags":"09671143","name":"Mömbris","ewz":11564,"dist_km":34.8,"city":false,"warm_m2":12.37,"own_value":true,"m2_median":79,"share_median":0.227,"m2_p25":60,"share_p25":0.299},"geometry":{"type":"Polygon","coordinates":[[[9.1693,50.0966],[9.1625,50.0982],[9.1489,50.0927],[9.1464,50.095],[9.1418,50.0928],[9.1398,50.0947],[9.1344,50.0945],[9.1228,50.0887],[9.1144,50.0744],[9.1126,50.0615],[9.1025,50.0542],[9.1018,50.0476],[9.1059,50.0461],[9.1233,50.0427],[9.1274,50.0351],[9.1372,50.0387],[9.1455,50.0422],[9.1753,50.0384],[9.1772,50.0374],[9.2078,50.052],[9.2165,50.0522],[9.2172,50.0681],[9.2081,50.0693],[9.1987,50.0702],[9.1869,50.06],[9.1766,50.0657],[9.1832,50.0739],[9.1875,50.0973],[9.1693,50.0966]]]}},{"type":"Feature","properties":{"ags":"09671150","name":"Sailauf","ewz":3565,"dist_km":43.6,"city":false,"warm_m2":12.24,"own_value":true,"m2_median":81,"share_median":0.223,"m2_p25":61,"share_p25":0.293},"geometry":{"type":"Polygon","coordinates":[[[9.2521,50.0542],[9.257,50.0573],[9.2568,50.0583],[9.25,50.0609],[9.2448,50.0561],[9.2376,50.0484],[9.2525,50.0445],[9.2471,50.0345],[9.2326,50.0284],[9.2388,50.0084],[9.244,49.9969],[9.2548,50.0003],[9.2511,50.0047],[9.2578,50.0158],[9.2765,50.0202],[9.2859,50.0277],[9.2848,50.0299],[9.2851,50.0374],[9.2773,50.0369],[9.2724,50.0381],[9.2659,50.0531],[9.2521,50.0542]]]}},{"type":"Feature","properties":{"ags":"09671155","name":"Stockstadt a.Main","ewz":8203,"dist_km":30.7,"city":false,"warm_m2":14.27,"own_value":true,"m2_median":68,"share_median":0.263,"m2_p25":52,"share_p25":0.346},"geometry":{"type":"Polygon","coordinates":[[[9.0653,49.984],[9.0576,50.0015],[9.0398,50.0104],[9.0361,50.0082],[9.0432,49.9983],[9.0461,49.99],[9.0173,49.9941],[9.0157,49.989],[9.0264,49.9551],[9.0654,49.9562],[9.0731,49.9542],[9.0837,49.9562],[9.0965,49.9581],[9.0844,49.9691],[9.0869,49.9745],[9.0734,49.9779],[9.0653,49.984]]]}},{"type":"Feature","properties":{"ags":"09671113","name":"Blankenbach","ewz":1528,"dist_km":40.9,"city":false,"warm_m2":11.09,"own_value":true,"m2_median":89,"share_median":0.203,"m2_p25":68,"share_p25":0.266},"geometry":{"type":"Polygon","coordinates":[[[9.229,50.0779],[9.225,50.0757],[9.2225,50.0722],[9.2142,50.0685],[9.2172,50.0681],[9.2165,50.0522],[9.2267,50.052],[9.2281,50.056],[9.2448,50.0561],[9.25,50.0609],[9.235,50.0697],[9.2397,50.0762],[9.2288,50.0765],[9.229,50.0779]]]}},{"type":"Feature","properties":{"ags":"09671135","name":"Kleinkahl","ewz":1883,"dist_km":44.5,"city":false,"warm_m2":11.19,"own_value":true,"m2_median":88,"share_median":0.204,"m2_p25":67,"share_p25":0.268},"geometry":{"type":"Polygon","coordinates":[[[9.3076,50.1334],[9.2859,50.1417],[9.2739,50.1427],[9.2785,50.1304],[9.2744,50.1199],[9.2521,50.1021],[9.2676,50.0942],[9.2759,50.0921],[9.2862,50.0871],[9.279,50.0959],[9.3064,50.1075],[9.3086,50.1203],[9.3131,50.1195],[9.3165,50.1165],[9.3142,50.1201],[9.3109,50.1244],[9.3212,50.1393],[9.3154,50.1356],[9.3076,50.1334]]]}},{"type":"Feature","properties":{"ags":"09671138","name":"Krombach","ewz":2121,"dist_km":38.8,"city":false,"warm_m2":12.34,"own_value":true,"m2_median":80,"share_median":0.226,"m2_p25":61,"share_p25":0.297},"geometry":{"type":"Polygon","coordinates":[[[9.2152,50.1024],[9.1933,50.1025],[9.1875,50.0973],[9.1832,50.0739],[9.1766,50.0657],[9.1869,50.06],[9.1987,50.0702],[9.2081,50.0693],[9.2142,50.0685],[9.2225,50.0722],[9.225,50.0757],[9.229,50.0779],[9.2284,50.0806],[9.2166,50.0909],[9.2152,50.1024]]]}},{"type":"Feature","properties":{"ags":"09671152","name":"Schöllkrippen","ewz":4338,"dist_km":41.1,"city":false,"warm_m2":12.17,"own_value":true,"m2_median":81,"share_median":0.223,"m2_p25":62,"share_p25":0.292},"geometry":{"type":"Polygon","coordinates":[[[9.2314,50.1064],[9.2219,50.1223],[9.1995,50.1034],[9.2152,50.1024],[9.2166,50.0909],[9.2284,50.0806],[9.2288,50.0765],[9.2397,50.0762],[9.2431,50.0788],[9.2489,50.0753],[9.2591,50.075],[9.2694,50.0758],[9.2789,50.0835],[9.2668,50.0869],[9.2669,50.0901],[9.2772,50.0913],[9.2676,50.0942],[9.2521,50.1021],[9.2351,50.1023],[9.2314,50.1064]]]}},{"type":"Feature","properties":{"ags":"09671153","name":"Sommerkahl","ewz":1307,"dist_km":43,"city":false,"warm_m2":11.11,"own_value":true,"m2_median":89,"share_median":0.203,"m2_p25":68,"share_p25":0.266},"geometry":{"type":"Polygon","coordinates":[[[9.2489,50.0753],[9.2431,50.0788],[9.235,50.0697],[9.25,50.0609],[9.2568,50.0583],[9.2578,50.0598],[9.2658,50.0614],[9.2666,50.0644],[9.3008,50.058],[9.3042,50.0571],[9.3013,50.0592],[9.3023,50.0611],[9.3083,50.064],[9.3056,50.0657],[9.3016,50.0629],[9.2963,50.065],[9.2954,50.0684],[9.2826,50.0673],[9.2694,50.0758],[9.2591,50.075],[9.2489,50.0753]]]}},{"type":"Feature","properties":{"ags":"09671159","name":"Westerngrund","ewz":1990,"dist_km":42,"city":false,"warm_m2":10.96,"own_value":true,"m2_median":90,"share_median":0.2,"m2_p25":68,"share_p25":0.263},"geometry":{"type":"Polygon","coordinates":[[[9.236,50.1463],[9.2219,50.1494],[9.219,50.1468],[9.2147,50.1467],[9.2161,50.1442],[9.2247,50.1398],[9.2219,50.1223],[9.2314,50.1064],[9.2351,50.1023],[9.2521,50.1021],[9.2744,50.1199],[9.2785,50.1304],[9.2739,50.1427],[9.2604,50.1385],[9.236,50.1463]]]}},{"type":"Feature","properties":{"ags":"09671458","name":"Sailaufer Forst","ewz":0,"dist_km":45.9,"city":false},"geometry":{"type":"Polygon","coordinates":[[[9.3008,50.058],[9.2666,50.0644],[9.2658,50.0614],[9.2578,50.0598],[9.257,50.0573],[9.2521,50.0542],[9.2659,50.0531],[9.2724,50.0381],[9.2773,50.0369],[9.2851,50.0374],[9.2848,50.0299],[9.2866,50.0266],[9.3119,50.0323],[9.31,50.0272],[9.3212,50.0227],[9.3362,50.0267],[9.3471,50.0313],[9.345,50.0336],[9.3362,50.0385],[9.3126,50.055],[9.3008,50.058]],[[9.3046,50.0361],[9.3022,50.0337],[9.3014,50.0331],[9.2986,50.0338],[9.3046,50.0361]]]}},{"type":"Feature","properties":{"ags":"09671459","name":"Schöllkrippener Forst","ewz":0,"dist_km":46.3,"city":false},"geometry":{"type":"Polygon","coordinates":[[[9.3165,50.1165],[9.3131,50.1195],[9.3086,50.1203],[9.3064,50.1075],[9.279,50.0959],[9.2862,50.0871],[9.2772,50.0913],[9.2669,50.0901],[9.2668,50.0869],[9.2789,50.0835],[9.2694,50.0758],[9.2826,50.0673],[9.2954,50.0684],[9.2963,50.065],[9.3016,50.0629],[9.3056,50.0657],[9.3083,50.064],[9.3023,50.0611],[9.3013,50.0592],[9.3042,50.0571],[9.3126,50.055],[9.3199,50.072],[9.322,50.0713],[9.328,50.0766],[9.3313,50.0821],[9.3382,50.0863],[9.33,50.0903],[9.3283,50.1084],[9.3174,50.1145],[9.3165,50.1165]]]}},{"type":"Feature","properties":{"ags":"09676121","name":"Elsenfeld","ewz":9370,"dist_km":49.7,"city":false,"warm_m2":14.04,"own_value":true,"m2_median":71,"share_median":0.255,"m2_p25":54,"share_p25":0.335},"geometry":{"type":"Polygon","coordinates":[[[9.2588,49.8528],[9.2454,49.8594],[9.2523,49.862],[9.2453,49.8658],[9.2401,49.8645],[9.2375,49.8558],[9.2287,49.8527],[9.213,49.8459],[9.1795,49.8541],[9.1581,49.8617],[9.1538,49.8459],[9.1465,49.8328],[9.154,49.8283],[9.1606,49.8271],[9.1736,49.8362],[9.1849,49.836],[9.1985,49.8286],[9.1873,49.8155],[9.1878,49.813],[9.1838,49.8117],[9.19,49.8105],[9.2154,49.8134],[9.2254,49.8077],[9.2219,49.8046],[9.2252,49.8054],[9.2329,49.8044],[9.2451,49.8049],[9.2461,49.8094],[9.2324,49.8246],[9.2386,49.8402],[9.2592,49.8517],[9.2588,49.8528]]]}},{"type":"Feature","properties":{"ags":"09676126","name":"Großwallstadt","ewz":4097,"dist_km":42.8,"city":false,"warm_m2":13.3,"own_value":true,"m2_median":74,"share_median":0.243,"m2_p25":56,"share_p25":0.319},"geometry":{"type":"Polygon","coordinates":[[[9.1486,49.8928],[9.1453,49.8953],[9.1299,49.8927],[9.1227,49.8847],[9.1134,49.8805],[9.1045,49.8749],[9.1076,49.8661],[9.1192,49.8604],[9.1176,49.858],[9.1307,49.8541],[9.1558,49.8541],[9.1632,49.88],[9.1632,49.8867],[9.161,49.8898],[9.1531,49.8944],[9.1486,49.8928]]]}},{"type":"Feature","properties":{"ags":"09676136","name":"Leidersbach","ewz":4743,"dist_km":47.2,"city":false,"warm_m2":12,"own_value":true,"m2_median":82,"share_median":0.218,"m2_p25":63,"share_p25":0.287},"geometry":{"type":"Polygon","coordinates":[[[9.2319,49.9084],[9.2154,49.9178],[9.1912,49.9119],[9.1916,49.8987],[9.1937,49.889],[9.2034,49.8903],[9.2204,49.8888],[9.2325,49.883],[9.2486,49.8672],[9.2599,49.8705],[9.272,49.8921],[9.2809,49.9006],[9.2541,49.8985],[9.2556,49.9118],[9.2475,49.9175],[9.2479,49.9196],[9.2457,49.9155],[9.2319,49.9084]]]}},{"type":"Feature","properties":{"ags":"09676140","name":"Mömlingen","ewz":4932,"dist_km":40.8,"city":false,"warm_m2":12.41,"own_value":true,"m2_median":79,"share_median":0.227,"m2_p25":60,"share_p25":0.298},"geometry":{"type":"Polygon","coordinates":[[[9.0745,49.8819],[9.0667,49.8778],[9.0547,49.8656],[9.0461,49.8665],[9.0435,49.8679],[9.0333,49.8665],[9.0338,49.8604],[9.0437,49.8555],[9.0431,49.8503],[9.0408,49.8475],[9.0361,49.8465],[9.0377,49.8426],[9.0548,49.843],[9.064,49.8318],[9.0847,49.8475],[9.09,49.8458],[9.116,49.8533],[9.1173,49.8585],[9.1192,49.8604],[9.1076,49.8661],[9.1045,49.8749],[9.0987,49.8746],[9.093,49.874],[9.0894,49.8793],[9.0745,49.8819]]]}},{"type":"Feature","properties":{"ags":"09676144","name":"Niedernberg","ewz":4848,"dist_km":39.8,"city":false,"warm_m2":14,"own_value":true,"m2_median":70,"share_median":0.256,"m2_p25":53,"share_p25":0.337},"geometry":{"type":"Polygon","coordinates":[[[9.1442,49.9206],[9.1367,49.9296],[9.1142,49.9385],[9.1072,49.9309],[9.112,49.925],[9.1031,49.9161],[9.1094,49.9021],[9.0938,49.8912],[9.1001,49.8824],[9.0951,49.8743],[9.0987,49.8746],[9.1045,49.8749],[9.1134,49.8805],[9.1227,49.8847],[9.1299,49.8927],[9.1453,49.8953],[9.1486,49.8928],[9.1531,49.8944],[9.1473,49.8981],[9.1431,49.9033],[9.1439,49.9142],[9.1442,49.9206]]]}},{"type":"Feature","properties":{"ags":"09676145","name":"Obernburg a.Main","ewz":8884,"dist_km":45,"city":false,"warm_m2":13.43,"own_value":true,"m2_median":74,"share_median":0.245,"m2_p25":56,"share_p25":0.321},"geometry":{"type":"Polygon","coordinates":[[[9.1558,49.8541],[9.1307,49.8541],[9.1176,49.858],[9.116,49.8533],[9.09,49.8458],[9.0847,49.8475],[9.081,49.8383],[9.0867,49.8264],[9.077,49.8182],[9.0873,49.7987],[9.0942,49.7901],[9.1158,49.8039],[9.1359,49.8109],[9.1385,49.8225],[9.151,49.8402],[9.1558,49.8541]]]}},{"type":"Feature","properties":{"ags":"09676160","name":"Sulzbach a.Main","ewz":7506,"dist_km":42.3,"city":false,"warm_m2":13.81,"own_value":true,"m2_median":71,"share_median":0.252,"m2_p25":54,"share_p25":0.331},"geometry":{"type":"Polygon","coordinates":[[[9.2378,49.9348],[9.2361,49.9344],[9.2341,49.9358],[9.2201,49.9359],[9.1809,49.9261],[9.1687,49.9317],[9.162,49.9235],[9.1442,49.9206],[9.1439,49.9142],[9.1429,49.9043],[9.1485,49.897],[9.1591,49.8911],[9.1783,49.897],[9.186,49.891],[9.1935,49.8921],[9.1916,49.8987],[9.1912,49.9119],[9.2154,49.9178],[9.2319,49.9084],[9.2457,49.9155],[9.2479,49.9196],[9.2499,49.9215],[9.2472,49.9241],[9.2475,49.9288],[9.2396,49.9327],[9.2378,49.9348]]]}},{"type":"Feature","properties":{"ags":"09676133","name":"Kleinwallstadt","ewz":5708,"dist_km":45.2,"city":false,"warm_m2":13.02,"own_value":true,"m2_median":76,"share_median":0.237,"m2_p25":58,"share_p25":0.312},"geometry":{"type":"Polygon","coordinates":[[[9.186,49.891],[9.1783,49.897],[9.1591,49.8911],[9.1624,49.8884],[9.1636,49.8823],[9.1581,49.8617],[9.1795,49.8541],[9.213,49.8459],[9.2287,49.8527],[9.2321,49.8537],[9.2306,49.8566],[9.2304,49.8621],[9.2091,49.8637],[9.2029,49.8637],[9.199,49.8678],[9.201,49.8847],[9.1939,49.8881],[9.1935,49.8921],[9.186,49.891]]]}}]}