{"type":"FeatureCollection","meta":{"city":"Hamburg","station":[10.0065,53.553],"radius_km":45,"wage":{"median":4527,"p25":3347},"net":{"median":2882,"p25":2246},"share":0.3,"flat_m2":60,"stops":{"0":{"flats":256901,"rent_zensus":10.3,"rent_recent":10.88,"rent_asking":14.68,"rent_old_method":16.51,"small_premium":0.992,"nk_cold":1.6,"nk_warm":1.3,"dist_km":3.5,"rent":17.46,"rent_prev":17.98,"personas":{"median":{"net":2882,"cost":1048,"share":0.364,"share_ticket":0.384,"m2":50,"share_prev":0.374,"m2_old":84},"p25":{"net":2246,"cost":1048,"share":0.466,"share_ticket":0.492,"m2":39,"share_prev":0.48,"m2_old":65}}},"10":{"flats":479951,"rent_zensus":8.55,"rent_recent":10.8,"rent_asking":14.57,"rent_old_method":13.63,"small_premium":1.003,"nk_cold":1.58,"nk_warm":1.29,"dist_km":9.5,"rent":17.48,"rent_prev":15.25,"personas":{"median":{"net":2882,"cost":1049,"share":0.364,"share_ticket":0.384,"m2":49,"share_prev":0.318,"m2_old":101},"p25":{"net":2246,"cost":1049,"share":0.467,"share_ticket":0.493,"m2":39,"share_prev":0.407,"m2_old":79}}},"20":{"flats":133188,"rent_zensus":8.72,"rent_recent":9.92,"rent_asking":13.15,"rent_old_method":13.07,"small_premium":1.031,"nk_cold":1.32,"nk_warm":1.18,"dist_km":18.9,"rent":16.06,"rent_prev":14.8,"personas":{"median":{"net":2882,"cost":963,"share":0.334,"share_ticket":0.354,"m2":54,"share_prev":0.308,"m2_old":99},"p25":{"net":2246,"cost":963,"share":0.429,"share_ticket":0.455,"m2":42,"share_prev":0.395,"m2_old":77}}},"30":{"flats":98119,"rent_zensus":7.82,"rent_recent":8.74,"rent_asking":11.49,"rent_old_method":11.48,"small_premium":1.056,"nk_cold":1.24,"nk_warm":1.14,"dist_km":29.2,"rent":14.51,"rent_prev":13.36,"personas":{"median":{"net":2905,"cost":871,"share":0.3,"share_ticket":0.32,"m2":60,"share_prev":0.276,"m2_old":111},"p25":{"net":2267,"cost":871,"share":0.384,"share_ticket":0.41,"m2":47,"share_prev":0.354,"m2_old":86}}},"40":{"flats":81915,"rent_zensus":7.54,"rent_recent":8.35,"rent_asking":10.76,"rent_old_method":10.86,"small_premium":1.071,"nk_cold":1.16,"nk_warm":1.06,"dist_km":40.3,"rent":13.74,"rent_prev":12.79,"personas":{"median":{"net":2930,"cost":825,"share":0.281,"share_ticket":0.301,"m2":64,"share_prev":0.262,"m2_old":115},"p25":{"net":2288,"cost":825,"share":0.36,"share_ticket":0.386,"m2":50,"share_prev":0.335,"m2_old":89}}}}},"features":[{"type":"Feature","properties":{"ags":"01053032","name":"Geesthacht","ewz":32763,"dist_km":28.2,"city":false,"warm_m2":13.86,"own_value":true,"m2_median":63,"share_median":0.286,"m2_p25":49,"share_p25":0.367},"geometry":{"type":"Polygon","coordinates":[[[10.3914,53.4598],[10.3821,53.4607],[10.3679,53.4576],[10.3498,53.4605],[10.3474,53.4584],[10.3384,53.46],[10.3383,53.4577],[10.3478,53.4531],[10.3324,53.4533],[10.3274,53.4492],[10.326,53.4496],[10.3155,53.4411],[10.3182,53.4353],[10.308,53.4332],[10.3146,53.4322],[10.3308,53.425],[10.365,53.4263],[10.3754,53.4248],[10.3979,53.4115],[10.4299,53.3982],[10.4324,53.4009],[10.432,53.4031],[10.4516,53.4033],[10.4663,53.4084],[10.4663,53.4124],[10.4521,53.4261],[10.4429,53.4293],[10.4257,53.4388],[10.4146,53.4332],[10.4079,53.4352],[10.4022,53.455],[10.3931,53.4564],[10.3914,53.4598]]]}},{"type":"Feature","properties":{"ags":"01053083","name":"Lauenburg/Elbe","ewz":11999,"dist_km":41.3,"city":false,"warm_m2":12.24,"own_value":true,"m2_median":72,"share_median":0.25,"m2_p25":56,"share_p25":0.321},"geometry":{"type":"Polygon","coordinates":[[[10.545,53.391],[10.5211,53.3928],[10.5217,53.387],[10.5169,53.3792],[10.5173,53.371],[10.5552,53.3687],[10.5589,53.3677],[10.5718,53.3608],[10.5801,53.3598],[10.5875,53.3612],[10.5828,53.3679],[10.5852,53.3817],[10.5689,53.3766],[10.555,53.3896],[10.545,53.391]]]}},{"type":"Feature","properties":{"ags":"01053090","name":"Mölln","ewz":19566,"dist_km":46,"city":false,"warm_m2":12.16,"own_value":true,"m2_median":73,"share_median":0.248,"m2_p25":57,"share_p25":0.317},"geometry":{"type":"Polygon","coordinates":[[[10.7485,53.6318],[10.7178,53.6431],[10.7132,53.6487],[10.7139,53.6531],[10.7098,53.6546],[10.7023,53.6471],[10.6928,53.6458],[10.6724,53.6427],[10.6621,53.641],[10.6469,53.6494],[10.65,53.6448],[10.6688,53.6312],[10.674,53.6273],[10.6747,53.6254],[10.6729,53.6141],[10.6665,53.6035],[10.6664,53.5879],[10.6771,53.5896],[10.6996,53.5906],[10.7126,53.5752],[10.7197,53.5799],[10.7217,53.5856],[10.7135,53.5911],[10.7128,53.5936],[10.7097,53.6006],[10.7143,53.6026],[10.7138,53.6065],[10.7132,53.6152],[10.7549,53.6237],[10.7491,53.6289],[10.7485,53.6318]]]}},{"type":"Feature","properties":{"ags":"01053116","name":"Schwarzenbek","ewz":17370,"dist_km":31.9,"city":false,"warm_m2":13.45,"own_value":true,"m2_median":65,"share_median":0.277,"m2_p25":51,"share_p25":0.355},"geometry":{"type":"Polygon","coordinates":[[[10.4971,53.5189],[10.4682,53.5166],[10.4449,53.51],[10.4476,53.5072],[10.4482,53.5035],[10.4573,53.4893],[10.4561,53.486],[10.458,53.4851],[10.4804,53.4835],[10.4826,53.4841],[10.4909,53.4826],[10.494,53.4852],[10.4917,53.4857],[10.4916,53.4885],[10.4973,53.4947],[10.5124,53.5014],[10.4971,53.5189]]]}},{"type":"Feature","properties":{"ags":"01053129","name":"Wentorf bei Hamburg","ewz":13493,"dist_km":18,"city":false,"warm_m2":15.25,"own_value":true,"m2_median":57,"share_median":0.318,"m2_p25":44,"share_p25":0.407},"geometry":{"type":"Polygon","coordinates":[[[10.2709,53.5059],[10.2683,53.509],[10.2673,53.5066],[10.2476,53.5088],[10.2414,53.4999],[10.239,53.4969],[10.2367,53.4964],[10.2351,53.4909],[10.2384,53.4833],[10.2493,53.4795],[10.2695,53.4851],[10.2875,53.4964],[10.2709,53.5059]]]}},{"type":"Feature","properties":{"ags":"01053008","name":"Behlendorf","ewz":404,"dist_km":46.1,"city":false,"warm_m2":10.07,"own_value":true,"m2_median":88,"share_median":0.205,"m2_p25":69,"share_p25":0.263},"geometry":{"type":"Polygon","coordinates":[[[10.6757,53.7216],[10.6647,53.7238],[10.6444,53.715],[10.6457,53.7107],[10.645,53.7084],[10.6318,53.701],[10.6301,53.6947],[10.6362,53.6944],[10.6669,53.6857],[10.6811,53.6777],[10.6889,53.6925],[10.6882,53.6983],[10.681,53.7009],[10.6657,53.7083],[10.676,53.7163],[10.6769,53.7231],[10.6757,53.7216]]]}},{"type":"Feature","properties":{"ags":"01053011","name":"Bliestorf","ewz":649,"dist_km":45.4,"city":false,"warm_m2":11.99,"own_value":true,"m2_median":74,"share_median":0.245,"m2_p25":58,"share_p25":0.313},"geometry":{"type":"Polygon","coordinates":[[[10.6042,53.7756],[10.5863,53.7896],[10.591,53.7911],[10.5538,53.7794],[10.5603,53.7754],[10.5521,53.7655],[10.5518,53.7622],[10.564,53.7605],[10.5873,53.7546],[10.5982,53.755],[10.6066,53.7677],[10.6194,53.769],[10.6271,53.7693],[10.631,53.7688],[10.6336,53.7669],[10.6319,53.7692],[10.6211,53.7725],[10.6133,53.7722],[10.6042,53.7756]]]}},{"type":"Feature","properties":{"ags":"01053024","name":"Düchelsdorf","ewz":160,"dist_km":42.6,"city":false,"warm_m2":12.86,"own_value":true,"m2_median":68,"share_median":0.263,"m2_p25":53,"share_p25":0.337},"geometry":{"type":"Polygon","coordinates":[[[10.5813,53.7239],[10.5929,53.7351],[10.5843,53.7402],[10.5722,53.7449],[10.5598,53.728],[10.5813,53.7239]]]}},{"type":"Feature","properties":{"ags":"01053034","name":"Göldenitz","ewz":233,"dist_km":44.8,"city":false,"warm_m2":13.08,"own_value":true,"m2_median":67,"share_median":0.267,"m2_p25":53,"share_p25":0.342},"geometry":{"type":"Polygon","coordinates":[[[10.6234,53.7335],[10.6198,53.7347],[10.6166,53.7309],[10.6057,53.7227],[10.598,53.7192],[10.6089,53.7126],[10.6257,53.7127],[10.645,53.7084],[10.6457,53.7107],[10.6422,53.7217],[10.6234,53.7335]]]}},{"type":"Feature","properties":{"ags":"01053061","name":"Kastorf","ewz":1207,"dist_km":42.5,"city":false,"warm_m2":11.48,"own_value":true,"m2_median":77,"share_median":0.235,"m2_p25":60,"share_p25":0.3},"geometry":{"type":"Polygon","coordinates":[[[10.564,53.7605],[10.5518,53.7622],[10.5409,53.7447],[10.5459,53.7338],[10.5598,53.728],[10.5722,53.7449],[10.5829,53.7415],[10.5814,53.7454],[10.5829,53.7492],[10.5856,53.7491],[10.5873,53.7546],[10.564,53.7605]]]}},{"type":"Feature","properties":{"ags":"01053094","name":"Niendorf bei Berkenthin","ewz":187,"dist_km":44,"city":false,"warm_m2":9.38,"own_value":false,"m2_median":94,"share_median":0.192,"m2_p25":73,"share_p25":0.245},"geometry":{"type":"Polygon","coordinates":[[[10.645,53.7084],[10.6257,53.7127],[10.6089,53.7126],[10.6018,53.7011],[10.6005,53.6998],[10.6176,53.6968],[10.6304,53.6916],[10.6301,53.697],[10.6318,53.701],[10.645,53.7084]]]}},{"type":"Feature","properties":{"ags":"01053103","name":"Rondeshagen","ewz":802,"dist_km":46.1,"city":false,"warm_m2":10.18,"own_value":true,"m2_median":87,"share_median":0.208,"m2_p25":68,"share_p25":0.266},"geometry":{"type":"Polygon","coordinates":[[[10.6271,53.7693],[10.6194,53.769],[10.6066,53.7677],[10.5982,53.755],[10.5873,53.7546],[10.5898,53.7451],[10.6075,53.7399],[10.6129,53.7364],[10.6198,53.7418],[10.6391,53.7393],[10.6463,53.7499],[10.6454,53.7571],[10.6406,53.7619],[10.6392,53.7681],[10.6319,53.7692],[10.6336,53.7669],[10.631,53.7688],[10.6271,53.7693]]]}},{"type":"Feature","properties":{"ags":"01053120","name":"Sierksrade","ewz":440,"dist_km":44.3,"city":false,"warm_m2":11.81,"own_value":true,"m2_median":75,"share_median":0.241,"m2_p25":58,"share_p25":0.309},"geometry":{"type":"Polygon","coordinates":[[[10.5898,53.7451],[10.5856,53.7491],[10.5829,53.7492],[10.5814,53.7454],[10.5829,53.7415],[10.5843,53.7402],[10.5929,53.7351],[10.5813,53.7239],[10.5891,53.7169],[10.598,53.7192],[10.6057,53.7227],[10.6166,53.7309],[10.6198,53.7347],[10.6168,53.7359],[10.6145,53.7352],[10.6075,53.7399],[10.5898,53.7451]]]}},{"type":"Feature","properties":{"ags":"01053002","name":"Alt-Mölln","ewz":818,"dist_km":43.8,"city":false,"warm_m2":11.38,"own_value":true,"m2_median":77,"share_median":0.232,"m2_p25":61,"share_p25":0.297},"geometry":{"type":"Polygon","coordinates":[[[10.674,53.6273],[10.6688,53.6312],[10.65,53.6448],[10.6469,53.6494],[10.6482,53.6359],[10.6525,53.6305],[10.65,53.6265],[10.6447,53.6266],[10.6399,53.6147],[10.6665,53.6022],[10.6669,53.6048],[10.673,53.6145],[10.674,53.6273]]]}},{"type":"Feature","properties":{"ags":"01053005","name":"Bälau","ewz":220,"dist_km":41,"city":false,"warm_m2":8.22,"own_value":false,"m2_median":107,"share_median":0.168,"m2_p25":84,"share_p25":0.215},"geometry":{"type":"Polygon","coordinates":[[[10.6122,53.628],[10.604,53.6308],[10.5992,53.6296],[10.5955,53.6294],[10.5878,53.6233],[10.5854,53.6178],[10.5815,53.6185],[10.5812,53.6112],[10.6017,53.6094],[10.6276,53.6155],[10.6399,53.6147],[10.6447,53.6266],[10.6363,53.6286],[10.6122,53.628]]]}},{"type":"Feature","properties":{"ags":"01053013","name":"Borstorf","ewz":307,"dist_km":36.6,"city":false,"warm_m2":13.92,"own_value":true,"m2_median":63,"share_median":0.286,"m2_p25":49,"share_p25":0.366},"geometry":{"type":"Polygon","coordinates":[[[10.5678,53.622],[10.5594,53.6261],[10.5507,53.6205],[10.539,53.6164],[10.5267,53.6148],[10.5266,53.6133],[10.5261,53.6027],[10.5208,53.5987],[10.535,53.5959],[10.5486,53.6001],[10.5565,53.5976],[10.5678,53.5936],[10.5734,53.5951],[10.5665,53.5989],[10.5812,53.6112],[10.5815,53.6185],[10.5678,53.622]]]}},{"type":"Feature","properties":{"ags":"01053014","name":"Breitenfelde","ewz":2100,"dist_km":41.9,"city":false,"warm_m2":11.68,"own_value":true,"m2_median":75,"share_median":0.239,"m2_p25":59,"share_p25":0.306},"geometry":{"type":"Polygon","coordinates":[[[10.6665,53.6022],[10.6399,53.6147],[10.6276,53.6155],[10.6017,53.6094],[10.5812,53.6112],[10.5665,53.5989],[10.5734,53.5951],[10.5743,53.5936],[10.5937,53.6037],[10.602,53.6014],[10.6064,53.5962],[10.6284,53.585],[10.6477,53.5875],[10.6664,53.5879],[10.6665,53.6022]]]}},{"type":"Feature","properties":{"ags":"01053037","name":"Grambek","ewz":532,"dist_km":45.8,"city":false,"warm_m2":12.33,"own_value":true,"m2_median":72,"share_median":0.251,"m2_p25":56,"share_p25":0.322},"geometry":{"type":"Polygon","coordinates":[[[10.7126,53.5752],[10.7004,53.5903],[10.6771,53.5896],[10.6664,53.5879],[10.6679,53.5844],[10.6737,53.5799],[10.6824,53.5485],[10.6847,53.5433],[10.6873,53.542],[10.7183,53.5463],[10.7123,53.5578],[10.7218,53.5714],[10.7234,53.5749],[10.7126,53.5752]]]}},{"type":"Feature","properties":{"ags":"01053056","name":"Hornbek","ewz":193,"dist_km":43.1,"city":false,"warm_m2":10.64,"own_value":false,"m2_median":83,"share_median":0.217,"m2_p25":65,"share_p25":0.278},"geometry":{"type":"Polygon","coordinates":[[[10.6783,53.5625],[10.6533,53.5665],[10.6392,53.5607],[10.6308,53.5571],[10.6341,53.5503],[10.6293,53.5444],[10.6507,53.5456],[10.6721,53.553],[10.6812,53.5525],[10.6783,53.5625]]]}},{"type":"Feature","properties":{"ags":"01053095","name":"Niendorf/Stecknitz","ewz":654,"dist_km":39.7,"city":false,"warm_m2":11.51,"own_value":true,"m2_median":76,"share_median":0.236,"m2_p25":60,"share_p25":0.302},"geometry":{"type":"Polygon","coordinates":[[[10.6064,53.5962],[10.602,53.6014],[10.5937,53.6037],[10.5743,53.5936],[10.5722,53.5934],[10.5745,53.5862],[10.5803,53.587],[10.5778,53.5812],[10.5876,53.5751],[10.5983,53.5768],[10.6074,53.5748],[10.6161,53.574],[10.6186,53.5722],[10.6281,53.5699],[10.6269,53.5735],[10.63,53.5848],[10.6284,53.585],[10.6064,53.5962]]]}},{"type":"Feature","properties":{"ags":"01053113","name":"Schretstaken","ewz":489,"dist_km":35.7,"city":false,"warm_m2":11.14,"own_value":true,"m2_median":79,"share_median":0.229,"m2_p25":61,"share_p25":0.293},"geometry":{"type":"Polygon","coordinates":[[[10.5261,53.6027],[10.515,53.6047],[10.5056,53.5995],[10.5106,53.5935],[10.5111,53.5886],[10.514,53.5879],[10.5303,53.5827],[10.5299,53.5767],[10.5494,53.5752],[10.5493,53.576],[10.5657,53.5783],[10.5776,53.5862],[10.5745,53.5862],[10.5722,53.5934],[10.5678,53.5936],[10.5565,53.5976],[10.5486,53.6001],[10.535,53.5959],[10.5208,53.5987],[10.5261,53.6027]]]}},{"type":"Feature","properties":{"ags":"01053125","name":"Talkau","ewz":511,"dist_km":37.4,"city":false,"warm_m2":12.6,"own_value":false,"m2_median":70,"share_median":0.259,"m2_p25":54,"share_p25":0.331},"geometry":{"type":"Polygon","coordinates":[[[10.5803,53.587],[10.5776,53.5862],[10.5657,53.5783],[10.5493,53.576],[10.5489,53.5727],[10.5573,53.5687],[10.5566,53.5654],[10.5641,53.563],[10.5864,53.5588],[10.5879,53.5621],[10.59,53.5732],[10.5778,53.5812],[10.5803,53.587]]]}},{"type":"Feature","properties":{"ags":"01053134","name":"Woltersdorf","ewz":333,"dist_km":42.8,"city":false,"warm_m2":12.39,"own_value":true,"m2_median":71,"share_median":0.253,"m2_p25":56,"share_p25":0.324},"geometry":{"type":"Polygon","coordinates":[[[10.6679,53.5844],[10.6477,53.5875],[10.63,53.5848],[10.6269,53.5735],[10.6301,53.5627],[10.6287,53.5603],[10.6392,53.5607],[10.6533,53.5665],[10.6783,53.5625],[10.6737,53.5799],[10.6679,53.5844]]]}},{"type":"Feature","properties":{"ags":"01053015","name":"Bröthen","ewz":318,"dist_km":44.9,"city":false,"warm_m2":11.83,"own_value":true,"m2_median":75,"share_median":0.241,"m2_p25":58,"share_p25":0.309},"geometry":{"type":"Polygon","coordinates":[[[10.6808,53.4576],[10.701,53.4786],[10.703,53.4918],[10.6784,53.4925],[10.6349,53.4657],[10.6352,53.4626],[10.6347,53.4608],[10.6345,53.4565],[10.6411,53.4555],[10.652,53.4615],[10.6702,53.4585],[10.6808,53.4576]]]}},{"type":"Feature","properties":{"ags":"01053020","name":"Büchen","ewz":6718,"dist_km":42,"city":false,"warm_m2":13.45,"own_value":true,"m2_median":65,"share_median":0.275,"m2_p25":51,"share_p25":0.352},"geometry":{"type":"Polygon","coordinates":[[[10.5882,53.5002],[10.5858,53.5033],[10.5818,53.5032],[10.5798,53.5023],[10.5758,53.4914],[10.5859,53.486],[10.5928,53.4852],[10.5961,53.4825],[10.5833,53.4731],[10.5767,53.4681],[10.5954,53.467],[10.6094,53.4664],[10.6168,53.4709],[10.6338,53.4684],[10.6349,53.4657],[10.6784,53.4925],[10.6798,53.4965],[10.6697,53.4964],[10.6488,53.4923],[10.6365,53.4928],[10.6298,53.4949],[10.6273,53.5001],[10.6261,53.4986],[10.6023,53.4975],[10.6017,53.5028],[10.5882,53.5002]]]}},{"type":"Feature","properties":{"ags":"01053029","name":"Fitzen","ewz":389,"dist_km":43.2,"city":false,"warm_m2":11.04,"own_value":true,"m2_median":80,"share_median":0.226,"m2_p25":62,"share_p25":0.289},"geometry":{"type":"Polygon","coordinates":[[[10.6764,53.5172],[10.6623,53.5163],[10.6458,53.5196],[10.6347,53.5184],[10.6289,53.5161],[10.6251,53.5126],[10.6246,53.5072],[10.6298,53.4949],[10.6365,53.4928],[10.6488,53.4923],[10.6697,53.4964],[10.6749,53.4965],[10.6804,53.5017],[10.6764,53.5172]]]}},{"type":"Feature","properties":{"ags":"01053048","name":"Güster","ewz":1358,"dist_km":44.2,"city":false,"warm_m2":12.35,"own_value":true,"m2_median":71,"share_median":0.252,"m2_p25":56,"share_p25":0.323},"geometry":{"type":"Polygon","coordinates":[[[10.6918,53.5307],[10.683,53.5467],[10.6812,53.5525],[10.6721,53.553],[10.6572,53.5448],[10.6552,53.5184],[10.6842,53.5178],[10.6918,53.5307]]]}},{"type":"Feature","properties":{"ags":"01053064","name":"Klein Pampau","ewz":688,"dist_km":38.5,"city":false,"warm_m2":10.67,"own_value":true,"m2_median":82,"share_median":0.219,"m2_p25":64,"share_p25":0.28},"geometry":{"type":"Polygon","coordinates":[[[10.5997,53.5234],[10.5887,53.5218],[10.5849,53.5181],[10.5719,53.5175],[10.5644,53.5158],[10.5654,53.5083],[10.5818,53.5032],[10.5858,53.5033],[10.5882,53.5002],[10.6017,53.5028],[10.5997,53.5234]]]}},{"type":"Feature","properties":{"ags":"01053080","name":"Langenlehsten","ewz":177,"dist_km":48.6,"city":false,"warm_m2":10.48,"own_value":true,"m2_median":84,"share_median":0.213,"m2_p25":66,"share_p25":0.273},"geometry":{"type":"Polygon","coordinates":[[[10.7571,53.5173],[10.7438,53.5195],[10.7332,53.5136],[10.6977,53.5149],[10.6884,53.5192],[10.6842,53.5178],[10.6764,53.5172],[10.6804,53.5017],[10.6749,53.4965],[10.6798,53.4965],[10.6784,53.4925],[10.703,53.4918],[10.701,53.4786],[10.6808,53.4576],[10.693,53.4551],[10.7017,53.4783],[10.7207,53.4761],[10.7522,53.4843],[10.7777,53.4972],[10.7848,53.5078],[10.7561,53.5118],[10.7571,53.5173]]]}},{"type":"Feature","properties":{"ags":"01053092","name":"Müssen","ewz":1241,"dist_km":36.3,"city":false,"warm_m2":11.78,"own_value":true,"m2_median":74,"share_median":0.242,"m2_p25":58,"share_p25":0.31},"geometry":{"type":"Polygon","coordinates":[[[10.561,53.5158],[10.5588,53.5134],[10.5512,53.5127],[10.5441,53.504],[10.5425,53.5068],[10.5339,53.5081],[10.526,53.5072],[10.5182,53.505],[10.5112,53.4978],[10.5038,53.4948],[10.5157,53.4893],[10.5149,53.482],[10.5373,53.4853],[10.5819,53.4868],[10.5758,53.4914],[10.5798,53.5023],[10.5818,53.5032],[10.5654,53.5083],[10.5644,53.5158],[10.561,53.5158]]]}},{"type":"Feature","properties":{"ags":"01053104","name":"Roseburg","ewz":540,"dist_km":40.4,"city":false,"warm_m2":10.95,"own_value":true,"m2_median":80,"share_median":0.224,"m2_p25":63,"share_p25":0.287},"geometry":{"type":"Polygon","coordinates":[[[10.6174,53.546],[10.6134,53.5522],[10.6043,53.5541],[10.5922,53.5547],[10.5802,53.5499],[10.5657,53.5366],[10.5729,53.5376],[10.5748,53.5359],[10.5762,53.5358],[10.5757,53.5249],[10.5873,53.5243],[10.5887,53.5218],[10.5997,53.5234],[10.6229,53.5241],[10.6319,53.5176],[10.6458,53.5196],[10.6552,53.5184],[10.6572,53.5448],[10.6507,53.5456],[10.6293,53.5444],[10.6321,53.5536],[10.6174,53.546]]]}},{"type":"Feature","properties":{"ags":"01053115","name":"Schulendorf","ewz":456,"dist_km":37.2,"city":false,"warm_m2":12.04,"own_value":true,"m2_median":73,"share_median":0.247,"m2_p25":57,"share_p25":0.317},"geometry":{"type":"Polygon","coordinates":[[[10.5859,53.486],[10.5819,53.4868],[10.5373,53.4853],[10.5149,53.482],[10.5153,53.4707],[10.5189,53.4621],[10.5322,53.463],[10.5585,53.4647],[10.5738,53.4668],[10.5833,53.4731],[10.5961,53.4825],[10.5928,53.4852],[10.5859,53.486]]]}},{"type":"Feature","properties":{"ags":"01053119","name":"Siebeneichen","ewz":290,"dist_km":40.5,"city":false,"warm_m2":8.75,"own_value":true,"m2_median":100,"share_median":0.179,"m2_p25":78,"share_p25":0.229},"geometry":{"type":"Polygon","coordinates":[[[10.6023,53.4975],[10.6261,53.4986],[10.6273,53.5001],[10.6246,53.5072],[10.6246,53.511],[10.6272,53.515],[10.6319,53.5176],[10.6229,53.5241],[10.5997,53.5234],[10.6017,53.5028],[10.6023,53.4975]]]}},{"type":"Feature","properties":{"ags":"01053126","name":"Tramm","ewz":353,"dist_km":39.9,"city":false,"warm_m2":11.52,"own_value":true,"m2_median":76,"share_median":0.236,"m2_p25":60,"share_p25":0.302},"geometry":{"type":"Polygon","coordinates":[[[10.6074,53.5748],[10.5983,53.5768],[10.5876,53.5751],[10.59,53.5732],[10.5879,53.5621],[10.5879,53.5552],[10.6043,53.5541],[10.6134,53.5522],[10.6174,53.546],[10.6321,53.5536],[10.6308,53.5571],[10.6287,53.5603],[10.6302,53.5616],[10.6281,53.5699],[10.6186,53.5722],[10.6161,53.574],[10.6074,53.5748]]]}},{"type":"Feature","properties":{"ags":"01053132","name":"Witzeeze","ewz":939,"dist_km":40.7,"city":false,"warm_m2":13.61,"own_value":true,"m2_median":65,"share_median":0.279,"m2_p25":50,"share_p25":0.357},"geometry":{"type":"Polygon","coordinates":[[[10.6168,53.4709],[10.6094,53.4664],[10.5954,53.467],[10.5767,53.4681],[10.5738,53.4668],[10.5585,53.4647],[10.5581,53.4638],[10.5752,53.4505],[10.5727,53.4495],[10.5789,53.445],[10.5861,53.4445],[10.6,53.4485],[10.6238,53.4452],[10.6258,53.4434],[10.6342,53.4542],[10.6345,53.4565],[10.6347,53.4608],[10.6352,53.4626],[10.6338,53.4684],[10.6168,53.4709]]]}},{"type":"Feature","properties":{"ags":"01053003","name":"Aumühle","ewz":3342,"dist_km":21.1,"city":false,"warm_m2":14.71,"own_value":true,"m2_median":59,"share_median":0.306,"m2_p25":46,"share_p25":0.392},"geometry":{"type":"MultiPolygon","coordinates":[[[[10.3238,53.5305],[10.3113,53.5314],[10.3072,53.5318],[10.3077,53.5285],[10.3005,53.527],[10.3005,53.5246],[10.3139,53.5186],[10.311,53.5113],[10.3258,53.5204],[10.3481,53.5255],[10.3493,53.527],[10.334,53.5326],[10.3238,53.5305]]],[[[10.3752,53.5139],[10.3783,53.516],[10.3732,53.5155],[10.3752,53.5139]]]]}},{"type":"Feature","properties":{"ags":"01053012","name":"Börnsen","ewz":4678,"dist_km":19.8,"city":false,"warm_m2":13.69,"own_value":true,"m2_median":63,"share_median":0.285,"m2_p25":49,"share_p25":0.365},"geometry":{"type":"Polygon","coordinates":[[[10.3065,53.4821],[10.3037,53.4856],[10.2936,53.4893],[10.2922,53.495],[10.2875,53.4964],[10.2695,53.4851],[10.2493,53.4795],[10.2521,53.4773],[10.2643,53.4751],[10.2693,53.4641],[10.2899,53.4553],[10.2959,53.4629],[10.2953,53.4707],[10.2925,53.4767],[10.3058,53.4815],[10.3065,53.4821]]]}},{"type":"Feature","properties":{"ags":"01053023","name":"Dassendorf","ewz":3398,"dist_km":25,"city":false,"warm_m2":14.28,"own_value":true,"m2_median":61,"share_median":0.296,"m2_p25":47,"share_p25":0.379},"geometry":{"type":"Polygon","coordinates":[[[10.3639,53.5081],[10.3542,53.5065],[10.3468,53.5029],[10.3428,53.4876],[10.361,53.4863],[10.3806,53.4806],[10.3908,53.4841],[10.3993,53.4989],[10.399,53.5035],[10.3955,53.5021],[10.3639,53.5081]]]}},{"type":"Feature","properties":{"ags":"01053028","name":"Escheburg","ewz":3991,"dist_km":22.8,"city":false,"warm_m2":13.94,"own_value":true,"m2_median":62,"share_median":0.289,"m2_p25":49,"share_p25":0.371},"geometry":{"type":"Polygon","coordinates":[[[10.3058,53.4815],[10.2925,53.4767],[10.2953,53.4707],[10.2959,53.4629],[10.2899,53.4553],[10.2937,53.4527],[10.2956,53.4487],[10.308,53.4429],[10.3162,53.4523],[10.3274,53.4492],[10.3324,53.4533],[10.3478,53.4531],[10.3383,53.4577],[10.3384,53.46],[10.332,53.461],[10.3332,53.4696],[10.3058,53.4815]]]}},{"type":"Feature","properties":{"ags":"01053050","name":"Hamwarde","ewz":831,"dist_km":29.9,"city":false,"warm_m2":13,"own_value":true,"m2_median":67,"share_median":0.268,"m2_p25":52,"share_p25":0.344},"geometry":{"type":"Polygon","coordinates":[[[10.4382,53.4633],[10.4275,53.4674],[10.4177,53.4646],[10.4041,53.455],[10.4022,53.455],[10.4079,53.4352],[10.4146,53.4332],[10.4266,53.4426],[10.4423,53.4496],[10.4489,53.4547],[10.44,53.4644],[10.4382,53.4633]]]}},{"type":"Feature","properties":{"ags":"01053053","name":"Hohenhorn","ewz":548,"dist_km":25.8,"city":false,"warm_m2":13.38,"own_value":true,"m2_median":65,"share_median":0.277,"m2_p25":51,"share_p25":0.355},"geometry":{"type":"Polygon","coordinates":[[[10.361,53.4863],[10.3526,53.4866],[10.3572,53.4602],[10.3679,53.4576],[10.3821,53.4607],[10.3914,53.4598],[10.3953,53.4718],[10.3898,53.4829],[10.3806,53.4806],[10.361,53.4863]]]}},{"type":"Feature","properties":{"ags":"01053072","name":"Kröppelshagen-Fahrendorf","ewz":1304,"dist_km":23.6,"city":false,"warm_m2":13.5,"own_value":true,"m2_median":64,"share_median":0.28,"m2_p25":50,"share_p25":0.359},"geometry":{"type":"Polygon","coordinates":[[[10.3432,53.4912],[10.322,53.4981],[10.3066,53.4954],[10.2985,53.4875],[10.3037,53.4856],[10.3065,53.4821],[10.3058,53.4815],[10.3332,53.4696],[10.332,53.461],[10.3474,53.4584],[10.3498,53.4605],[10.3572,53.4602],[10.3526,53.4866],[10.3428,53.4876],[10.3432,53.4912]]]}},{"type":"Feature","properties":{"ags":"01053131","name":"Wiershop","ewz":217,"dist_km":31.8,"city":false,"warm_m2":9.49,"own_value":true,"m2_median":92,"share_median":0.196,"m2_p25":72,"share_p25":0.251},"geometry":{"type":"Polygon","coordinates":[[[10.4638,53.4468],[10.4478,53.4537],[10.4423,53.4496],[10.4266,53.4426],[10.4257,53.4388],[10.4429,53.4293],[10.4511,53.4268],[10.459,53.4325],[10.4621,53.4324],[10.4637,53.4337],[10.4708,53.4453],[10.4692,53.4469],[10.4638,53.4468]]]}},{"type":"Feature","properties":{"ags":"01053133","name":"Wohltorf","ewz":2577,"dist_km":19.4,"city":false,"warm_m2":15.29,"own_value":true,"m2_median":57,"share_median":0.318,"m2_p25":44,"share_p25":0.408},"geometry":{"type":"Polygon","coordinates":[[[10.292,53.52],[10.2873,53.5232],[10.2885,53.5243],[10.2789,53.5273],[10.2684,53.5113],[10.2683,53.509],[10.2709,53.5059],[10.2832,53.4989],[10.2971,53.5014],[10.3049,53.5074],[10.311,53.5113],[10.3139,53.5186],[10.3005,53.5246],[10.2995,53.5222],[10.292,53.52]]]}},{"type":"Feature","properties":{"ags":"01053135","name":"Worth","ewz":170,"dist_km":28.4,"city":false,"warm_m2":13.45,"own_value":true,"m2_median":65,"share_median":0.278,"m2_p25":51,"share_p25":0.356},"geometry":{"type":"Polygon","coordinates":[[[10.4355,53.4709],[10.4148,53.4793],[10.3927,53.4795],[10.3953,53.4718],[10.3914,53.4598],[10.3931,53.4564],[10.4041,53.455],[10.4177,53.4646],[10.4355,53.4709]]]}},{"type":"Feature","properties":{"ags":"01053006","name":"Basedow","ewz":623,"dist_km":40.9,"city":false,"warm_m2":10.95,"own_value":true,"m2_median":80,"share_median":0.224,"m2_p25":63,"share_p25":0.287},"geometry":{"type":"Polygon","coordinates":[[[10.6005,53.4174],[10.5932,53.4239],[10.5925,53.4455],[10.5861,53.4445],[10.5814,53.4297],[10.566,53.4232],[10.561,53.408],[10.574,53.4043],[10.5859,53.3975],[10.5885,53.4018],[10.5991,53.4107],[10.5993,53.414],[10.6018,53.418],[10.6005,53.4174]]]}},{"type":"Feature","properties":{"ags":"01053019","name":"Buchhorst","ewz":149,"dist_km":41.4,"city":false,"warm_m2":12.08,"own_value":true,"m2_median":73,"share_median":0.247,"m2_p25":57,"share_p25":0.316},"geometry":{"type":"Polygon","coordinates":[[[10.574,53.4043],[10.5635,53.4072],[10.5594,53.4064],[10.5548,53.3903],[10.5537,53.3897],[10.555,53.3896],[10.5689,53.3766],[10.5852,53.3817],[10.5859,53.3975],[10.574,53.4043]]]}},{"type":"Feature","properties":{"ags":"01053022","name":"Dalldorf","ewz":345,"dist_km":42.1,"city":false,"warm_m2":10.17,"own_value":true,"m2_median":87,"share_median":0.208,"m2_p25":68,"share_p25":0.266},"geometry":{"type":"Polygon","coordinates":[[[10.6262,53.4417],[10.6238,53.4452],[10.6,53.4485],[10.5925,53.4455],[10.5932,53.4239],[10.6005,53.4174],[10.6044,53.4187],[10.6178,53.4162],[10.6201,53.4203],[10.6262,53.4417]]]}},{"type":"Feature","properties":{"ags":"01053058","name":"Juliusburg","ewz":190,"dist_km":36.6,"city":false,"warm_m2":11.09,"own_value":true,"m2_median":79,"share_median":0.228,"m2_p25":62,"share_p25":0.292},"geometry":{"type":"Polygon","coordinates":[[[10.5343,53.4327],[10.5226,53.4334],[10.5113,53.4352],[10.5037,53.4345],[10.5008,53.4337],[10.4976,53.4293],[10.4935,53.4119],[10.4993,53.4015],[10.5037,53.4015],[10.5049,53.3999],[10.5101,53.4002],[10.516,53.4057],[10.5234,53.4212],[10.5313,53.4276],[10.5343,53.4327]]]}},{"type":"Feature","properties":{"ags":"01053073","name":"Krüzen","ewz":371,"dist_km":38.2,"city":false,"warm_m2":12.22,"own_value":true,"m2_median":72,"share_median":0.251,"m2_p25":56,"share_p25":0.321},"geometry":{"type":"Polygon","coordinates":[[[10.5415,53.4249],[10.5382,53.4277],[10.5313,53.4276],[10.5234,53.4212],[10.516,53.4057],[10.5101,53.4002],[10.513,53.4001],[10.5205,53.3947],[10.5211,53.3928],[10.545,53.391],[10.5537,53.3897],[10.5548,53.3903],[10.5598,53.4084],[10.5477,53.4084],[10.5403,53.4185],[10.5415,53.4249]]]}},{"type":"Feature","properties":{"ags":"01053074","name":"Krukow","ewz":155,"dist_km":34.6,"city":false,"warm_m2":10.83,"own_value":true,"m2_median":81,"share_median":0.223,"m2_p25":63,"share_p25":0.285},"geometry":{"type":"Polygon","coordinates":[[[10.4976,53.4293],[10.4803,53.4329],[10.4604,53.4301],[10.4621,53.4324],[10.459,53.4325],[10.4511,53.4268],[10.4521,53.4261],[10.4663,53.4124],[10.4664,53.4106],[10.4888,53.4007],[10.4993,53.4015],[10.4935,53.4119],[10.4976,53.4293]]]}},{"type":"Feature","properties":{"ags":"01053082","name":"Lanze","ewz":267,"dist_km":43.5,"city":false,"warm_m2":10.68,"own_value":true,"m2_median":83,"share_median":0.218,"m2_p25":64,"share_p25":0.279},"geometry":{"type":"Polygon","coordinates":[[[10.6044,53.4187],[10.6018,53.418],[10.5993,53.414],[10.5991,53.4107],[10.5885,53.4018],[10.5852,53.3817],[10.5828,53.3679],[10.5875,53.3612],[10.595,53.3639],[10.5991,53.3778],[10.6169,53.3846],[10.6187,53.3971],[10.6186,53.3988],[10.6189,53.4069],[10.6178,53.4162],[10.6044,53.4187]]]}},{"type":"Feature","properties":{"ags":"01053087","name":"Lütau","ewz":674,"dist_km":39,"city":false,"warm_m2":12.27,"own_value":true,"m2_median":72,"share_median":0.252,"m2_p25":56,"share_p25":0.322},"geometry":{"type":"Polygon","coordinates":[[[10.5861,53.4445],[10.5789,53.445],[10.5727,53.4495],[10.5649,53.4453],[10.5523,53.4412],[10.5424,53.4465],[10.5287,53.4448],[10.5174,53.4489],[10.5112,53.4492],[10.5092,53.4435],[10.5292,53.4361],[10.5343,53.4327],[10.5313,53.4276],[10.5382,53.4277],[10.5415,53.4249],[10.5403,53.4185],[10.5477,53.4084],[10.5598,53.4084],[10.5594,53.4064],[10.5635,53.4072],[10.561,53.408],[10.566,53.4232],[10.5814,53.4297],[10.5861,53.4445]]]}},{"type":"Feature","properties":{"ags":"01053111","name":"Schnakenbek","ewz":881,"dist_km":36.8,"city":false,"warm_m2":12.08,"own_value":true,"m2_median":73,"share_median":0.248,"m2_p25":57,"share_p25":0.318},"geometry":{"type":"Polygon","coordinates":[[[10.4888,53.4007],[10.4664,53.4106],[10.4663,53.4084],[10.4516,53.4033],[10.432,53.4031],[10.4324,53.4009],[10.4299,53.3982],[10.444,53.3929],[10.4683,53.3862],[10.4989,53.3745],[10.5173,53.371],[10.5169,53.3792],[10.5217,53.387],[10.5205,53.3947],[10.513,53.4001],[10.5049,53.3999],[10.5037,53.4015],[10.4888,53.4007]]]}},{"type":"Feature","properties":{"ags":"01053128","name":"Wangelau","ewz":211,"dist_km":37.2,"city":false,"warm_m2":11.29,"own_value":false,"m2_median":78,"share_median":0.232,"m2_p25":61,"share_p25":0.297},"geometry":{"type":"Polygon","coordinates":[[[10.5752,53.4505],[10.5581,53.4638],[10.5322,53.463],[10.5189,53.4621],[10.5171,53.4591],[10.5121,53.451],[10.5112,53.4492],[10.5174,53.4489],[10.5287,53.4448],[10.5424,53.4465],[10.5523,53.4412],[10.5649,53.4453],[10.5752,53.4505]]]}},{"type":"Feature","properties":{"ags":"01053007","name":"Basthorst","ewz":417,"dist_km":31.2,"city":false,"warm_m2":14.41,"own_value":true,"m2_median":61,"share_median":0.297,"m2_p25":47,"share_p25":0.381},"geometry":{"type":"Polygon","coordinates":[[[10.4807,53.5877],[10.4738,53.5887],[10.4627,53.5927],[10.46,53.593],[10.4555,53.5911],[10.4577,53.587],[10.4568,53.5821],[10.4377,53.5753],[10.4384,53.5725],[10.4475,53.5707],[10.4679,53.571],[10.4804,53.57],[10.4967,53.5569],[10.5011,53.5578],[10.5086,53.5593],[10.5185,53.5654],[10.5095,53.5886],[10.4984,53.5914],[10.4807,53.5877]]]}},{"type":"Feature","properties":{"ags":"01053017","name":"Brunstorf","ewz":749,"dist_km":28.6,"city":false,"warm_m2":12.93,"own_value":true,"m2_median":67,"share_median":0.267,"m2_p25":53,"share_p25":0.342},"geometry":{"type":"Polygon","coordinates":[[[10.4474,53.5069],[10.4406,53.5071],[10.4267,53.5174],[10.4027,53.5043],[10.399,53.5035],[10.3993,53.4989],[10.3908,53.4841],[10.3898,53.4829],[10.3927,53.4795],[10.4148,53.4793],[10.4355,53.4709],[10.4275,53.4674],[10.4382,53.4633],[10.4457,53.4682],[10.4479,53.4806],[10.4573,53.4893],[10.4482,53.5035],[10.4474,53.5069]]]}},{"type":"Feature","properties":{"ags":"01053021","name":"Dahmker","ewz":162,"dist_km":29.4,"city":false,"warm_m2":17.93,"own_value":true,"m2_median":49,"share_median":0.37,"m2_p25":38,"share_p25":0.475},"geometry":{"type":"Polygon","coordinates":[[[10.4577,53.587],[10.4531,53.5933],[10.4338,53.5924],[10.4297,53.5928],[10.4278,53.5899],[10.4325,53.5897],[10.4369,53.5879],[10.4374,53.5821],[10.4353,53.579],[10.4377,53.5753],[10.4568,53.5821],[10.4577,53.587]]]}},{"type":"Feature","properties":{"ags":"01053027","name":"Elmenhorst","ewz":844,"dist_km":34.3,"city":false,"warm_m2":12.49,"own_value":true,"m2_median":70,"share_median":0.257,"m2_p25":55,"share_p25":0.329},"geometry":{"type":"Polygon","coordinates":[[[10.5641,53.563],[10.5566,53.5654],[10.5545,53.5634],[10.519,53.5628],[10.5086,53.5593],[10.5011,53.5578],[10.4954,53.5509],[10.4897,53.5457],[10.4864,53.5454],[10.4977,53.5388],[10.5037,53.5364],[10.5068,53.5311],[10.5058,53.5285],[10.5136,53.5275],[10.5277,53.5287],[10.5349,53.536],[10.5522,53.5369],[10.5585,53.5356],[10.5527,53.5455],[10.5599,53.5579],[10.5627,53.5595],[10.5685,53.5596],[10.5673,53.5627],[10.5641,53.563]]]}},{"type":"Feature","properties":{"ags":"01053031","name":"Fuhlenhagen","ewz":378,"dist_km":34.9,"city":false,"warm_m2":10.5,"own_value":true,"m2_median":83,"share_median":0.216,"m2_p25":65,"share_p25":0.277},"geometry":{"type":"Polygon","coordinates":[[[10.5494,53.5752],[10.5299,53.5767],[10.5303,53.5827],[10.514,53.5879],[10.5095,53.5886],[10.5185,53.5654],[10.5086,53.5593],[10.519,53.5628],[10.5545,53.5634],[10.5573,53.5687],[10.5489,53.5727],[10.5494,53.5752]]]}},{"type":"Feature","properties":{"ags":"01053036","name":"Grabau","ewz":357,"dist_km":34.2,"city":false,"warm_m2":13.27,"own_value":true,"m2_median":66,"share_median":0.273,"m2_p25":51,"share_p25":0.35},"geometry":{"type":"Polygon","coordinates":[[[10.5067,53.5273],[10.4971,53.5189],[10.5124,53.5014],[10.4973,53.4947],[10.4916,53.4885],[10.4917,53.4857],[10.494,53.4852],[10.4982,53.4913],[10.5038,53.4948],[10.5112,53.4978],[10.5192,53.5054],[10.5339,53.5081],[10.5425,53.5068],[10.5342,53.5126],[10.5099,53.522],[10.5116,53.5271],[10.5067,53.5273]]]}},{"type":"Feature","properties":{"ags":"01053042","name":"Groß Pampau","ewz":171,"dist_km":37.3,"city":false,"warm_m2":10.34,"own_value":true,"m2_median":85,"share_median":0.212,"m2_p25":66,"share_p25":0.272},"geometry":{"type":"Polygon","coordinates":[[[10.5762,53.5358],[10.5615,53.536],[10.5571,53.5354],[10.5462,53.5317],[10.554,53.5233],[10.55,53.5129],[10.5588,53.5134],[10.561,53.5158],[10.5719,53.5175],[10.5849,53.5181],[10.5873,53.5243],[10.5757,53.5249],[10.5762,53.5358]]]}},{"type":"Feature","properties":{"ags":"01053045","name":"Grove","ewz":260,"dist_km":32.1,"city":false,"warm_m2":13.72,"own_value":true,"m2_median":64,"share_median":0.283,"m2_p25":50,"share_p25":0.362},"geometry":{"type":"Polygon","coordinates":[[[10.5037,53.5364],[10.4973,53.5394],[10.4864,53.5454],[10.4806,53.5412],[10.4795,53.5375],[10.4711,53.5277],[10.4663,53.5245],[10.4697,53.5195],[10.4682,53.5166],[10.4971,53.5189],[10.5067,53.5273],[10.5055,53.5278],[10.5068,53.5311],[10.5037,53.5364]]]}},{"type":"Feature","properties":{"ags":"01053047","name":"Gülzow","ewz":1306,"dist_km":34.1,"city":false,"warm_m2":11.36,"own_value":true,"m2_median":77,"share_median":0.234,"m2_p25":60,"share_p25":0.299},"geometry":{"type":"Polygon","coordinates":[[[10.5149,53.482],[10.5157,53.4893],[10.5038,53.4948],[10.4982,53.4913],[10.4924,53.4833],[10.4909,53.4826],[10.4868,53.4831],[10.4789,53.4779],[10.479,53.4659],[10.4722,53.4538],[10.4708,53.4453],[10.4637,53.4337],[10.4604,53.4301],[10.4803,53.4329],[10.4994,53.4331],[10.5095,53.4352],[10.5287,53.4331],[10.5292,53.4361],[10.5092,53.4435],[10.5121,53.451],[10.5171,53.4591],[10.5153,53.4707],[10.5149,53.482]]]}},{"type":"Feature","properties":{"ags":"01053049","name":"Hamfelde","ewz":557,"dist_km":28.9,"city":false,"warm_m2":13.04,"own_value":true,"m2_median":67,"share_median":0.269,"m2_p25":52,"share_p25":0.345},"geometry":{"type":"Polygon","coordinates":[[[10.4503,53.5987],[10.4366,53.6054],[10.431,53.6057],[10.4265,53.6052],[10.4222,53.6025],[10.4184,53.6022],[10.4182,53.5972],[10.4224,53.5962],[10.4208,53.5913],[10.4278,53.5899],[10.4297,53.5928],[10.4338,53.5924],[10.4531,53.5933],[10.4555,53.5911],[10.46,53.593],[10.4675,53.5906],[10.4725,53.5962],[10.4602,53.597],[10.4503,53.5987]]]}},{"type":"Feature","properties":{"ags":"01053052","name":"Havekost","ewz":199,"dist_km":30.3,"city":false,"warm_m2":12,"own_value":true,"m2_median":73,"share_median":0.248,"m2_p25":57,"share_p25":0.317},"geometry":{"type":"Polygon","coordinates":[[[10.4964,53.5538],[10.4871,53.5558],[10.4732,53.5491],[10.4546,53.5467],[10.4526,53.5471],[10.4525,53.5401],[10.4365,53.5367],[10.4649,53.5235],[10.4711,53.5277],[10.4795,53.5375],[10.4802,53.5408],[10.4869,53.5457],[10.4897,53.5457],[10.4954,53.5509],[10.4964,53.5538]]]}},{"type":"Feature","properties":{"ags":"01053059","name":"Kankelau","ewz":218,"dist_km":37.1,"city":false,"warm_m2":11.06,"own_value":true,"m2_median":79,"share_median":0.227,"m2_p25":62,"share_p25":0.291},"geometry":{"type":"Polygon","coordinates":[[[10.5657,53.5366],[10.5802,53.5499],[10.5922,53.5547],[10.5879,53.5552],[10.5864,53.5588],[10.5673,53.5627],[10.5685,53.5596],[10.5627,53.5595],[10.5599,53.5579],[10.5527,53.5455],[10.5585,53.5356],[10.5615,53.536],[10.5748,53.5359],[10.5729,53.5376],[10.5657,53.5366]]]}},{"type":"Feature","properties":{"ags":"01053060","name":"Kasseburg","ewz":593,"dist_km":27,"city":false,"warm_m2":12.43,"own_value":true,"m2_median":70,"share_median":0.257,"m2_p25":55,"share_p25":0.33},"geometry":{"type":"Polygon","coordinates":[[[10.4384,53.5725],[10.4237,53.5774],[10.403,53.5762],[10.3966,53.5654],[10.3889,53.5625],[10.3982,53.5524],[10.4024,53.546],[10.4363,53.5544],[10.4409,53.5551],[10.4358,53.5575],[10.4346,53.5649],[10.4372,53.571],[10.4384,53.5725]]]}},{"type":"Feature","properties":{"ags":"01053070","name":"Köthel","ewz":295,"dist_km":34.5,"city":false,"warm_m2":13.77,"own_value":true,"m2_median":64,"share_median":0.283,"m2_p25":50,"share_p25":0.363},"geometry":{"type":"Polygon","coordinates":[[[10.5189,53.616],[10.5167,53.6168],[10.5134,53.617],[10.5089,53.6089],[10.4945,53.6024],[10.5117,53.6058],[10.5261,53.6027],[10.5266,53.6133],[10.5234,53.6124],[10.5189,53.616]]]}},{"type":"Feature","properties":{"ags":"01053071","name":"Kollow","ewz":599,"dist_km":31.7,"city":false,"warm_m2":13.14,"own_value":true,"m2_median":66,"share_median":0.271,"m2_p25":52,"share_p25":0.347},"geometry":{"type":"Polygon","coordinates":[[[10.4804,53.4835],[10.458,53.4851],[10.4561,53.486],[10.4479,53.4806],[10.4457,53.4682],[10.44,53.4644],[10.4489,53.4547],[10.4478,53.4537],[10.4638,53.4468],[10.4692,53.4469],[10.4722,53.4538],[10.479,53.4659],[10.4789,53.4779],[10.4868,53.4831],[10.4826,53.4841],[10.4804,53.4835]]]}},{"type":"Feature","properties":{"ags":"01053076","name":"Kuddewörde","ewz":1505,"dist_km":26.9,"city":false,"warm_m2":13.02,"own_value":true,"m2_median":67,"share_median":0.269,"m2_p25":52,"share_p25":0.345},"geometry":{"type":"Polygon","coordinates":[[[10.4325,53.5897],[10.4286,53.5897],[10.4208,53.5916],[10.4224,53.5962],[10.4182,53.5972],[10.4106,53.5944],[10.4063,53.5918],[10.3935,53.5809],[10.3737,53.5758],[10.3694,53.5736],[10.3853,53.5682],[10.3829,53.5659],[10.3899,53.5609],[10.3889,53.5625],[10.3966,53.5654],[10.403,53.5762],[10.4237,53.5774],[10.4384,53.5725],[10.4353,53.579],[10.4374,53.5821],[10.4369,53.5879],[10.4325,53.5897]]]}},{"type":"Feature","properties":{"ags":"01053089","name":"Möhnsen","ewz":505,"dist_km":30.3,"city":false,"warm_m2":11.27,"own_value":true,"m2_median":77,"share_median":0.233,"m2_p25":60,"share_p25":0.298},"geometry":{"type":"Polygon","coordinates":[[[10.4679,53.571],[10.4475,53.5707],[10.4372,53.571],[10.4346,53.5649],[10.4358,53.5575],[10.4409,53.5551],[10.4486,53.5558],[10.4501,53.5487],[10.4546,53.5467],[10.4732,53.5491],[10.4871,53.5558],[10.4964,53.5538],[10.4967,53.5569],[10.4804,53.57],[10.4679,53.571]]]}},{"type":"Feature","properties":{"ags":"01053091","name":"Mühlenrade","ewz":206,"dist_km":32.4,"city":false,"warm_m2":12.31,"own_value":true,"m2_median":71,"share_median":0.254,"m2_p25":55,"share_p25":0.325},"geometry":{"type":"Polygon","coordinates":[[[10.515,53.6047],[10.5117,53.6058],[10.4945,53.6024],[10.4878,53.6007],[10.4836,53.6012],[10.4747,53.5978],[10.4704,53.5968],[10.4725,53.5962],[10.4675,53.5906],[10.4764,53.5878],[10.4807,53.5877],[10.4984,53.5914],[10.5111,53.5886],[10.5106,53.5935],[10.5056,53.5995],[10.515,53.6047]]]}},{"type":"Feature","properties":{"ags":"01053106","name":"Sahms","ewz":446,"dist_km":35.4,"city":false,"warm_m2":12.22,"own_value":true,"m2_median":72,"share_median":0.251,"m2_p25":56,"share_p25":0.322},"geometry":{"type":"Polygon","coordinates":[[[10.5522,53.5369],[10.5349,53.536],[10.5277,53.5287],[10.5136,53.5275],[10.5058,53.5285],[10.5055,53.5278],[10.5116,53.5271],[10.5099,53.522],[10.5342,53.5126],[10.5406,53.5085],[10.5441,53.504],[10.5512,53.5127],[10.55,53.5129],[10.554,53.5233],[10.5462,53.5317],[10.5571,53.5354],[10.5522,53.5369]]]}},{"type":"Feature","properties":{"ags":"01053025","name":"Duvensee","ewz":559,"dist_km":40.7,"city":false,"warm_m2":11.65,"own_value":true,"m2_median":75,"share_median":0.239,"m2_p25":59,"share_p25":0.305},"geometry":{"type":"Polygon","coordinates":[[[10.598,53.7192],[10.5886,53.7154],[10.5796,53.7152],[10.5566,53.7033],[10.5484,53.705],[10.548,53.7049],[10.5444,53.7014],[10.5446,53.6965],[10.54,53.6906],[10.535,53.6869],[10.5339,53.6768],[10.5361,53.6775],[10.5719,53.6867],[10.575,53.6856],[10.581,53.6855],[10.5916,53.683],[10.5918,53.6851],[10.5957,53.6906],[10.5993,53.6985],[10.6018,53.7011],[10.6089,53.7126],[10.598,53.7192]]]}},{"type":"Feature","properties":{"ags":"01053038","name":"Grinau","ewz":297,"dist_km":43.1,"city":false,"warm_m2":11.31,"own_value":false,"m2_median":78,"share_median":0.231,"m2_p25":61,"share_p25":0.296},"geometry":{"type":"Polygon","coordinates":[[[10.5603,53.7754],[10.5471,53.7823],[10.533,53.7756],[10.5362,53.7647],[10.5464,53.7641],[10.5521,53.7655],[10.5603,53.7754]]]}},{"type":"Feature","properties":{"ags":"01053039","name":"Groß Boden","ewz":213,"dist_km":37.2,"city":false,"warm_m2":10.25,"own_value":true,"m2_median":86,"share_median":0.21,"m2_p25":67,"share_p25":0.269},"geometry":{"type":"Polygon","coordinates":[[[10.4656,53.7553],[10.4576,53.7589],[10.4472,53.7558],[10.4431,53.7536],[10.4471,53.7481],[10.4474,53.7468],[10.4493,53.747],[10.4521,53.7431],[10.4759,53.7498],[10.4748,53.7522],[10.4656,53.7553]]]}},{"type":"Feature","properties":{"ags":"01053044","name":"Groß Schenkenberg","ewz":583,"dist_km":47,"city":false,"warm_m2":10.61,"own_value":true,"m2_median":83,"share_median":0.216,"m2_p25":65,"share_p25":0.277},"geometry":{"type":"Polygon","coordinates":[[[10.6055,53.7949],[10.6064,53.8001],[10.595,53.8132],[10.5855,53.806],[10.5807,53.8037],[10.5618,53.7948],[10.542,53.7923],[10.5452,53.7856],[10.5538,53.7794],[10.591,53.7911],[10.5985,53.7896],[10.6055,53.7949]]]}},{"type":"Feature","properties":{"ags":"01053068","name":"Klinkrade","ewz":604,"dist_km":41.2,"city":false,"warm_m2":11.06,"own_value":true,"m2_median":80,"share_median":0.226,"m2_p25":62,"share_p25":0.29},"geometry":{"type":"Polygon","coordinates":[[[10.5598,53.728],[10.5385,53.7348],[10.5355,53.7316],[10.5335,53.73],[10.5306,53.7276],[10.5368,53.7216],[10.5463,53.7041],[10.548,53.7049],[10.5484,53.705],[10.5566,53.7033],[10.5796,53.7152],[10.5886,53.7154],[10.5891,53.7169],[10.5813,53.7239],[10.5598,53.728]]]}},{"type":"Feature","properties":{"ags":"01053069","name":"Koberg","ewz":783,"dist_km":35.3,"city":false,"warm_m2":11.54,"own_value":true,"m2_median":76,"share_median":0.237,"m2_p25":59,"share_p25":0.304},"geometry":{"type":"Polygon","coordinates":[[[10.5221,53.6567],[10.5201,53.6567],[10.517,53.6433],[10.5088,53.6423],[10.5048,53.6432],[10.4974,53.6308],[10.4992,53.6299],[10.5002,53.6267],[10.5147,53.6204],[10.5134,53.617],[10.5167,53.6168],[10.5189,53.616],[10.5234,53.6124],[10.5266,53.6133],[10.5267,53.6148],[10.539,53.6164],[10.5496,53.6206],[10.5439,53.6303],[10.5462,53.6349],[10.5497,53.6394],[10.5569,53.6487],[10.5544,53.6505],[10.5221,53.6567]]]}},{"type":"Feature","properties":{"ags":"01053077","name":"Kühsen","ewz":357,"dist_km":42.7,"city":false,"warm_m2":10.94,"own_value":true,"m2_median":80,"share_median":0.224,"m2_p25":63,"share_p25":0.286},"geometry":{"type":"Polygon","coordinates":[[[10.6176,53.6968],[10.6111,53.6979],[10.6005,53.6998],[10.5957,53.6906],[10.5918,53.6851],[10.5918,53.6809],[10.5945,53.675],[10.6072,53.668],[10.6145,53.6704],[10.6356,53.671],[10.6368,53.6717],[10.6358,53.6809],[10.6304,53.6916],[10.6176,53.6968]]]}},{"type":"Feature","properties":{"ags":"01053079","name":"Labenz","ewz":910,"dist_km":38.3,"city":false,"warm_m2":12.01,"own_value":true,"m2_median":73,"share_median":0.246,"m2_p25":57,"share_p25":0.315},"geometry":{"type":"Polygon","coordinates":[[[10.5313,53.7262],[10.5257,53.7219],[10.5166,53.72],[10.5084,53.7237],[10.5023,53.7201],[10.4976,53.7151],[10.5026,53.7106],[10.5032,53.7065],[10.5072,53.706],[10.5087,53.7072],[10.5137,53.7044],[10.5145,53.6981],[10.5103,53.6932],[10.512,53.692],[10.5158,53.6939],[10.5199,53.7023],[10.5444,53.7014],[10.5463,53.7041],[10.5368,53.7216],[10.5313,53.7262]]]}},{"type":"Feature","properties":{"ags":"01053081","name":"Lankau","ewz":466,"dist_km":45.9,"city":false,"warm_m2":10.27,"own_value":true,"m2_median":86,"share_median":0.209,"m2_p25":67,"share_p25":0.268},"geometry":{"type":"Polygon","coordinates":[[[10.6362,53.6944],[10.6321,53.6941],[10.6314,53.6949],[10.6301,53.6947],[10.6305,53.6896],[10.6358,53.6809],[10.6368,53.6717],[10.6384,53.6598],[10.6469,53.6494],[10.6621,53.641],[10.6724,53.6427],[10.6928,53.6458],[10.7023,53.6471],[10.711,53.6558],[10.7115,53.666],[10.7023,53.6694],[10.6811,53.6777],[10.6669,53.6857],[10.6362,53.6944]]]}},{"type":"Feature","properties":{"ags":"01053085","name":"Linau","ewz":1202,"dist_km":32.6,"city":false,"warm_m2":12.69,"own_value":true,"m2_median":69,"share_median":0.261,"m2_p25":54,"share_p25":0.335},"geometry":{"type":"Polygon","coordinates":[[[10.4598,53.6582],[10.4503,53.6496],[10.4356,53.6459],[10.445,53.6412],[10.4456,53.6396],[10.4505,53.6382],[10.4504,53.6347],[10.46,53.6323],[10.466,53.633],[10.4702,53.6356],[10.4739,53.6328],[10.4945,53.6318],[10.4974,53.6308],[10.5048,53.6432],[10.5013,53.6495],[10.4963,53.6515],[10.4919,53.655],[10.4909,53.6567],[10.4867,53.6578],[10.4781,53.6559],[10.4682,53.6611],[10.4601,53.6606],[10.4598,53.6582]]]}},{"type":"Feature","properties":{"ags":"01053086","name":"Lüchow","ewz":281,"dist_km":37.6,"city":false,"warm_m2":11.04,"own_value":true,"m2_median":79,"share_median":0.227,"m2_p25":62,"share_p25":0.29},"geometry":{"type":"Polygon","coordinates":[[[10.5444,53.7014],[10.5199,53.7023],[10.5158,53.6939],[10.5135,53.6865],[10.5078,53.6826],[10.5058,53.678],[10.5043,53.6772],[10.5069,53.6766],[10.524,53.6793],[10.5281,53.6787],[10.5339,53.6768],[10.535,53.6869],[10.5444,53.7014]]]}},{"type":"Feature","properties":{"ags":"01053096","name":"Nusse","ewz":1171,"dist_km":41.1,"city":false,"warm_m2":11.74,"own_value":true,"m2_median":75,"share_median":0.24,"m2_p25":59,"share_p25":0.308},"geometry":{"type":"Polygon","coordinates":[[[10.581,53.6855],[10.5907,53.6723],[10.5875,53.6645],[10.5804,53.6614],[10.5544,53.6505],[10.5569,53.6487],[10.5555,53.6477],[10.5575,53.6468],[10.5704,53.6519],[10.5797,53.645],[10.5975,53.646],[10.6032,53.6536],[10.6034,53.661],[10.6072,53.668],[10.5945,53.675],[10.5918,53.6809],[10.5916,53.683],[10.581,53.6855]]]}},{"type":"Feature","properties":{"ags":"01053097","name":"Panten","ewz":669,"dist_km":42.2,"city":false,"warm_m2":11.03,"own_value":true,"m2_median":80,"share_median":0.226,"m2_p25":62,"share_p25":0.289},"geometry":{"type":"Polygon","coordinates":[[[10.6356,53.671],[10.6145,53.6704],[10.6078,53.6683],[10.6044,53.6642],[10.6032,53.6536],[10.5975,53.646],[10.5992,53.6296],[10.604,53.6308],[10.6122,53.628],[10.6363,53.6286],[10.65,53.6265],[10.6525,53.6305],[10.6482,53.6359],[10.6469,53.6494],[10.6384,53.6598],[10.6356,53.671]]]}},{"type":"Feature","properties":{"ags":"01053099","name":"Poggensee","ewz":378,"dist_km":39.2,"city":false,"warm_m2":12.15,"own_value":true,"m2_median":72,"share_median":0.249,"m2_p25":56,"share_p25":0.319},"geometry":{"type":"Polygon","coordinates":[[[10.5704,53.6519],[10.5575,53.6468],[10.5555,53.6477],[10.5497,53.6394],[10.5462,53.6349],[10.5439,53.6303],[10.5496,53.6206],[10.5507,53.6205],[10.5594,53.6261],[10.5574,53.6273],[10.5552,53.6364],[10.5788,53.6347],[10.5874,53.6276],[10.5916,53.6258],[10.5955,53.6294],[10.5992,53.6296],[10.5975,53.646],[10.5797,53.645],[10.5704,53.6519]]]}},{"type":"Feature","properties":{"ags":"01053101","name":"Ritzerau","ewz":294,"dist_km":38.7,"city":false,"warm_m2":9.69,"own_value":true,"m2_median":91,"share_median":0.199,"m2_p25":71,"share_p25":0.254},"geometry":{"type":"Polygon","coordinates":[[[10.575,53.6856],[10.5719,53.6867],[10.5361,53.6775],[10.5331,53.6738],[10.521,53.6623],[10.5221,53.6567],[10.5544,53.6505],[10.5804,53.6614],[10.5875,53.6645],[10.5907,53.6723],[10.581,53.6855],[10.575,53.6856]]]}},{"type":"Feature","properties":{"ags":"01053108","name":"Sandesneben","ewz":1872,"dist_km":35.6,"city":false,"warm_m2":12.66,"own_value":true,"m2_median":69,"share_median":0.26,"m2_p25":54,"share_p25":0.333},"geometry":{"type":"Polygon","coordinates":[[[10.5087,53.7072],[10.5072,53.706],[10.5056,53.7064],[10.5045,53.7034],[10.5007,53.701],[10.4831,53.6992],[10.4833,53.7021],[10.4774,53.6974],[10.4705,53.6923],[10.4714,53.6905],[10.4908,53.6769],[10.5012,53.6777],[10.5043,53.6772],[10.5058,53.678],[10.5078,53.6826],[10.5135,53.6865],[10.512,53.692],[10.5103,53.6932],[10.5145,53.6981],[10.5137,53.7044],[10.5087,53.7072]]]}},{"type":"Feature","properties":{"ags":"01053109","name":"Schiphorst","ewz":708,"dist_km":34.7,"city":false,"warm_m2":11.72,"own_value":true,"m2_median":75,"share_median":0.241,"m2_p25":58,"share_p25":0.309},"geometry":{"type":"Polygon","coordinates":[[[10.4828,53.7102],[10.4667,53.7144],[10.4601,53.7279],[10.4556,53.7286],[10.4492,53.7258],[10.4458,53.7239],[10.4442,53.7105],[10.4388,53.6998],[10.4449,53.6997],[10.4443,53.6913],[10.4483,53.6868],[10.4523,53.6856],[10.4582,53.6865],[10.4685,53.6877],[10.4714,53.6905],[10.4705,53.6923],[10.4774,53.6974],[10.4833,53.7021],[10.4828,53.7102]]]}},{"type":"Feature","properties":{"ags":"01053112","name":"Schönberg","ewz":1434,"dist_km":31,"city":false,"warm_m2":12.84,"own_value":true,"m2_median":68,"share_median":0.265,"m2_p25":53,"share_p25":0.339},"geometry":{"type":"Polygon","coordinates":[[[10.4309,53.7024],[10.4104,53.7024],[10.4144,53.6927],[10.4063,53.6767],[10.4034,53.6738],[10.405,53.6693],[10.4114,53.6662],[10.414,53.6639],[10.4382,53.6523],[10.4344,53.6461],[10.4356,53.6459],[10.4503,53.6496],[10.4598,53.6582],[10.4592,53.6611],[10.4481,53.6706],[10.4536,53.6838],[10.4483,53.6868],[10.4443,53.6913],[10.4449,53.6997],[10.4399,53.6995],[10.4328,53.701],[10.4309,53.7024]]]}},{"type":"Feature","properties":{"ags":"01053114","name":"Schürensöhlen","ewz":154,"dist_km":38.5,"city":false,"warm_m2":11.28,"own_value":true,"m2_median":78,"share_median":0.231,"m2_p25":61,"share_p25":0.296},"geometry":{"type":"Polygon","coordinates":[[[10.4751,53.7659],[10.4739,53.7671],[10.4716,53.7652],[10.4698,53.7662],[10.4597,53.7614],[10.4576,53.7589],[10.4656,53.7553],[10.4748,53.7522],[10.4759,53.7498],[10.4955,53.7556],[10.4953,53.7572],[10.492,53.7582],[10.4751,53.7659]]]}},{"type":"Feature","properties":{"ags":"01053118","name":"Siebenbäumen","ewz":583,"dist_km":40.2,"city":false,"warm_m2":10.93,"own_value":true,"m2_median":80,"share_median":0.224,"m2_p25":63,"share_p25":0.287},"geometry":{"type":"Polygon","coordinates":[[[10.5464,53.7641],[10.5362,53.7647],[10.5339,53.7627],[10.5183,53.7616],[10.5035,53.7535],[10.4953,53.7572],[10.4973,53.7533],[10.4934,53.7489],[10.5125,53.7362],[10.527,53.7337],[10.5324,53.7343],[10.5355,53.7316],[10.5385,53.7348],[10.5459,53.7338],[10.5409,53.7447],[10.5518,53.7622],[10.5464,53.7641]]]}},{"type":"Feature","properties":{"ags":"01053121","name":"Sirksfelde","ewz":350,"dist_km":34.5,"city":false,"warm_m2":12.42,"own_value":true,"m2_median":70,"share_median":0.255,"m2_p25":55,"share_p25":0.327},"geometry":{"type":"Polygon","coordinates":[[[10.5281,53.6787],[10.5225,53.6791],[10.5209,53.6783],[10.5101,53.6776],[10.509,53.6766],[10.5012,53.6777],[10.4888,53.6766],[10.4848,53.6661],[10.4682,53.6611],[10.4781,53.6559],[10.4867,53.6578],[10.4909,53.6567],[10.4919,53.655],[10.4963,53.6515],[10.5013,53.6495],[10.5088,53.6423],[10.517,53.6433],[10.5201,53.6567],[10.521,53.6623],[10.5331,53.6738],[10.5281,53.6787]]]}},{"type":"Feature","properties":{"ags":"01053122","name":"Steinhorst","ewz":582,"dist_km":37.7,"city":false,"warm_m2":11.57,"own_value":true,"m2_median":76,"share_median":0.237,"m2_p25":59,"share_p25":0.304},"geometry":{"type":"Polygon","coordinates":[[[10.4955,53.7556],[10.4759,53.7498],[10.4521,53.7431],[10.4517,53.7398],[10.4538,53.7388],[10.4551,53.7317],[10.4566,53.7316],[10.4573,53.7283],[10.4601,53.7279],[10.4667,53.7144],[10.4828,53.7102],[10.4848,53.7034],[10.4831,53.6992],[10.5007,53.701],[10.5045,53.7034],[10.5056,53.7064],[10.5032,53.7065],[10.5026,53.7106],[10.4976,53.7151],[10.5023,53.7201],[10.5084,53.7237],[10.5166,53.72],[10.5257,53.7219],[10.5313,53.7262],[10.5306,53.7276],[10.5335,53.73],[10.5355,53.7316],[10.5324,53.7343],[10.527,53.7337],[10.5125,53.7362],[10.4934,53.7489],[10.4973,53.7533],[10.4955,53.7556]]]}},{"type":"Feature","properties":{"ags":"01053124","name":"Stubben","ewz":372,"dist_km":34.4,"city":false,"warm_m2":14.08,"own_value":true,"m2_median":62,"share_median":0.29,"m2_p25":49,"share_p25":0.371},"geometry":{"type":"Polygon","coordinates":[[[10.4517,53.7398],[10.4493,53.747],[10.4442,53.7423],[10.4369,53.7392],[10.4258,53.7417],[10.4096,53.7389],[10.4068,53.7371],[10.397,53.7379],[10.4001,53.7287],[10.4092,53.7337],[10.4241,53.7253],[10.4441,53.7234],[10.4492,53.7258],[10.4556,53.7286],[10.4573,53.7283],[10.4566,53.7316],[10.4551,53.7317],[10.4538,53.7388],[10.4517,53.7398]]]}},{"type":"Feature","properties":{"ags":"01053127","name":"Walksfelde","ewz":224,"dist_km":38.5,"city":false,"warm_m2":9.22,"own_value":true,"m2_median":95,"share_median":0.189,"m2_p25":74,"share_p25":0.242},"geometry":{"type":"Polygon","coordinates":[[[10.5916,53.6258],[10.5874,53.6276],[10.5788,53.6347],[10.5552,53.6364],[10.5574,53.6273],[10.5594,53.6261],[10.5678,53.622],[10.5854,53.6178],[10.5878,53.6233],[10.5916,53.6258]]]}},{"type":"Feature","properties":{"ags":"01053130","name":"Wentorf (Amt Sandesneben)","ewz":711,"dist_km":33.4,"city":false,"warm_m2":11.96,"own_value":true,"m2_median":73,"share_median":0.246,"m2_p25":57,"share_p25":0.315},"geometry":{"type":"Polygon","coordinates":[[[10.4908,53.6769],[10.4714,53.6905],[10.4685,53.6877],[10.4582,53.6865],[10.4523,53.6856],[10.4536,53.6838],[10.4481,53.6706],[10.4592,53.6611],[10.4601,53.6606],[10.4848,53.6661],[10.4888,53.6766],[10.4908,53.6769]]]}},{"type":"Feature","properties":{"ags":"01053105","name":"Sachsenwald (Forstgutsbez.)","ewz":0,"dist_km":25.8,"city":false},"geometry":{"type":"Polygon","coordinates":[[[10.3694,53.5736],[10.362,53.5711],[10.3531,53.5714],[10.3467,53.565],[10.3194,53.556],[10.3143,53.5539],[10.2923,53.5389],[10.2989,53.5337],[10.3067,53.5328],[10.3072,53.5318],[10.3113,53.5314],[10.3238,53.5305],[10.334,53.5326],[10.3493,53.527],[10.3481,53.5255],[10.3258,53.5204],[10.3049,53.5074],[10.2971,53.5014],[10.2832,53.4989],[10.2922,53.495],[10.2936,53.4893],[10.2985,53.4875],[10.3066,53.4954],[10.322,53.4981],[10.3432,53.4912],[10.3468,53.5029],[10.3542,53.5065],[10.3639,53.5081],[10.3955,53.5021],[10.4027,53.5043],[10.4267,53.5174],[10.4406,53.5071],[10.4474,53.5069],[10.4449,53.51],[10.4682,53.5166],[10.4697,53.5195],[10.4663,53.5245],[10.4649,53.5235],[10.4365,53.5367],[10.4525,53.5401],[10.4526,53.5471],[10.4501,53.5487],[10.4486,53.5558],[10.4363,53.5544],[10.4024,53.546],[10.3982,53.5524],[10.3899,53.5609],[10.3829,53.5659],[10.3853,53.5682],[10.3694,53.5736]],[[10.3752,53.5139],[10.3732,53.5155],[10.3783,53.516],[10.3752,53.5139]]]}},{"type":"Feature","properties":{"ags":"01056002","name":"Barmstedt","ewz":10683,"dist_km":31.3,"city":false,"warm_m2":14.69,"own_value":true,"m2_median":59,"share_median":0.303,"m2_p25":46,"share_p25":0.388},"geometry":{"type":"MultiPolygon","coordinates":[[[[9.7638,53.8237],[9.7542,53.8206],[9.7538,53.8213],[9.7456,53.819],[9.7405,53.8117],[9.7525,53.8044],[9.75,53.7968],[9.7428,53.795],[9.7468,53.7919],[9.7394,53.7888],[9.7345,53.7725],[9.7388,53.7727],[9.7472,53.7776],[9.7576,53.7776],[9.7564,53.7759],[9.7705,53.7704],[9.7673,53.7743],[9.7899,53.7825],[9.7926,53.7915],[9.8072,53.8012],[9.814,53.8019],[9.8121,53.8063],[9.8031,53.8073],[9.7828,53.8101],[9.7786,53.8114],[9.7638,53.8237]]],[[[9.8317,53.8254],[9.8264,53.8255],[9.8214,53.8259],[9.8147,53.8072],[9.8209,53.8055],[9.8269,53.8058],[9.8317,53.8254]]]]}},{"type":"Feature","properties":{"ags":"01056005","name":"Bönningstedt","ewz":4570,"dist_km":14.3,"city":false,"warm_m2":16.08,"own_value":true,"m2_median":54,"share_median":0.335,"m2_p25":42,"share_p25":0.43},"geometry":{"type":"Polygon","coordinates":[[[9.891,53.6925],[9.8887,53.6956],[9.8781,53.6874],[9.8798,53.6773],[9.9011,53.6621],[9.9036,53.6535],[9.9066,53.6525],[9.9114,53.6533],[9.9454,53.6529],[9.9426,53.6545],[9.9377,53.6768],[9.933,53.6792],[9.9104,53.6814],[9.8992,53.6901],[9.8959,53.6926],[9.891,53.6925]]]}},{"type":"Feature","properties":{"ags":"01056015","name":"Elmshorn","ewz":50728,"dist_km":32.1,"city":false,"warm_m2":14.48,"own_value":true,"m2_median":60,"share_median":0.298,"m2_p25":47,"share_p25":0.382},"geometry":{"type":"Polygon","coordinates":[[[9.676,53.7765],[9.6689,53.78],[9.6574,53.7785],[9.6487,53.7816],[9.6458,53.7763],[9.6342,53.7712],[9.6375,53.7604],[9.6215,53.7445],[9.6421,53.7295],[9.6593,53.7282],[9.6829,53.7319],[9.692,53.7394],[9.7072,53.7366],[9.7132,53.7351],[9.72,53.7453],[9.7189,53.7455],[9.7127,53.7502],[9.7054,53.7489],[9.6975,53.7483],[9.6811,53.7633],[9.6893,53.7691],[9.6881,53.7712],[9.6867,53.7739],[9.676,53.7765]]]}},{"type":"Feature","properties":{"ags":"01056018","name":"Halstenbek","ewz":18042,"dist_km":13.9,"city":false,"warm_m2":16.35,"own_value":true,"m2_median":53,"share_median":0.34,"m2_p25":41,"share_p25":0.437},"geometry":{"type":"Polygon","coordinates":[[[9.8707,53.6306],[9.8379,53.6424],[9.8292,53.6481],[9.8274,53.646],[9.8282,53.6436],[9.818,53.6342],[9.8026,53.6269],[9.8046,53.6188],[9.7989,53.6145],[9.8033,53.6137],[9.8026,53.613],[9.8131,53.6117],[9.8434,53.6132],[9.868,53.6093],[9.8791,53.6198],[9.8839,53.6215],[9.8707,53.6306]]]}},{"type":"Feature","properties":{"ags":"01056021","name":"Hasloh","ewz":3951,"dist_km":17.4,"city":false,"warm_m2":15.19,"own_value":true,"m2_median":57,"share_median":0.316,"m2_p25":44,"share_p25":0.406},"geometry":{"type":"Polygon","coordinates":[[[9.9525,53.7141],[9.9222,53.7128],[9.9028,53.7092],[9.8849,53.7037],[9.8887,53.6956],[9.891,53.6925],[9.8959,53.6926],[9.8992,53.6901],[9.9104,53.6814],[9.933,53.6792],[9.9372,53.6806],[9.9431,53.6874],[9.9453,53.7062],[9.9525,53.7141]]]}},{"type":"Feature","properties":{"ags":"01056039","name":"Pinneberg","ewz":44756,"dist_km":17.4,"city":false,"warm_m2":15.3,"own_value":true,"m2_median":57,"share_median":0.319,"m2_p25":44,"share_p25":0.409},"geometry":{"type":"Polygon","coordinates":[[[9.8018,53.679],[9.7956,53.6843],[9.7766,53.6836],[9.7749,53.6818],[9.7748,53.6735],[9.7742,53.6683],[9.776,53.6675],[9.7719,53.663],[9.778,53.66],[9.7692,53.6632],[9.7662,53.6615],[9.7666,53.6407],[9.7713,53.6315],[9.7689,53.6228],[9.7706,53.6162],[9.7911,53.609],[9.8033,53.6137],[9.7989,53.6145],[9.8046,53.6188],[9.8026,53.6269],[9.818,53.6342],[9.8282,53.6436],[9.8274,53.646],[9.8292,53.6481],[9.8251,53.6502],[9.8196,53.65],[9.8123,53.6655],[9.8188,53.6767],[9.8018,53.679]]]}},{"type":"Feature","properties":{"ags":"01056041","name":"Quickborn","ewz":22339,"dist_km":21.7,"city":false,"warm_m2":15.73,"own_value":true,"m2_median":55,"share_median":0.327,"m2_p25":43,"share_p25":0.419},"geometry":{"type":"Polygon","coordinates":[[[9.9735,53.7672],[9.9661,53.768],[9.9406,53.752],[9.9159,53.7503],[9.913,53.748],[9.9031,53.751],[9.8967,53.7508],[9.8922,53.7523],[9.8876,53.7484],[9.864,53.7614],[9.8682,53.7521],[9.8353,53.7419],[9.8298,53.7342],[9.8294,53.7302],[9.8317,53.7211],[9.8484,53.7077],[9.8578,53.7103],[9.8595,53.711],[9.8656,53.708],[9.8849,53.7037],[9.9028,53.7092],[9.9222,53.7128],[9.9525,53.7141],[9.9609,53.723],[9.9787,53.7428],[9.9803,53.7521],[9.9779,53.758],[9.9847,53.76],[9.9806,53.7641],[9.9735,53.7672]]]}},{"type":"Feature","properties":{"ags":"01056043","name":"Rellingen","ewz":14840,"dist_km":14.6,"city":false,"warm_m2":16.15,"own_value":true,"m2_median":54,"share_median":0.336,"m2_p25":42,"share_p25":0.431},"geometry":{"type":"Polygon","coordinates":[[[9.8442,53.6629],[9.8294,53.6654],[9.82,53.6742],[9.8123,53.6655],[9.8196,53.65],[9.8262,53.6499],[9.8379,53.6424],[9.8707,53.6306],[9.8839,53.6215],[9.8897,53.6223],[9.8969,53.6349],[9.8785,53.6443],[9.849,53.6644],[9.8442,53.6629]]]}},{"type":"Feature","properties":{"ags":"01056044","name":"Schenefeld","ewz":19817,"dist_km":13.1,"city":false,"warm_m2":16.74,"own_value":true,"m2_median":52,"share_median":0.349,"m2_p25":40,"share_p25":0.447},"geometry":{"type":"Polygon","coordinates":[[[9.868,53.6093],[9.8434,53.6132],[9.8131,53.6117],[9.8026,53.613],[9.7949,53.61],[9.7896,53.604],[9.8162,53.5862],[9.8367,53.5875],[9.8397,53.5948],[9.8581,53.5996],[9.868,53.6093]]]}},{"type":"Feature","properties":{"ags":"01056048","name":"Tornesch","ewz":14606,"dist_km":23.9,"city":false,"warm_m2":15.14,"own_value":true,"m2_median":57,"share_median":0.314,"m2_p25":45,"share_p25":0.403},"geometry":{"type":"Polygon","coordinates":[[[9.7498,53.7244],[9.7256,53.7226],[9.7166,53.7246],[9.7129,53.721],[9.6972,53.714],[9.7055,53.7069],[9.7022,53.7002],[9.7052,53.6998],[9.7002,53.6794],[9.7059,53.6728],[9.7108,53.6742],[9.7252,53.6754],[9.7459,53.6748],[9.7539,53.6945],[9.7659,53.6953],[9.7696,53.6961],[9.772,53.6954],[9.7809,53.707],[9.7498,53.7244]]]}},{"type":"Feature","properties":{"ags":"01056049","name":"Uetersen","ewz":18776,"dist_km":26.8,"city":false,"warm_m2":14.22,"own_value":true,"m2_median":61,"share_median":0.294,"m2_p25":48,"share_p25":0.377},"geometry":{"type":"Polygon","coordinates":[[[9.6916,53.6992],[9.6868,53.7029],[9.6587,53.6964],[9.6402,53.689],[9.6186,53.6961],[9.6123,53.6939],[9.6425,53.6779],[9.6479,53.6759],[9.6712,53.6791],[9.6822,53.6786],[9.6923,53.671],[9.6996,53.6716],[9.7059,53.6728],[9.7002,53.6794],[9.7052,53.6998],[9.7022,53.7002],[9.7023,53.6992],[9.6962,53.698],[9.6916,53.6992]]]}},{"type":"Feature","properties":{"ags":"01056050","name":"Wedel","ewz":34617,"dist_km":20.7,"city":false,"warm_m2":16.22,"own_value":true,"m2_median":53,"share_median":0.337,"m2_p25":42,"share_p25":0.433},"geometry":{"type":"Polygon","coordinates":[[[9.7344,53.5652],[9.737,53.5774],[9.7556,53.6025],[9.758,53.6181],[9.7555,53.6193],[9.7218,53.6174],[9.699,53.6107],[9.6672,53.6088],[9.6625,53.6008],[9.661,53.5945],[9.6457,53.588],[9.6723,53.572],[9.7344,53.5652]]]}},{"type":"Feature","properties":{"ags":"01056029","name":"Klein Nordende","ewz":3472,"dist_km":29.2,"city":false,"warm_m2":15.41,"own_value":true,"m2_median":57,"share_median":0.318,"m2_p25":44,"share_p25":0.408},"geometry":{"type":"Polygon","coordinates":[[[9.7072,53.7366],[9.692,53.7394],[9.6829,53.7319],[9.6593,53.7282],[9.6421,53.7295],[9.6279,53.7221],[9.6326,53.7085],[9.6548,53.709],[9.6629,53.7161],[9.6796,53.7145],[9.6857,53.7125],[9.6997,53.7115],[9.6972,53.714],[9.7129,53.721],[9.7159,53.7277],[9.7131,53.7329],[9.7072,53.7366]]]}},{"type":"Feature","properties":{"ags":"01056030","name":"Klein Offenseth-Sparrieshoop","ewz":3178,"dist_km":35.5,"city":false,"warm_m2":13.68,"own_value":true,"m2_median":64,"share_median":0.281,"m2_p25":50,"share_p25":0.36},"geometry":{"type":"Polygon","coordinates":[[[9.6956,53.8319],[9.6862,53.8314],[9.6868,53.8339],[9.6792,53.8333],[9.6718,53.8342],[9.6618,53.8026],[9.6487,53.7816],[9.6574,53.7785],[9.6689,53.78],[9.676,53.7765],[9.6805,53.7763],[9.7015,53.7835],[9.7069,53.7932],[9.7071,53.7968],[9.7154,53.8024],[9.6966,53.8148],[9.6963,53.823],[9.697,53.8238],[9.6903,53.8256],[9.6934,53.829],[9.6956,53.8319]]]}},{"type":"Feature","properties":{"ags":"01056031","name":"Kölln-Reisiek","ewz":3475,"dist_km":30.1,"city":false,"warm_m2":14.93,"own_value":true,"m2_median":58,"share_median":0.308,"m2_p25":46,"share_p25":0.395},"geometry":{"type":"Polygon","coordinates":[[[9.7155,53.766],[9.6981,53.769],[9.6893,53.7691],[9.6811,53.7633],[9.6975,53.7483],[9.7054,53.7489],[9.7127,53.7502],[9.7189,53.7455],[9.7295,53.7441],[9.7373,53.7491],[9.7407,53.7515],[9.7335,53.7564],[9.7253,53.758],[9.7263,53.76],[9.7266,53.7632],[9.7287,53.7691],[9.7206,53.7683],[9.7155,53.766]]]}},{"type":"Feature","properties":{"ags":"01056033","name":"Seester","ewz":1016,"dist_km":32.4,"city":false,"warm_m2":13.21,"own_value":true,"m2_median":66,"share_median":0.272,"m2_p25":52,"share_p25":0.349},"geometry":{"type":"Polygon","coordinates":[[[9.6421,53.7295],[9.6215,53.7445],[9.5923,53.7277],[9.5832,53.7217],[9.5771,53.7206],[9.5726,53.7177],[9.5697,53.7177],[9.5763,53.7166],[9.5812,53.7024],[9.5853,53.7011],[9.5967,53.6998],[9.6011,53.7011],[9.6046,53.7026],[9.6233,53.7092],[9.6326,53.7085],[9.6279,53.7221],[9.6421,53.7295]]]}},{"type":"Feature","properties":{"ags":"01056042","name":"Raa-Besenbek","ewz":546,"dist_km":34.7,"city":false,"warm_m2":13.66,"own_value":true,"m2_median":64,"share_median":0.281,"m2_p25":50,"share_p25":0.36},"geometry":{"type":"Polygon","coordinates":[[[9.5836,53.722],[9.5923,53.7277],[9.6215,53.7445],[9.6375,53.7604],[9.6342,53.7712],[9.6234,53.7673],[9.5778,53.7561],[9.5662,53.7528],[9.5663,53.752],[9.5642,53.7515],[9.5668,53.7493],[9.5777,53.7282],[9.5836,53.722]]]}},{"type":"Feature","properties":{"ags":"01056045","name":"Seestermühe","ewz":933,"dist_km":33.7,"city":false,"warm_m2":13.83,"own_value":true,"m2_median":63,"share_median":0.285,"m2_p25":49,"share_p25":0.365},"geometry":{"type":"MultiPolygon","coordinates":[[[[9.5763,53.7166],[9.5697,53.7177],[9.5563,53.7147],[9.5436,53.7168],[9.5176,53.7139],[9.5262,53.7067],[9.5485,53.6748],[9.5607,53.6736],[9.584,53.6729],[9.5748,53.6806],[9.5795,53.6928],[9.5853,53.7011],[9.5812,53.7024],[9.5763,53.7166]]],[[[9.5301,53.6752],[9.5161,53.7039],[9.5004,53.7105],[9.4961,53.7097],[9.51,53.6939],[9.5207,53.6729],[9.5301,53.6752]]]]}},{"type":"Feature","properties":{"ags":"01056046","name":"Seeth-Ekholt","ewz":993,"dist_km":27.2,"city":false,"warm_m2":13.5,"own_value":true,"m2_median":64,"share_median":0.279,"m2_p25":50,"share_p25":0.358},"geometry":{"type":"Polygon","coordinates":[[[9.765,53.7402],[9.7426,53.752],[9.7373,53.7491],[9.7295,53.7441],[9.72,53.7453],[9.7132,53.7351],[9.7131,53.7329],[9.7159,53.7277],[9.7166,53.7246],[9.742,53.7239],[9.7467,53.7303],[9.7486,53.7306],[9.7658,53.7376],[9.765,53.7402]]]}},{"type":"Feature","properties":{"ags":"01056006","name":"Bokel","ewz":563,"dist_km":38.9,"city":false,"warm_m2":13.08,"own_value":true,"m2_median":67,"share_median":0.268,"m2_p25":52,"share_p25":0.343},"geometry":{"type":"Polygon","coordinates":[[[9.7926,53.8605],[9.7636,53.8732],[9.7514,53.893],[9.7137,53.8908],[9.7073,53.881],[9.7201,53.869],[9.7212,53.8701],[9.7226,53.8665],[9.7266,53.8615],[9.728,53.8616],[9.7411,53.8467],[9.7494,53.845],[9.757,53.8455],[9.7639,53.8477],[9.7926,53.8605]]]}},{"type":"Feature","properties":{"ags":"01056010","name":"Brande-Hörnerkirchen","ewz":1789,"dist_km":38.2,"city":false,"warm_m2":13.49,"own_value":true,"m2_median":65,"share_median":0.277,"m2_p25":51,"share_p25":0.354},"geometry":{"type":"Polygon","coordinates":[[[9.7266,53.8615],[9.7226,53.8665],[9.7212,53.8701],[9.7116,53.8613],[9.6999,53.858],[9.697,53.859],[9.6883,53.8523],[9.6852,53.8488],[9.68,53.85],[9.6761,53.8472],[9.6769,53.8449],[9.6747,53.8426],[9.6718,53.8342],[9.6792,53.8333],[9.6868,53.8339],[9.6862,53.8314],[9.6956,53.8319],[9.6934,53.829],[9.6928,53.8249],[9.697,53.8238],[9.6997,53.8266],[9.725,53.8326],[9.7386,53.8321],[9.7446,53.8306],[9.7406,53.8292],[9.7433,53.8276],[9.7502,53.8325],[9.7477,53.8435],[9.7494,53.845],[9.7411,53.8467],[9.728,53.8616],[9.7266,53.8615]]]}},{"type":"Feature","properties":{"ags":"01056038","name":"Osterhorn","ewz":413,"dist_km":40.9,"city":false,"warm_m2":12.72,"own_value":true,"m2_median":69,"share_median":0.26,"m2_p25":54,"share_p25":0.333},"geometry":{"type":"Polygon","coordinates":[[[9.7201,53.869],[9.7073,53.881],[9.7137,53.8908],[9.6742,53.8894],[9.6859,53.876],[9.6921,53.8604],[9.7009,53.86],[9.6999,53.858],[9.7116,53.8613],[9.7201,53.869]]]}},{"type":"Feature","properties":{"ags":"01056051","name":"Westerhorn","ewz":1333,"dist_km":41.1,"city":false,"warm_m2":11.81,"own_value":true,"m2_median":74,"share_median":0.242,"m2_p25":58,"share_p25":0.309},"geometry":{"type":"Polygon","coordinates":[[[9.6742,53.8894],[9.6702,53.8893],[9.6557,53.8864],[9.6475,53.8794],[9.6455,53.8789],[9.6519,53.8693],[9.6562,53.8563],[9.6752,53.8514],[9.6761,53.8472],[9.68,53.85],[9.6852,53.8488],[9.6883,53.8523],[9.697,53.859],[9.7009,53.86],[9.6921,53.8604],[9.6859,53.876],[9.6742,53.8894]]]}},{"type":"Feature","properties":{"ags":"01056003","name":"Bevern","ewz":617,"dist_km":27.5,"city":false,"warm_m2":13.33,"own_value":true,"m2_median":65,"share_median":0.276,"m2_p25":51,"share_p25":0.353},"geometry":{"type":"Polygon","coordinates":[[[9.7867,53.7636],[9.7719,53.7669],[9.7677,53.7663],[9.746,53.7589],[9.7382,53.7605],[9.7302,53.7588],[9.7291,53.7571],[9.7335,53.7564],[9.7407,53.7515],[9.7426,53.752],[9.765,53.7402],[9.7657,53.7388],[9.782,53.7404],[9.7858,53.7438],[9.7905,53.7451],[9.7985,53.7504],[9.7914,53.7601],[9.7882,53.7587],[9.7867,53.7636]]]}},{"type":"Feature","properties":{"ags":"01056004","name":"Bilsen","ewz":817,"dist_km":24.9,"city":false,"warm_m2":13.53,"own_value":true,"m2_median":64,"share_median":0.28,"m2_p25":50,"share_p25":0.36},"geometry":{"type":"Polygon","coordinates":[[[9.9014,53.7695],[9.8996,53.7734],[9.8972,53.775],[9.8912,53.7763],[9.8733,53.7783],[9.8672,53.7817],[9.8598,53.7753],[9.8597,53.766],[9.864,53.7614],[9.8876,53.7484],[9.8909,53.7517],[9.8969,53.7548],[9.8997,53.7583],[9.9014,53.7695]]]}},{"type":"Feature","properties":{"ags":"01056008","name":"Bokholt-Hanredder","ewz":1318,"dist_km":31.8,"city":false,"warm_m2":12.88,"own_value":true,"m2_median":68,"share_median":0.265,"m2_p25":53,"share_p25":0.34},"geometry":{"type":"Polygon","coordinates":[[[9.7435,53.7942],[9.7301,53.7973],[9.722,53.7958],[9.7119,53.7962],[9.7107,53.7952],[9.7067,53.7954],[9.7069,53.7932],[9.7015,53.7835],[9.6805,53.7763],[9.6867,53.7739],[9.6881,53.7712],[9.6981,53.769],[9.7155,53.766],[9.7206,53.7683],[9.732,53.7698],[9.7345,53.7725],[9.7394,53.7888],[9.7468,53.7919],[9.7435,53.7942]]]}},{"type":"Feature","properties":{"ags":"01056011","name":"Bullenkuhlen","ewz":397,"dist_km":29.3,"city":false,"warm_m2":11.8,"own_value":false,"m2_median":74,"share_median":0.244,"m2_p25":58,"share_p25":0.312},"geometry":{"type":"Polygon","coordinates":[[[9.7576,53.7776],[9.7472,53.7776],[9.7388,53.7727],[9.732,53.7698],[9.7287,53.7691],[9.7266,53.7632],[9.7263,53.76],[9.7253,53.758],[9.7291,53.7571],[9.7302,53.7588],[9.7382,53.7605],[9.746,53.7589],[9.7677,53.7663],[9.7719,53.7669],[9.7705,53.7704],[9.7564,53.7759],[9.7576,53.7776]]]}},{"type":"Feature","properties":{"ags":"01056014","name":"Ellerhoop","ewz":1550,"dist_km":24.5,"city":false,"warm_m2":13.33,"own_value":true,"m2_median":65,"share_median":0.276,"m2_p25":51,"share_p25":0.354},"geometry":{"type":"Polygon","coordinates":[[[9.7914,53.7462],[9.7905,53.7451],[9.7858,53.7438],[9.782,53.7404],[9.7657,53.7388],[9.7658,53.7376],[9.7486,53.7306],[9.7467,53.7303],[9.742,53.7239],[9.7498,53.7244],[9.7809,53.707],[9.7864,53.7091],[9.79,53.7199],[9.7964,53.7228],[9.7974,53.7217],[9.8028,53.7257],[9.8105,53.726],[9.8173,53.728],[9.8197,53.7294],[9.8097,53.7417],[9.7914,53.7462]]]}},{"type":"Feature","properties":{"ags":"01056017","name":"Groß Offenseth-Aspern","ewz":500,"dist_km":34.6,"city":false,"warm_m2":12.99,"own_value":true,"m2_median":67,"share_median":0.267,"m2_p25":53,"share_p25":0.342},"geometry":{"type":"MultiPolygon","coordinates":[[[[9.7386,53.8321],[9.725,53.8326],[9.6997,53.8266],[9.6963,53.823],[9.6966,53.8148],[9.7154,53.8024],[9.7071,53.7968],[9.7067,53.7954],[9.7107,53.7952],[9.7119,53.7962],[9.722,53.7958],[9.7301,53.7973],[9.7435,53.7942],[9.7428,53.795],[9.75,53.7968],[9.7525,53.8044],[9.7405,53.8117],[9.7456,53.819],[9.7498,53.8197],[9.7485,53.8236],[9.7406,53.8292],[9.7446,53.8306],[9.7386,53.8321]]],[[[9.6934,53.829],[9.6903,53.8256],[9.6928,53.8249],[9.6934,53.829]]]]}},{"type":"Feature","properties":{"ags":"01056022","name":"Heede","ewz":823,"dist_km":29.8,"city":false,"warm_m2":12.74,"own_value":true,"m2_median":68,"share_median":0.263,"m2_p25":53,"share_p25":0.337},"geometry":{"type":"Polygon","coordinates":[[[9.8609,53.8227],[9.8498,53.8296],[9.8448,53.8171],[9.8317,53.8254],[9.8269,53.8058],[9.8209,53.8055],[9.8165,53.8006],[9.8099,53.8015],[9.8072,53.8012],[9.7926,53.7915],[9.7899,53.7825],[9.7673,53.7743],[9.7705,53.7715],[9.7719,53.7669],[9.7867,53.7636],[9.7882,53.7587],[9.8157,53.7714],[9.8458,53.7858],[9.8358,53.7863],[9.8318,53.799],[9.8516,53.819],[9.8531,53.8183],[9.8609,53.8227]]]}},{"type":"Feature","properties":{"ags":"01056026","name":"Hemdingen","ewz":1724,"dist_km":25.4,"city":false,"warm_m2":12.55,"own_value":true,"m2_median":69,"share_median":0.26,"m2_p25":54,"share_p25":0.333},"geometry":{"type":"Polygon","coordinates":[[[9.8597,53.766],[9.8598,53.7753],[9.8637,53.7789],[9.8458,53.7858],[9.8157,53.7714],[9.7914,53.7601],[9.7985,53.7504],[9.7914,53.7462],[9.8097,53.7417],[9.8197,53.7294],[9.8231,53.7309],[9.8353,53.7419],[9.8682,53.7521],[9.864,53.7614],[9.8597,53.766]]]}},{"type":"Feature","properties":{"ags":"01056034","name":"Langeln","ewz":624,"dist_km":29.2,"city":false,"warm_m2":12.68,"own_value":true,"m2_median":69,"share_median":0.262,"m2_p25":54,"share_p25":0.336},"geometry":{"type":"Polygon","coordinates":[[[9.8637,53.8206],[9.8609,53.8227],[9.8531,53.8183],[9.8516,53.819],[9.8318,53.799],[9.8358,53.7863],[9.8458,53.7858],[9.8637,53.7789],[9.883,53.8011],[9.8808,53.8109],[9.8731,53.814],[9.8637,53.8206]]]}},{"type":"Feature","properties":{"ags":"01056035","name":"Lutzhorn","ewz":798,"dist_km":34.2,"city":false,"warm_m2":12.36,"own_value":true,"m2_median":71,"share_median":0.254,"m2_p25":55,"share_p25":0.326},"geometry":{"type":"Polygon","coordinates":[[[9.8245,53.8458],[9.7926,53.8605],[9.7639,53.8477],[9.757,53.8455],[9.7477,53.8435],[9.7502,53.8325],[9.7433,53.8276],[9.7485,53.8236],[9.7498,53.8197],[9.7638,53.8237],[9.7786,53.8114],[9.7828,53.8101],[9.8031,53.8073],[9.8121,53.8063],[9.814,53.8019],[9.8099,53.8015],[9.8165,53.8006],[9.8209,53.8055],[9.8147,53.8072],[9.823,53.8302],[9.8301,53.8382],[9.8245,53.8458]]]}},{"type":"Feature","properties":{"ags":"01056009","name":"Borstel-Hohenraden","ewz":2452,"dist_km":21,"city":false,"warm_m2":14.79,"own_value":true,"m2_median":59,"share_median":0.307,"m2_p25":46,"share_p25":0.394},"geometry":{"type":"Polygon","coordinates":[[[9.8578,53.7103],[9.8484,53.7077],[9.8317,53.7211],[9.8294,53.7302],[9.8298,53.7342],[9.8353,53.7419],[9.8231,53.7309],[9.8173,53.728],[9.8105,53.726],[9.8028,53.7257],[9.8042,53.7227],[9.8065,53.7194],[9.8065,53.7005],[9.7999,53.6969],[9.7978,53.6875],[9.7942,53.6862],[9.8018,53.679],[9.8188,53.6767],[9.8309,53.6853],[9.8538,53.7023],[9.8578,53.7103]]]}},{"type":"Feature","properties":{"ags":"01056013","name":"Ellerbek","ewz":4249,"dist_km":14.3,"city":false,"warm_m2":15.62,"own_value":true,"m2_median":55,"share_median":0.325,"m2_p25":43,"share_p25":0.417},"geometry":{"type":"Polygon","coordinates":[[[9.9011,53.6621],[9.8798,53.6773],[9.8534,53.6667],[9.849,53.6644],[9.8785,53.6443],[9.8969,53.6349],[9.9047,53.6418],[9.9066,53.6525],[9.9036,53.6535],[9.9011,53.6621]]]}},{"type":"Feature","properties":{"ags":"01056032","name":"Kummerfeld","ewz":2437,"dist_km":22,"city":false,"warm_m2":14.77,"own_value":true,"m2_median":59,"share_median":0.307,"m2_p25":46,"share_p25":0.393},"geometry":{"type":"Polygon","coordinates":[[[9.8042,53.7227],[9.7974,53.7217],[9.7964,53.7228],[9.79,53.7199],[9.7864,53.7091],[9.772,53.6954],[9.7696,53.6961],[9.7682,53.6955],[9.7673,53.6895],[9.7719,53.6878],[9.7796,53.6833],[9.7956,53.6843],[9.7942,53.6862],[9.7978,53.6875],[9.7999,53.6969],[9.8065,53.7005],[9.8065,53.7194],[9.8042,53.7227]]]}},{"type":"Feature","properties":{"ags":"01056040","name":"Prisdorf","ewz":2312,"dist_km":21.4,"city":false,"warm_m2":15.59,"own_value":true,"m2_median":56,"share_median":0.324,"m2_p25":43,"share_p25":0.416},"geometry":{"type":"Polygon","coordinates":[[[9.7659,53.6953],[9.7539,53.6945],[9.7459,53.6748],[9.7659,53.6672],[9.7719,53.663],[9.776,53.6675],[9.7742,53.6683],[9.7748,53.6735],[9.7749,53.6818],[9.7766,53.6836],[9.7796,53.6833],[9.7719,53.6878],[9.7673,53.6895],[9.7682,53.6955],[9.7659,53.6953]]]}},{"type":"Feature","properties":{"ags":"01056047","name":"Tangstedt","ewz":2305,"dist_km":17.9,"city":false,"warm_m2":13.98,"own_value":true,"m2_median":62,"share_median":0.291,"m2_p25":48,"share_p25":0.373},"geometry":{"type":"Polygon","coordinates":[[[9.8656,53.708],[9.8595,53.711],[9.8538,53.7023],[9.8309,53.6853],[9.82,53.6742],[9.8294,53.6654],[9.8442,53.6629],[9.8534,53.6667],[9.8798,53.6773],[9.8781,53.6874],[9.8887,53.6956],[9.8849,53.7037],[9.8656,53.708]]]}},{"type":"Feature","properties":{"ags":"01056001","name":"Appen","ewz":4835,"dist_km":20.7,"city":false,"warm_m2":15.23,"own_value":true,"m2_median":57,"share_median":0.317,"m2_p25":44,"share_p25":0.406},"geometry":{"type":"Polygon","coordinates":[[[9.7459,53.6748],[9.7252,53.6754],[9.7108,53.6742],[9.7059,53.6728],[9.6996,53.6716],[9.6955,53.6707],[9.7008,53.6537],[9.7027,53.6538],[9.7149,53.6414],[9.7106,53.6397],[9.7109,53.6388],[9.7164,53.6414],[9.7539,53.6209],[9.758,53.6181],[9.7637,53.6275],[9.7703,53.6275],[9.7713,53.6315],[9.7666,53.6407],[9.7662,53.6615],[9.7692,53.6632],[9.778,53.66],[9.7659,53.6672],[9.7459,53.6748]]]}},{"type":"Feature","properties":{"ags":"01056016","name":"Groß Nordende","ewz":825,"dist_km":29.8,"city":false,"warm_m2":14.22,"own_value":true,"m2_median":61,"share_median":0.294,"m2_p25":48,"share_p25":0.376},"geometry":{"type":"Polygon","coordinates":[[[9.6548,53.709],[9.6252,53.7083],[9.6233,53.7092],[9.6046,53.7026],[9.6037,53.6972],[9.6093,53.6925],[9.6186,53.6961],[9.6402,53.689],[9.6587,53.6964],[9.6528,53.7005],[9.6517,53.7046],[9.6548,53.709]]]}},{"type":"Feature","properties":{"ags":"01056019","name":"Haselau","ewz":1124,"dist_km":29.7,"city":false,"warm_m2":14.4,"own_value":true,"m2_median":61,"share_median":0.297,"m2_p25":47,"share_p25":0.381},"geometry":{"type":"MultiPolygon","coordinates":[[[[9.5607,53.6736],[9.5485,53.6748],[9.5491,53.6576],[9.561,53.6406],[9.583,53.651],[9.5918,53.6535],[9.5995,53.6529],[9.6251,53.6524],[9.6406,53.6557],[9.6402,53.6598],[9.6413,53.6606],[9.6272,53.6684],[9.617,53.6633],[9.6045,53.6687],[9.59,53.666],[9.584,53.6729],[9.5607,53.6736]]],[[[9.5268,53.6644],[9.5301,53.6752],[9.5207,53.6729],[9.5268,53.6644]]]]}},{"type":"Feature","properties":{"ags":"01056020","name":"Haseldorf","ewz":1861,"dist_km":27.7,"city":false,"warm_m2":13.02,"own_value":true,"m2_median":67,"share_median":0.269,"m2_p25":52,"share_p25":0.345},"geometry":{"type":"Polygon","coordinates":[[[9.6406,53.6557],[9.6251,53.6524],[9.5995,53.6529],[9.5929,53.6536],[9.5885,53.6528],[9.5744,53.6464],[9.5714,53.6461],[9.561,53.6406],[9.5713,53.6336],[9.5819,53.6239],[9.5994,53.6211],[9.6074,53.6108],[9.6143,53.6141],[9.6352,53.6188],[9.6355,53.6227],[9.6421,53.6279],[9.6482,53.6353],[9.6487,53.639],[9.644,53.6442],[9.6422,53.6467],[9.6406,53.6557]]]}},{"type":"Feature","properties":{"ags":"01056023","name":"Heidgraben","ewz":2787,"dist_km":27.6,"city":false,"warm_m2":13.95,"own_value":true,"m2_median":62,"share_median":0.288,"m2_p25":49,"share_p25":0.37},"geometry":{"type":"Polygon","coordinates":[[[9.6857,53.7125],[9.6796,53.7145],[9.6629,53.7161],[9.6548,53.709],[9.6517,53.7046],[9.6528,53.7005],[9.6587,53.6964],[9.6868,53.7029],[9.6916,53.6992],[9.6962,53.698],[9.7023,53.6992],[9.7055,53.7069],[9.6997,53.7115],[9.6857,53.7125]]]}},{"type":"Feature","properties":{"ags":"01056024","name":"Heist","ewz":2988,"dist_km":24.5,"city":false,"warm_m2":15.8,"own_value":true,"m2_median":55,"share_median":0.328,"m2_p25":43,"share_p25":0.42},"geometry":{"type":"Polygon","coordinates":[[[9.6546,53.6603],[9.6462,53.6654],[9.6402,53.6598],[9.6422,53.6467],[9.644,53.6442],[9.6492,53.6384],[9.6486,53.6318],[9.6558,53.6321],[9.654,53.6356],[9.6837,53.6389],[9.7009,53.6353],[9.7109,53.6388],[9.7106,53.6397],[9.7149,53.6414],[9.7027,53.6538],[9.6953,53.6517],[9.6546,53.6603]]]}},{"type":"Feature","properties":{"ags":"01056027","name":"Hetlingen","ewz":1420,"dist_km":25.5,"city":false,"warm_m2":13.03,"own_value":true,"m2_median":67,"share_median":0.27,"m2_p25":52,"share_p25":0.346},"geometry":{"type":"Polygon","coordinates":[[[9.6581,53.6144],[9.6491,53.6268],[9.6487,53.639],[9.6482,53.6353],[9.6421,53.6279],[9.6355,53.6227],[9.6352,53.6188],[9.6143,53.6141],[9.6074,53.6108],[9.5994,53.6211],[9.5819,53.6239],[9.5713,53.6336],[9.5552,53.6212],[9.5928,53.6069],[9.6146,53.596],[9.6457,53.588],[9.661,53.5945],[9.6625,53.6008],[9.6581,53.6139],[9.6581,53.6144]]]}},{"type":"Feature","properties":{"ags":"01056028","name":"Holm","ewz":3353,"dist_km":21.8,"city":false,"warm_m2":15.79,"own_value":true,"m2_median":55,"share_median":0.328,"m2_p25":43,"share_p25":0.421},"geometry":{"type":"Polygon","coordinates":[[[9.7164,53.6414],[9.7009,53.6353],[9.6837,53.6389],[9.654,53.6356],[9.6558,53.6321],[9.6486,53.6318],[9.6491,53.6268],[9.6581,53.6144],[9.6581,53.6139],[9.6672,53.6088],[9.699,53.6107],[9.7218,53.6174],[9.7555,53.6193],[9.7539,53.6209],[9.7164,53.6414]]]}},{"type":"Feature","properties":{"ags":"01056036","name":"Moorrege","ewz":4692,"dist_km":25.3,"city":false,"warm_m2":14.11,"own_value":true,"m2_median":62,"share_median":0.292,"m2_p25":48,"share_p25":0.375},"geometry":{"type":"Polygon","coordinates":[[[9.6822,53.6786],[9.6712,53.6791],[9.6479,53.6759],[9.6368,53.6753],[9.6062,53.6749],[9.5905,53.6722],[9.584,53.6729],[9.59,53.666],[9.6045,53.6687],[9.617,53.6633],[9.6272,53.6684],[9.6413,53.6606],[9.6462,53.6654],[9.6546,53.6603],[9.6953,53.6517],[9.7008,53.6537],[9.6955,53.6707],[9.6923,53.671],[9.6822,53.6786]]]}},{"type":"Feature","properties":{"ags":"01056037","name":"Neuendeich","ewz":521,"dist_km":30.6,"city":false,"warm_m2":12.56,"own_value":true,"m2_median":69,"share_median":0.259,"m2_p25":54,"share_p25":0.332},"geometry":{"type":"Polygon","coordinates":[[[9.5967,53.6998],[9.5853,53.7011],[9.5795,53.6928],[9.5748,53.6806],[9.5905,53.6722],[9.6062,53.6749],[9.6368,53.6753],[9.6425,53.6779],[9.6123,53.6939],[9.6093,53.6925],[9.6037,53.6972],[9.6011,53.7011],[9.5967,53.6998]]]}},{"type":"Feature","properties":{"ags":"01060004","name":"Bad Bramstedt","ewz":15451,"dist_km":41,"city":false,"warm_m2":14.52,"own_value":true,"m2_median":61,"share_median":0.297,"m2_p25":47,"share_p25":0.38},"geometry":{"type":"Polygon","coordinates":[[[9.929,53.9295],[9.9251,53.9352],[9.9217,53.9434],[9.9138,53.9437],[9.9027,53.9327],[9.8925,53.9309],[9.8906,53.9308],[9.8767,53.9314],[9.8654,53.9261],[9.8631,53.9062],[9.8553,53.9075],[9.8517,53.8959],[9.8589,53.8919],[9.8641,53.8939],[9.8953,53.8958],[9.9088,53.8876],[9.9273,53.8876],[9.935,53.8901],[9.9372,53.8889],[9.94,53.8892],[9.9389,53.8916],[9.9474,53.8943],[9.9533,53.9175],[9.9324,53.915],[9.929,53.9295]]]}},{"type":"Feature","properties":{"ags":"01060005","name":"Bad Segeberg","ewz":18891,"dist_km":48.1,"city":false,"warm_m2":15.01,"own_value":true,"m2_median":59,"share_median":0.306,"m2_p25":46,"share_p25":0.391},"geometry":{"type":"Polygon","coordinates":[[[10.2901,53.973],[10.2854,53.9695],[10.2848,53.9531],[10.29,53.9445],[10.291,53.9404],[10.2707,53.9382],[10.2678,53.9375],[10.2706,53.9344],[10.2696,53.9342],[10.2706,53.931],[10.2804,53.9311],[10.2914,53.9179],[10.3006,53.9207],[10.3083,53.9204],[10.3252,53.9229],[10.3403,53.9193],[10.3434,53.9197],[10.3741,53.9321],[10.3732,53.9345],[10.3701,53.9342],[10.369,53.9379],[10.3655,53.9399],[10.364,53.9424],[10.3593,53.9424],[10.3457,53.9353],[10.3222,53.944],[10.3368,53.9484],[10.3419,53.9534],[10.3398,53.9576],[10.3285,53.9567],[10.3117,53.9603],[10.3169,53.9668],[10.3081,53.9706],[10.2998,53.9703],[10.2901,53.973]]]}},{"type":"Feature","properties":{"ags":"01060019","name":"Ellerau","ewz":6276,"dist_km":23.8,"city":false,"warm_m2":15.7,"own_value":true,"m2_median":55,"share_median":0.326,"m2_p25":43,"share_p25":0.418},"geometry":{"type":"Polygon","coordinates":[[[9.9495,53.7679],[9.9506,53.7698],[9.9422,53.7701],[9.903,53.768],[9.9009,53.7645],[9.8997,53.7583],[9.8969,53.7548],[9.8922,53.7523],[9.8967,53.7508],[9.9031,53.751],[9.913,53.748],[9.9159,53.7503],[9.9406,53.752],[9.9661,53.768],[9.9495,53.7679]]]}},{"type":"Feature","properties":{"ags":"01060039","name":"Henstedt-Ulzburg","ewz":28375,"dist_km":26,"city":false,"warm_m2":16.56,"own_value":true,"m2_median":52,"share_median":0.343,"m2_p25":41,"share_p25":0.44},"geometry":{"type":"Polygon","coordinates":[[[9.9845,53.8094],[9.9656,53.8137],[9.9561,53.8151],[9.937,53.8093],[9.937,53.8041],[9.9314,53.8036],[9.931,53.8052],[9.927,53.8021],[9.9338,53.7996],[9.9603,53.7934],[9.9649,53.7791],[9.9541,53.7801],[9.9463,53.7757],[9.9489,53.7698],[9.9506,53.7698],[9.9495,53.7679],[9.9661,53.768],[9.9735,53.7672],[9.9806,53.7641],[9.992,53.7513],[10.0115,53.7458],[10.0375,53.7538],[10.0423,53.7654],[10.0455,53.7645],[10.0807,53.7967],[10.0932,53.8028],[10.0945,53.8038],[10.0873,53.8055],[10.0839,53.7984],[10.0722,53.794],[10.0629,53.7999],[10.0398,53.7997],[10.0336,53.8044],[10.0131,53.7996],[9.9907,53.7986],[9.9845,53.8094]]]}},{"type":"Feature","properties":{"ags":"01060044","name":"Kaltenkirchen","ewz":23478,"dist_km":31,"city":false,"warm_m2":14.92,"own_value":true,"m2_median":58,"share_median":0.308,"m2_p25":46,"share_p25":0.394},"geometry":{"type":"Polygon","coordinates":[[[9.9748,53.8583],[9.9575,53.8562],[9.9306,53.8388],[9.9149,53.84],[9.9069,53.8312],[9.8733,53.825],[9.8736,53.824],[9.8637,53.8206],[9.8731,53.814],[9.878,53.8118],[9.8827,53.8134],[9.8926,53.8142],[9.9,53.817],[9.9195,53.8164],[9.918,53.8117],[9.9227,53.809],[9.9241,53.8084],[9.9243,53.8033],[9.927,53.8021],[9.931,53.8052],[9.9314,53.8036],[9.937,53.8041],[9.937,53.8093],[9.9561,53.8151],[9.9656,53.8137],[9.9777,53.8157],[9.9844,53.8267],[9.9792,53.8364],[9.9821,53.8489],[9.9778,53.8566],[9.9748,53.8583]]]}},{"type":"Feature","properties":{"ags":"01060063","name":"Norderstedt","ewz":82719,"dist_km":16.9,"city":false,"warm_m2":16.98,"own_value":true,"m2_median":51,"share_median":0.354,"m2_p25":40,"share_p25":0.454},"geometry":{"type":"Polygon","coordinates":[[[10.0115,53.7458],[9.992,53.7513],[9.9847,53.76],[9.9779,53.758],[9.9803,53.7521],[9.9787,53.7428],[9.9609,53.723],[9.9453,53.7062],[9.9431,53.6874],[9.9372,53.6806],[9.9377,53.6768],[9.9426,53.6545],[9.9498,53.6507],[9.9655,53.6488],[9.9905,53.6509],[9.9904,53.6697],[9.9987,53.6815],[10.0408,53.682],[10.0505,53.6769],[10.0693,53.6795],[10.0657,53.689],[10.0694,53.6963],[10.0714,53.697],[10.0655,53.7033],[10.0736,53.7092],[10.0728,53.7096],[10.0702,53.7081],[10.0624,53.7107],[10.0581,53.7154],[10.0356,53.7203],[10.0275,53.7257],[10.0227,53.7495],[10.0115,53.7458]]]}},{"type":"Feature","properties":{"ags":"01060092","name":"Wahlstedt","ewz":10050,"dist_km":46.6,"city":false,"warm_m2":13.22,"own_value":true,"m2_median":67,"share_median":0.269,"m2_p25":52,"share_p25":0.345},"geometry":{"type":"Polygon","coordinates":[[[10.2379,53.9615],[10.2356,53.9666],[10.2032,53.974],[10.1675,53.9698],[10.1657,53.9677],[10.1509,53.9639],[10.1721,53.9492],[10.1849,53.9495],[10.1935,53.9405],[10.1875,53.9351],[10.194,53.9334],[10.1984,53.9387],[10.2153,53.9352],[10.2249,53.9406],[10.2383,53.9441],[10.2379,53.9615]]]}},{"type":"Feature","properties":{"ags":"01060009","name":"Bimöhlen","ewz":1015,"dist_km":42.3,"city":false,"warm_m2":13.69,"own_value":true,"m2_median":64,"share_median":0.28,"m2_p25":50,"share_p25":0.358},"geometry":{"type":"Polygon","coordinates":[[[10.0358,53.9504],[10.0245,53.95],[9.9997,53.9389],[9.9687,53.9398],[9.9492,53.9392],[9.9217,53.9434],[9.9251,53.9352],[9.929,53.9295],[9.9324,53.915],[9.9533,53.9175],[9.9522,53.9103],[10.0028,53.9179],[9.9899,53.9291],[10.0082,53.9351],[10.0358,53.9298],[10.029,53.94],[10.0358,53.9504]]]}},{"type":"Feature","properties":{"ags":"01060021","name":"Föhrden-Barl","ewz":289,"dist_km":43.8,"city":false,"warm_m2":12.01,"own_value":true,"m2_median":73,"share_median":0.245,"m2_p25":57,"share_p25":0.314},"geometry":{"type":"Polygon","coordinates":[[[9.7961,53.9358],[9.7918,53.9376],[9.7875,53.9378],[9.7808,53.9381],[9.7737,53.927],[9.7579,53.9291],[9.757,53.9188],[9.7638,53.9098],[9.8032,53.9191],[9.8082,53.9168],[9.8222,53.9161],[9.8253,53.924],[9.8179,53.9263],[9.8142,53.9276],[9.8314,53.9258],[9.8347,53.9309],[9.8339,53.9328],[9.8316,53.9331],[9.8072,53.9352],[9.7961,53.9358]]]}},{"type":"Feature","properties":{"ags":"01060023","name":"Fuhlendorf","ewz":422,"dist_km":44.2,"city":false,"warm_m2":14.01,"own_value":true,"m2_median":63,"share_median":0.286,"m2_p25":49,"share_p25":0.366},"geometry":{"type":"Polygon","coordinates":[[[9.8876,53.9516],[9.8717,53.9567],[9.8676,53.9558],[9.8577,53.9559],[9.855,53.9521],[9.8515,53.9516],[9.8665,53.9434],[9.8707,53.9362],[9.8779,53.9337],[9.8779,53.9313],[9.8925,53.9309],[9.9027,53.9327],[9.9138,53.9437],[9.9167,53.9441],[9.9022,53.9449],[9.8948,53.9458],[9.8876,53.9516]]]}},{"type":"Feature","properties":{"ags":"01060027","name":"Großenaspe","ewz":3113,"dist_km":47.5,"city":false,"warm_m2":13.64,"own_value":true,"m2_median":65,"share_median":0.278,"m2_p25":51,"share_p25":0.355},"geometry":{"type":"Polygon","coordinates":[[[9.9666,54.0169],[9.9686,54.0193],[9.9675,54.0228],[9.9444,54.0218],[9.9004,54.0097],[9.904,54.0081],[9.9192,53.9992],[9.9177,53.988],[9.9319,53.9724],[9.9386,53.9692],[9.956,53.948],[9.957,53.9409],[9.9687,53.9398],[9.9997,53.9389],[10.0245,53.95],[10.0462,53.9509],[10.0562,53.9609],[10.0535,53.9743],[10.0403,53.9681],[10.0168,53.968],[10.0021,53.9835],[10.0027,53.9952],[9.9719,54.0056],[9.9717,54.0174],[9.9666,54.0169]]]}},{"type":"Feature","properties":{"ags":"01060031","name":"Hagen","ewz":472,"dist_km":45.4,"city":false,"warm_m2":13.89,"own_value":true,"m2_median":64,"share_median":0.283,"m2_p25":50,"share_p25":0.363},"geometry":{"type":"MultiPolygon","coordinates":[[[[9.8231,53.9594],[9.8234,53.9605],[9.8216,53.9612],[9.8111,53.9569],[9.8097,53.9537],[9.8146,53.9443],[9.8072,53.9352],[9.8316,53.9331],[9.838,53.9319],[9.8457,53.9375],[9.8678,53.9401],[9.8665,53.9434],[9.8515,53.9516],[9.8493,53.9517],[9.8231,53.9594]]],[[[9.8142,53.9276],[9.8179,53.9263],[9.824,53.9243],[9.8261,53.9245],[9.826,53.926],[9.8142,53.9276]]]]}},{"type":"Feature","properties":{"ags":"01060037","name":"Heidmoor","ewz":289,"dist_km":35.5,"city":false,"warm_m2":14.87,"own_value":true,"m2_median":59,"share_median":0.306,"m2_p25":46,"share_p25":0.391},"geometry":{"type":"Polygon","coordinates":[[[9.8254,53.8808],[9.8202,53.8848],[9.8077,53.876],[9.7926,53.8605],[9.8245,53.8458],[9.8301,53.8382],[9.823,53.8302],[9.8214,53.8259],[9.8325,53.8251],[9.8448,53.8171],[9.8498,53.8296],[9.8637,53.8206],[9.8736,53.824],[9.8705,53.8275],[9.8551,53.8407],[9.862,53.8477],[9.8597,53.8481],[9.8543,53.8719],[9.8432,53.8728],[9.8268,53.8812],[9.8254,53.8808]]]}},{"type":"Feature","properties":{"ags":"01060040","name":"Hitzhusen","ewz":1233,"dist_km":42.2,"city":false,"warm_m2":14.2,"own_value":true,"m2_median":62,"share_median":0.29,"m2_p25":48,"share_p25":0.372},"geometry":{"type":"Polygon","coordinates":[[[9.8707,53.9362],[9.8678,53.9401],[9.8457,53.9375],[9.838,53.9319],[9.8339,53.9328],[9.8347,53.9309],[9.8314,53.9258],[9.826,53.926],[9.8261,53.9245],[9.824,53.9243],[9.8253,53.924],[9.8222,53.9161],[9.8207,53.9153],[9.8287,53.9139],[9.8344,53.9118],[9.8455,53.9111],[9.8476,53.9087],[9.8631,53.9062],[9.8654,53.9261],[9.8767,53.9314],[9.8779,53.9313],[9.8779,53.9337],[9.8707,53.9362]]]}},{"type":"Feature","properties":{"ags":"01060056","name":"Mönkloh","ewz":250,"dist_km":40.3,"city":false,"warm_m2":12.76,"own_value":true,"m2_median":69,"share_median":0.261,"m2_p25":54,"share_p25":0.335},"geometry":{"type":"Polygon","coordinates":[[[9.7638,53.9098],[9.7609,53.9132],[9.7618,53.903],[9.7514,53.893],[9.7636,53.8732],[9.7926,53.8605],[9.8077,53.876],[9.8135,53.8798],[9.8052,53.886],[9.8057,53.8957],[9.7654,53.9065],[9.7638,53.9098]]]}},{"type":"Feature","properties":{"ags":"01060095","name":"Weddelbrook","ewz":1046,"dist_km":40.7,"city":false,"warm_m2":12.78,"own_value":true,"m2_median":69,"share_median":0.262,"m2_p25":54,"share_p25":0.335},"geometry":{"type":"Polygon","coordinates":[[[9.8082,53.9168],[9.8032,53.9191],[9.7638,53.9098],[9.7654,53.9065],[9.8057,53.8957],[9.8052,53.886],[9.8135,53.8798],[9.8202,53.8848],[9.8254,53.8808],[9.8589,53.8919],[9.8517,53.8959],[9.8553,53.9075],[9.8476,53.9087],[9.8455,53.9111],[9.8344,53.9118],[9.8287,53.9139],[9.8207,53.9153],[9.8222,53.9161],[9.8082,53.9168]]]}},{"type":"Feature","properties":{"ags":"01060099","name":"Wiemersdorf","ewz":1706,"dist_km":46.4,"city":false,"warm_m2":13.83,"own_value":true,"m2_median":64,"share_median":0.282,"m2_p25":50,"share_p25":0.361},"geometry":{"type":"Polygon","coordinates":[[[9.9319,53.9724],[9.9181,53.9874],[9.8916,53.9829],[9.872,53.9625],[9.8706,53.9567],[9.8876,53.9516],[9.8948,53.9458],[9.9022,53.9449],[9.9167,53.9441],[9.9217,53.9434],[9.9492,53.9392],[9.957,53.9409],[9.956,53.948],[9.9386,53.9692],[9.9319,53.9724]]]}},{"type":"Feature","properties":{"ags":"01060043","name":"Itzstedt","ewz":2523,"dist_km":30,"city":false,"warm_m2":16.06,"own_value":true,"m2_median":54,"share_median":0.332,"m2_p25":42,"share_p25":0.425},"geometry":{"type":"Polygon","coordinates":[[[10.1686,53.8182],[10.139,53.8104],[10.1362,53.8109],[10.1476,53.8057],[10.157,53.7942],[10.171,53.7901],[10.1949,53.8027],[10.1919,53.808],[10.1741,53.8176],[10.1686,53.8182]]]}},{"type":"Feature","properties":{"ags":"01060046","name":"Kayhude","ewz":1226,"dist_km":24.6,"city":false,"warm_m2":13.84,"own_value":true,"m2_median":63,"share_median":0.287,"m2_p25":49,"share_p25":0.368},"geometry":{"type":"Polygon","coordinates":[[[10.1234,53.7722],[10.117,53.7747],[10.118,53.7704],[10.1119,53.7678],[10.1059,53.7546],[10.1208,53.7469],[10.1279,53.7493],[10.1376,53.7542],[10.1419,53.758],[10.1434,53.7665],[10.1234,53.7722]]]}},{"type":"Feature","properties":{"ags":"01060058","name":"Nahe","ewz":2617,"dist_km":28.4,"city":false,"warm_m2":13.85,"own_value":true,"m2_median":63,"share_median":0.286,"m2_p25":49,"share_p25":0.367},"geometry":{"type":"Polygon","coordinates":[[[10.1306,53.8183],[10.1161,53.8205],[10.1126,53.8149],[10.1122,53.8048],[10.1166,53.7979],[10.1158,53.7887],[10.1132,53.7774],[10.117,53.7747],[10.1234,53.7722],[10.1326,53.7714],[10.1417,53.7772],[10.1437,53.7825],[10.157,53.7942],[10.1476,53.8057],[10.1362,53.8109],[10.1334,53.8125],[10.1306,53.8183]]]}},{"type":"Feature","properties":{"ags":"01060065","name":"Oering","ewz":1443,"dist_km":32.1,"city":false,"warm_m2":13.65,"own_value":true,"m2_median":64,"share_median":0.281,"m2_p25":50,"share_p25":0.36},"geometry":{"type":"Polygon","coordinates":[[[10.1327,53.8388],[10.1283,53.8381],[10.1331,53.8408],[10.1226,53.8416],[10.1075,53.8255],[10.1119,53.8178],[10.1139,53.8174],[10.1161,53.8205],[10.1306,53.8183],[10.1334,53.8125],[10.139,53.8104],[10.1686,53.8182],[10.1669,53.8188],[10.1615,53.8359],[10.1474,53.84],[10.1327,53.8388]]]}},{"type":"Feature","properties":{"ags":"01060076","name":"Seth","ewz":1886,"dist_km":35,"city":false,"warm_m2":13.71,"own_value":true,"m2_median":64,"share_median":0.282,"m2_p25":50,"share_p25":0.361},"geometry":{"type":"Polygon","coordinates":[[[10.1747,53.8705],[10.1495,53.87],[10.1456,53.8691],[10.1411,53.8444],[10.1361,53.841],[10.1331,53.8408],[10.1283,53.8381],[10.1327,53.8388],[10.1474,53.84],[10.1702,53.8376],[10.1837,53.8391],[10.1877,53.8504],[10.1867,53.8554],[10.1968,53.8529],[10.1978,53.8541],[10.1747,53.8705]]]}},{"type":"Feature","properties":{"ags":"01060085","name":"Sülfeld","ewz":3316,"dist_km":32.3,"city":false,"warm_m2":13.51,"own_value":true,"m2_median":65,"share_median":0.278,"m2_p25":50,"share_p25":0.357},"geometry":{"type":"Polygon","coordinates":[[[10.1978,53.8541],[10.1968,53.8529],[10.1867,53.8554],[10.1877,53.8504],[10.1837,53.8391],[10.1702,53.8376],[10.1615,53.8359],[10.1669,53.8188],[10.1741,53.8176],[10.1919,53.808],[10.2139,53.7911],[10.2165,53.7831],[10.2426,53.7819],[10.2634,53.7867],[10.2692,53.7867],[10.2703,53.7882],[10.2624,53.7872],[10.2624,53.7962],[10.2488,53.8015],[10.2467,53.8068],[10.2559,53.8148],[10.2526,53.8179],[10.2411,53.8184],[10.2387,53.8238],[10.2393,53.827],[10.2351,53.8265],[10.2183,53.8287],[10.2124,53.836],[10.2074,53.8471],[10.1978,53.8541]]]}},{"type":"Feature","properties":{"ags":"01060002","name":"Alveslohe","ewz":2868,"dist_km":26.8,"city":false,"warm_m2":18.86,"own_value":true,"m2_median":46,"share_median":0.39,"m2_p25":36,"share_p25":0.5},"geometry":{"type":"Polygon","coordinates":[[[9.9195,53.8164],[9.9,53.817],[9.8926,53.8142],[9.8827,53.8134],[9.878,53.8118],[9.8808,53.8109],[9.883,53.8011],[9.8672,53.7817],[9.8733,53.7783],[9.8835,53.7765],[9.8935,53.776],[9.8987,53.7742],[9.9014,53.7695],[9.9009,53.7645],[9.903,53.768],[9.9422,53.7701],[9.9489,53.7698],[9.9463,53.7757],[9.9541,53.7801],[9.9649,53.7791],[9.9603,53.7934],[9.9338,53.7996],[9.9243,53.8033],[9.9241,53.8084],[9.9227,53.809],[9.918,53.8117],[9.9195,53.8164]]]}},{"type":"Feature","properties":{"ags":"01060034","name":"Hartenholm","ewz":1974,"dist_km":38.1,"city":false,"warm_m2":13.48,"own_value":true,"m2_median":65,"share_median":0.277,"m2_p25":51,"share_p25":0.354},"geometry":{"type":"Polygon","coordinates":[[[10.1054,53.9049],[10.0878,53.9053],[10.0758,53.9156],[10.0607,53.9083],[10.0457,53.914],[10.0385,53.9091],[10.0368,53.8875],[10.0597,53.8722],[10.0859,53.8755],[10.0893,53.8774],[10.1074,53.883],[10.1058,53.8914],[10.1045,53.8956],[10.1067,53.9054],[10.1054,53.9049]]]}},{"type":"Feature","properties":{"ags":"01060036","name":"Hasenmoor","ewz":759,"dist_km":39.7,"city":false,"warm_m2":16.83,"own_value":true,"m2_median":52,"share_median":0.345,"m2_p25":41,"share_p25":0.441},"geometry":{"type":"Polygon","coordinates":[[[10.0358,53.9298],[10.0082,53.9351],[9.9899,53.9291],[10.0028,53.9179],[9.9522,53.9103],[9.9504,53.9025],[9.987,53.8964],[10.0034,53.8976],[10.0052,53.8899],[10.0214,53.8854],[10.0278,53.8862],[10.0368,53.8875],[10.0385,53.9091],[10.0457,53.914],[10.0364,53.9273],[10.0403,53.9299],[10.0358,53.9298]]]}},{"type":"Feature","properties":{"ags":"01060054","name":"Lentföhrden","ewz":2669,"dist_km":36.6,"city":false,"warm_m2":13.12,"own_value":true,"m2_median":67,"share_median":0.269,"m2_p25":52,"share_p25":0.345},"geometry":{"type":"Polygon","coordinates":[[[9.94,53.8892],[9.9372,53.8889],[9.935,53.8901],[9.9273,53.8876],[9.9088,53.8876],[9.8953,53.8958],[9.8641,53.8939],[9.8268,53.8812],[9.8432,53.8728],[9.8543,53.8719],[9.8597,53.8481],[9.869,53.853],[9.8921,53.8582],[9.9076,53.8758],[9.9266,53.8804],[9.9379,53.8759],[9.9444,53.8689],[9.9441,53.8781],[9.94,53.8892]]]}},{"type":"Feature","properties":{"ags":"01060064","name":"Nützen","ewz":1288,"dist_km":33.7,"city":false,"warm_m2":12.94,"own_value":true,"m2_median":68,"share_median":0.266,"m2_p25":53,"share_p25":0.341},"geometry":{"type":"Polygon","coordinates":[[[9.9379,53.8759],[9.9266,53.8804],[9.9076,53.8758],[9.8921,53.8582],[9.869,53.853],[9.862,53.8477],[9.8551,53.8407],[9.8705,53.8275],[9.8733,53.825],[9.9069,53.8312],[9.9149,53.84],[9.9306,53.8388],[9.9575,53.8562],[9.9748,53.8583],[9.9444,53.8689],[9.9379,53.8759]]]}},{"type":"Feature","properties":{"ags":"01060073","name":"Schmalfeld","ewz":2051,"dist_km":36.6,"city":false,"warm_m2":13.74,"own_value":true,"m2_median":64,"share_median":0.282,"m2_p25":50,"share_p25":0.361},"geometry":{"type":"MultiPolygon","coordinates":[[[[10.0214,53.8854],[10.0052,53.8899],[10.0034,53.8976],[9.987,53.8964],[9.9504,53.9025],[9.9474,53.8943],[9.9389,53.8916],[9.9441,53.8781],[9.9444,53.8689],[9.9748,53.8583],[9.9778,53.8566],[9.9827,53.8623],[10.0003,53.8603],[10.0115,53.8679],[10.0215,53.8657],[10.0238,53.8684],[10.0272,53.8679],[10.0266,53.875],[10.0214,53.8854]]],[[[10.0164,53.8584],[10.0086,53.8595],[10.0103,53.8559],[10.0164,53.8584]]]]}},{"type":"Feature","properties":{"ags":"01060042","name":"Hüttblek","ewz":416,"dist_km":32.1,"city":false,"warm_m2":11.42,"own_value":true,"m2_median":76,"share_median":0.235,"m2_p25":60,"share_p25":0.302},"geometry":{"type":"Polygon","coordinates":[[[10.077,53.8435],[10.0745,53.845],[10.0556,53.8341],[10.0535,53.8336],[10.0542,53.8321],[10.0523,53.8313],[10.0837,53.829],[10.0856,53.8358],[10.0793,53.841],[10.0799,53.8439],[10.077,53.8435]]]}},{"type":"Feature","properties":{"ags":"01060045","name":"Kattendorf","ewz":816,"dist_km":33.4,"city":false,"warm_m2":13.5,"own_value":true,"m2_median":65,"share_median":0.278,"m2_p25":51,"share_p25":0.356},"geometry":{"type":"Polygon","coordinates":[[[10.027,53.8646],[10.0115,53.8679],[10.0003,53.8603],[10.0086,53.8595],[10.0164,53.8584],[10.0103,53.8559],[10.0128,53.8457],[10.015,53.8442],[10.0138,53.8399],[10.0228,53.8387],[10.0338,53.8325],[10.0462,53.8319],[10.0556,53.8341],[10.0745,53.845],[10.077,53.8435],[10.0799,53.8439],[10.0815,53.8489],[10.0526,53.8479],[10.0349,53.8646],[10.027,53.8646]]]}},{"type":"Feature","properties":{"ags":"01060047","name":"Kisdorf","ewz":4016,"dist_km":29,"city":false,"warm_m2":14.07,"own_value":true,"m2_median":62,"share_median":0.291,"m2_p25":48,"share_p25":0.373},"geometry":{"type":"Polygon","coordinates":[[[10.0837,53.829],[10.0523,53.8313],[10.0542,53.8321],[10.0535,53.8336],[10.0462,53.8319],[10.0338,53.8325],[10.0235,53.8223],[9.9947,53.826],[9.9919,53.8268],[9.9844,53.8267],[9.9777,53.8157],[9.9845,53.8094],[9.9907,53.7986],[10.0131,53.7996],[10.0336,53.8044],[10.0398,53.7997],[10.0629,53.7999],[10.0722,53.794],[10.0839,53.7984],[10.0873,53.8055],[10.0945,53.8038],[10.0946,53.805],[10.1066,53.8041],[10.1085,53.8028],[10.1105,53.8035],[10.1133,53.8031],[10.1122,53.8048],[10.1126,53.8149],[10.1139,53.8174],[10.1119,53.8178],[10.1091,53.8209],[10.0855,53.8331],[10.0837,53.829]]]}},{"type":"Feature","properties":{"ags":"01060066","name":"Oersdorf","ewz":903,"dist_km":32.5,"city":false,"warm_m2":14.8,"own_value":true,"m2_median":59,"share_median":0.305,"m2_p25":46,"share_p25":0.391},"geometry":{"type":"Polygon","coordinates":[[[10.0003,53.8603],[9.9827,53.8623],[9.9778,53.8566],[9.9821,53.8489],[9.9792,53.8364],[9.9844,53.8267],[9.9919,53.8268],[9.9897,53.8345],[10.0108,53.8326],[10.0138,53.8399],[10.015,53.8442],[10.0128,53.8457],[10.0103,53.8559],[10.0003,53.8603]]]}},{"type":"Feature","properties":{"ags":"01060077","name":"Sievershütten","ewz":1100,"dist_km":32.4,"city":false,"warm_m2":12.48,"own_value":true,"m2_median":70,"share_median":0.257,"m2_p25":55,"share_p25":0.329},"geometry":{"type":"Polygon","coordinates":[[[10.11,53.8511],[10.0981,53.86],[10.0842,53.8511],[10.0793,53.841],[10.0856,53.8358],[10.0855,53.8331],[10.1091,53.8209],[10.1075,53.8255],[10.1226,53.8416],[10.1339,53.8407],[10.1341,53.8427],[10.1304,53.8424],[10.1304,53.8445],[10.1241,53.8452],[10.11,53.8511]]]}},{"type":"Feature","properties":{"ags":"01060082","name":"Struvenhütten","ewz":959,"dist_km":35.1,"city":false,"warm_m2":13.59,"own_value":true,"m2_median":64,"share_median":0.279,"m2_p25":50,"share_p25":0.358},"geometry":{"type":"Polygon","coordinates":[[[10.0368,53.8875],[10.0278,53.8862],[10.0266,53.875],[10.0272,53.8679],[10.0238,53.8684],[10.0215,53.8657],[10.027,53.8646],[10.0349,53.8646],[10.0526,53.8479],[10.0815,53.8489],[10.0842,53.8511],[10.0981,53.86],[10.0971,53.8623],[10.0992,53.8699],[10.0888,53.8699],[10.0846,53.8733],[10.0859,53.8755],[10.0597,53.8722],[10.0368,53.8875]]]}},{"type":"Feature","properties":{"ags":"01060084","name":"Stuvenborn","ewz":905,"dist_km":34.7,"city":false,"warm_m2":13.24,"own_value":true,"m2_median":66,"share_median":0.272,"m2_p25":52,"share_p25":0.349},"geometry":{"type":"Polygon","coordinates":[[[10.1456,53.8691],[10.1185,53.8751],[10.1059,53.872],[10.0992,53.8699],[10.0971,53.8623],[10.11,53.8511],[10.1241,53.8452],[10.1304,53.8445],[10.1304,53.8424],[10.1341,53.8427],[10.1339,53.8407],[10.1361,53.841],[10.1411,53.8444],[10.1456,53.8691]]]}},{"type":"Feature","properties":{"ags":"01060094","name":"Wakendorf II","ewz":1405,"dist_km":26.2,"city":false,"warm_m2":13.81,"own_value":true,"m2_median":63,"share_median":0.286,"m2_p25":49,"share_p25":0.367},"geometry":{"type":"Polygon","coordinates":[[[10.1133,53.8031],[10.1105,53.8035],[10.1085,53.8028],[10.1066,53.8041],[10.0946,53.805],[10.0932,53.8028],[10.0807,53.7967],[10.0455,53.7645],[10.0584,53.7649],[10.0885,53.7687],[10.1119,53.7678],[10.118,53.7704],[10.1132,53.7774],[10.1158,53.7887],[10.1168,53.7921],[10.1156,53.8005],[10.1133,53.8031]]]}},{"type":"Feature","properties":{"ags":"01060100","name":"Winsen","ewz":358,"dist_km":30.7,"city":false,"warm_m2":12.93,"own_value":true,"m2_median":67,"share_median":0.267,"m2_p25":53,"share_p25":0.342},"geometry":{"type":"Polygon","coordinates":[[[10.0338,53.8325],[10.0228,53.8387],[10.0138,53.8399],[10.0108,53.8326],[9.9897,53.8345],[9.9947,53.826],[10.0235,53.8223],[10.0338,53.8325]]]}},{"type":"Feature","properties":{"ags":"01060007","name":"Bark","ewz":1025,"dist_km":41.8,"city":false,"warm_m2":11.32,"own_value":true,"m2_median":78,"share_median":0.232,"m2_p25":61,"share_p25":0.296},"geometry":{"type":"MultiPolygon","coordinates":[[[[10.2153,53.9352],[10.1984,53.9387],[10.194,53.9334],[10.1795,53.936],[10.177,53.9263],[10.1514,53.9202],[10.1438,53.9255],[10.124,53.9277],[10.1235,53.9122],[10.1147,53.9081],[10.1067,53.9054],[10.1045,53.8956],[10.1058,53.8914],[10.1068,53.8903],[10.1252,53.8912],[10.1439,53.8994],[10.1774,53.9028],[10.1932,53.9007],[10.2036,53.9017],[10.2025,53.9054],[10.2071,53.9062],[10.2067,53.922],[10.2179,53.9296],[10.223,53.9312],[10.224,53.9331],[10.2215,53.9334],[10.2191,53.9376],[10.2153,53.9352]]],[[[10.1275,53.9746],[10.1219,53.9758],[10.1174,53.9739],[10.1275,53.9746]]]]}},{"type":"Feature","properties":{"ags":"01060008","name":"Bebensee","ewz":613,"dist_km":41.2,"city":false,"warm_m2":13.35,"own_value":true,"m2_median":66,"share_median":0.273,"m2_p25":51,"share_p25":0.35},"geometry":{"type":"Polygon","coordinates":[[[10.3261,53.8825],[10.3174,53.8874],[10.3144,53.8916],[10.3012,53.8911],[10.2967,53.8891],[10.2836,53.889],[10.2806,53.8885],[10.2751,53.8886],[10.2781,53.878],[10.2828,53.8702],[10.2876,53.8711],[10.2943,53.8729],[10.3075,53.8723],[10.3164,53.8651],[10.3208,53.868],[10.3264,53.8703],[10.3257,53.88],[10.3261,53.8825]]]}},{"type":"Feature","properties":{"ags":"01060022","name":"Fredesdorf","ewz":420,"dist_km":37.4,"city":false,"warm_m2":10.85,"own_value":true,"m2_median":81,"share_median":0.223,"m2_p25":63,"share_p25":0.285},"geometry":{"type":"Polygon","coordinates":[[[10.2034,53.8807],[10.1962,53.8863],[10.1649,53.8751],[10.1566,53.8764],[10.1588,53.8758],[10.1567,53.8701],[10.1747,53.8705],[10.1933,53.8574],[10.2121,53.8764],[10.2133,53.8831],[10.2097,53.8815],[10.2034,53.8807]]]}},{"type":"Feature","properties":{"ags":"01060029","name":"Groß Niendorf","ewz":638,"dist_km":35.5,"city":false,"warm_m2":11.84,"own_value":true,"m2_median":74,"share_median":0.243,"m2_p25":58,"share_p25":0.312},"geometry":{"type":"Polygon","coordinates":[[[10.2357,53.8606],[10.2303,53.8624],[10.2238,53.861],[10.2174,53.8538],[10.2068,53.8475],[10.2124,53.836],[10.2183,53.8287],[10.2351,53.8265],[10.2408,53.8267],[10.2727,53.8458],[10.2681,53.8468],[10.2655,53.8493],[10.253,53.8579],[10.2357,53.8606]]]}},{"type":"Feature","properties":{"ags":"01060041","name":"Högersdorf","ewz":410,"dist_km":44.5,"city":false,"warm_m2":12.86,"own_value":true,"m2_median":69,"share_median":0.263,"m2_p25":54,"share_p25":0.336},"geometry":{"type":"Polygon","coordinates":[[[10.2914,53.9179],[10.2804,53.9311],[10.2706,53.931],[10.2696,53.9342],[10.2553,53.9297],[10.2413,53.926],[10.2418,53.9234],[10.2503,53.9228],[10.2606,53.9185],[10.2708,53.9168],[10.2722,53.9122],[10.2796,53.9114],[10.29,53.9102],[10.2996,53.9098],[10.3021,53.9079],[10.3029,53.9152],[10.2988,53.9196],[10.2914,53.9179]]]}},{"type":"Feature","properties":{"ags":"01060051","name":"Kükels","ewz":449,"dist_km":41,"city":false,"warm_m2":12.06,"own_value":true,"m2_median":73,"share_median":0.247,"m2_p25":57,"share_p25":0.316},"geometry":{"type":"Polygon","coordinates":[[[10.2216,53.9099],[10.2119,53.9124],[10.2075,53.9118],[10.2071,53.9062],[10.2025,53.9054],[10.2055,53.8931],[10.205,53.881],[10.2097,53.8815],[10.2133,53.8831],[10.2151,53.8824],[10.2203,53.885],[10.2235,53.8853],[10.246,53.8818],[10.2478,53.8887],[10.2497,53.8931],[10.2494,53.895],[10.2479,53.8993],[10.2387,53.9085],[10.2216,53.9099]]]}},{"type":"Feature","properties":{"ags":"01060053","name":"Leezen","ewz":1865,"dist_km":38.2,"city":false,"warm_m2":13.6,"own_value":true,"m2_median":65,"share_median":0.279,"m2_p25":50,"share_p25":0.357},"geometry":{"type":"Polygon","coordinates":[[[10.2668,53.8909],[10.2478,53.8887],[10.246,53.8818],[10.2235,53.8853],[10.2203,53.885],[10.2151,53.8824],[10.2121,53.8764],[10.1933,53.8574],[10.2068,53.8475],[10.2174,53.8538],[10.2238,53.861],[10.2303,53.8624],[10.2357,53.8606],[10.253,53.8579],[10.2655,53.8493],[10.2676,53.8542],[10.2647,53.8658],[10.2591,53.8662],[10.2618,53.8694],[10.2714,53.8685],[10.2779,53.8702],[10.2828,53.8702],[10.2781,53.878],[10.2751,53.8886],[10.2671,53.8895],[10.2668,53.8909]]]}},{"type":"Feature","properties":{"ags":"01060057","name":"Mözen","ewz":435,"dist_km":42.6,"city":false,"warm_m2":11.97,"own_value":true,"m2_median":74,"share_median":0.245,"m2_p25":57,"share_p25":0.313},"geometry":{"type":"Polygon","coordinates":[[[10.2606,53.9185],[10.2503,53.9228],[10.2418,53.9234],[10.2396,53.9201],[10.2373,53.9132],[10.2387,53.9085],[10.2479,53.8993],[10.2494,53.895],[10.2497,53.8931],[10.2668,53.8909],[10.2671,53.8895],[10.2806,53.8885],[10.2841,53.8901],[10.273,53.9024],[10.2708,53.9168],[10.2606,53.9185]]]}},{"type":"Feature","properties":{"ags":"01060062","name":"Neversdorf","ewz":719,"dist_km":39,"city":false,"warm_m2":13.01,"own_value":true,"m2_median":67,"share_median":0.267,"m2_p25":53,"share_p25":0.341},"geometry":{"type":"Polygon","coordinates":[[[10.3075,53.8723],[10.2943,53.8729],[10.2876,53.8711],[10.2779,53.8702],[10.2714,53.8685],[10.2618,53.8694],[10.2591,53.8662],[10.2647,53.8658],[10.2676,53.8542],[10.2681,53.8468],[10.2793,53.8449],[10.2843,53.8518],[10.2896,53.8552],[10.3181,53.853],[10.3164,53.8651],[10.3075,53.8723]]]}},{"type":"Feature","properties":{"ags":"01060074","name":"Schwissel","ewz":259,"dist_km":43,"city":false,"warm_m2":13.24,"own_value":true,"m2_median":67,"share_median":0.271,"m2_p25":52,"share_p25":0.346},"geometry":{"type":"Polygon","coordinates":[[[10.29,53.9102],[10.2796,53.9114],[10.2722,53.9122],[10.273,53.9024],[10.2841,53.8901],[10.2836,53.889],[10.2967,53.8891],[10.3012,53.8911],[10.3144,53.8916],[10.3108,53.8964],[10.3036,53.9002],[10.3069,53.9048],[10.3073,53.9058],[10.3032,53.9069],[10.2996,53.9098],[10.29,53.9102]]]}},{"type":"Feature","properties":{"ags":"01060088","name":"Todesfelde","ewz":1144,"dist_km":38.1,"city":false,"warm_m2":11.16,"own_value":true,"m2_median":79,"share_median":0.229,"m2_p25":61,"share_p25":0.293},"geometry":{"type":"Polygon","coordinates":[[[10.1932,53.9007],[10.1774,53.9028],[10.1439,53.8994],[10.1252,53.8912],[10.1068,53.8903],[10.1074,53.883],[10.0893,53.8774],[10.0846,53.8733],[10.0888,53.8699],[10.1059,53.872],[10.1185,53.8751],[10.1456,53.8691],[10.1495,53.87],[10.1567,53.8701],[10.1573,53.8736],[10.1588,53.8758],[10.1566,53.8764],[10.1649,53.8751],[10.1962,53.8863],[10.2034,53.8807],[10.205,53.881],[10.206,53.886],[10.2036,53.9017],[10.1932,53.9007]]]}},{"type":"Feature","properties":{"ags":"01060101","name":"Wittenborn","ewz":1094,"dist_km":44,"city":false,"warm_m2":12.61,"own_value":true,"m2_median":70,"share_median":0.258,"m2_p25":55,"share_p25":0.33},"geometry":{"type":"Polygon","coordinates":[[[10.2391,53.93],[10.2383,53.9441],[10.2249,53.9406],[10.2191,53.9376],[10.2215,53.9334],[10.224,53.9331],[10.223,53.9312],[10.2179,53.9296],[10.2067,53.922],[10.2075,53.9118],[10.2119,53.9124],[10.2216,53.9099],[10.2373,53.9132],[10.2396,53.9201],[10.2418,53.9234],[10.2391,53.93]]]}},{"type":"Feature","properties":{"ags":"01060038","name":"Heidmühlen","ewz":675,"dist_km":45.1,"city":false,"warm_m2":11.7,"own_value":true,"m2_median":75,"share_median":0.239,"m2_p25":59,"share_p25":0.306},"geometry":{"type":"Polygon","coordinates":[[[10.0994,53.9831],[10.0738,53.9759],[10.0702,53.9739],[10.0551,53.9754],[10.0535,53.9743],[10.0562,53.9609],[10.0462,53.9509],[10.0358,53.9504],[10.029,53.94],[10.0358,53.9298],[10.0403,53.9299],[10.0455,53.9352],[10.0691,53.9499],[10.0926,53.9482],[10.1069,53.9629],[10.1197,53.9626],[10.1402,53.9724],[10.1275,53.9746],[10.1174,53.9739],[10.1229,53.9768],[10.1261,53.9766],[10.1241,53.986],[10.1232,53.9853],[10.1108,53.9864],[10.0994,53.9831]]]}},{"type":"Feature","properties":{"ags":"01060006","name":"Bahrenhof","ewz":198,"dist_km":44,"city":false,"warm_m2":14.07,"own_value":true,"m2_median":63,"share_median":0.287,"m2_p25":49,"share_p25":0.368},"geometry":{"type":"MultiPolygon","coordinates":[[[[10.3676,53.8851],[10.3656,53.8875],[10.3576,53.8871],[10.3574,53.8832],[10.3595,53.8818],[10.3581,53.8756],[10.3642,53.8686],[10.3869,53.8722],[10.3954,53.8684],[10.4168,53.8695],[10.4164,53.8714],[10.4157,53.8745],[10.4082,53.8827],[10.386,53.886],[10.3816,53.8864],[10.3676,53.8851]]],[[[10.4314,53.8747],[10.4321,53.8774],[10.4267,53.879],[10.4314,53.8747]]]]}},{"type":"Feature","properties":{"ags":"01060015","name":"Bühnsdorf","ewz":373,"dist_km":45.5,"city":false,"warm_m2":11.41,"own_value":true,"m2_median":77,"share_median":0.233,"m2_p25":60,"share_p25":0.298},"geometry":{"type":"Polygon","coordinates":[[[10.3976,53.8927],[10.3873,53.8948],[10.3703,53.8945],[10.3638,53.892],[10.3641,53.8903],[10.3566,53.8881],[10.3576,53.8871],[10.3656,53.8875],[10.3676,53.8851],[10.3816,53.8864],[10.386,53.886],[10.4082,53.8827],[10.4157,53.8745],[10.4281,53.8764],[10.4267,53.879],[10.4321,53.8774],[10.4345,53.8781],[10.4302,53.8815],[10.3976,53.8927]]]}},{"type":"Feature","properties":{"ags":"01060018","name":"Dreggers","ewz":54,"dist_km":42.7,"city":false,"warm_m2":10.79,"own_value":false,"m2_median":82,"share_median":0.221,"m2_p25":64,"share_p25":0.282},"geometry":{"type":"Polygon","coordinates":[[[10.3566,53.8881],[10.3394,53.8875],[10.3381,53.886],[10.3264,53.8818],[10.3257,53.88],[10.3296,53.8727],[10.3458,53.8739],[10.3595,53.8818],[10.3574,53.8832],[10.3566,53.8881]]]}},{"type":"Feature","properties":{"ags":"01060020","name":"Fahrenkrug","ewz":1625,"dist_km":47.3,"city":false,"warm_m2":12.32,"own_value":true,"m2_median":72,"share_median":0.251,"m2_p25":56,"share_p25":0.321},"geometry":{"type":"Polygon","coordinates":[[[10.2696,53.9433],[10.2537,53.9623],[10.2379,53.9615],[10.2383,53.9441],[10.2391,53.93],[10.2413,53.926],[10.2553,53.9297],[10.2706,53.9344],[10.2678,53.9375],[10.2696,53.9433]]]}},{"type":"Feature","properties":{"ags":"01060048","name":"Klein Gladebrügge","ewz":650,"dist_km":45.1,"city":false,"warm_m2":12.34,"own_value":true,"m2_median":71,"share_median":0.252,"m2_p25":56,"share_p25":0.322},"geometry":{"type":"Polygon","coordinates":[[[10.3359,53.9172],[10.3314,53.9212],[10.3252,53.9229],[10.3083,53.9204],[10.2988,53.9196],[10.3029,53.9152],[10.3021,53.9079],[10.3073,53.9058],[10.3069,53.9048],[10.3362,53.9062],[10.3424,53.9067],[10.3452,53.9073],[10.3462,53.9187],[10.3359,53.9172]]]}},{"type":"Feature","properties":{"ags":"01060061","name":"Neuengörs","ewz":807,"dist_km":45.9,"city":false,"warm_m2":12,"own_value":true,"m2_median":74,"share_median":0.245,"m2_p25":57,"share_p25":0.313},"geometry":{"type":"Polygon","coordinates":[[[10.4252,53.9012],[10.3956,53.9164],[10.354,53.9078],[10.3424,53.9067],[10.3417,53.9001],[10.3492,53.894],[10.3453,53.8905],[10.3356,53.8874],[10.3354,53.8857],[10.3394,53.8875],[10.3641,53.8903],[10.3638,53.892],[10.3703,53.8945],[10.3873,53.8948],[10.3976,53.8927],[10.4302,53.8815],[10.4361,53.8818],[10.4444,53.8901],[10.4312,53.8922],[10.4324,53.8953],[10.4288,53.8985],[10.4293,53.8995],[10.4252,53.9012]]]}},{"type":"Feature","properties":{"ags":"01060091","name":"Traventhal","ewz":527,"dist_km":43.7,"city":false,"warm_m2":14.71,"own_value":true,"m2_median":60,"share_median":0.3,"m2_p25":47,"share_p25":0.385},"geometry":{"type":"Polygon","coordinates":[[[10.3362,53.9062],[10.3069,53.9048],[10.3036,53.9002],[10.3108,53.8964],[10.3174,53.8874],[10.3261,53.8825],[10.3354,53.8857],[10.3356,53.8874],[10.3453,53.8905],[10.3492,53.894],[10.3417,53.9001],[10.3362,53.9062]]]}},{"type":"Feature","properties":{"ags":"01060093","name":"Wakendorf I","ewz":483,"dist_km":41.9,"city":false,"warm_m2":12.62,"own_value":true,"m2_median":70,"share_median":0.258,"m2_p25":54,"share_p25":0.33},"geometry":{"type":"Polygon","coordinates":[[[10.3869,53.8722],[10.3642,53.8686],[10.3581,53.8756],[10.3458,53.8739],[10.3296,53.8727],[10.3343,53.8688],[10.3412,53.8629],[10.3414,53.858],[10.3493,53.8562],[10.3569,53.8534],[10.3624,53.8581],[10.3724,53.8616],[10.3857,53.8649],[10.3928,53.8635],[10.3953,53.862],[10.4006,53.8641],[10.3869,53.8722]]]}},{"type":"Feature","properties":{"ags":"01060014","name":"Buchholz (Forstgutsbez.)","ewz":0,"dist_km":43.5,"city":false},"geometry":{"type":"Polygon","coordinates":[[[10.1566,53.9737],[10.1402,53.9724],[10.1197,53.9626],[10.1069,53.9629],[10.0926,53.9482],[10.0691,53.9499],[10.0455,53.9352],[10.0364,53.9273],[10.0457,53.914],[10.0607,53.9083],[10.0758,53.9156],[10.0878,53.9053],[10.1054,53.9049],[10.1147,53.9081],[10.1235,53.9122],[10.124,53.9277],[10.1438,53.9255],[10.1514,53.9202],[10.177,53.9263],[10.1795,53.936],[10.1875,53.9351],[10.1935,53.9405],[10.1849,53.9495],[10.1721,53.9492],[10.1509,53.9639],[10.1657,53.9677],[10.1667,53.9692],[10.1566,53.9737]]]}},{"type":"Feature","properties":{"ags":"01061029","name":"Glückstadt","ewz":10987,"dist_km":45.8,"city":false,"warm_m2":12.49,"own_value":true,"m2_median":71,"share_median":0.255,"m2_p25":55,"share_p25":0.326},"geometry":{"type":"Polygon","coordinates":[[[9.4111,53.8028],[9.4049,53.7993],[9.4085,53.7851],[9.4223,53.7699],[9.4334,53.7512],[9.4345,53.7596],[9.4514,53.7677],[9.4529,53.7788],[9.4426,53.7883],[9.4404,53.794],[9.4422,53.7956],[9.4491,53.7974],[9.4382,53.8052],[9.4213,53.8103],[9.4111,53.8028]]]}},{"type":"Feature","properties":{"ags":"01061005","name":"Auufer","ewz":131,"dist_km":45.4,"city":false,"warm_m2":10.66,"own_value":false,"m2_median":83,"share_median":0.217,"m2_p25":65,"share_p25":0.278},"geometry":{"type":"Polygon","coordinates":[[[9.7039,53.9169],[9.7053,53.9292],[9.6962,53.9351],[9.694,53.936],[9.691,53.9357],[9.6884,53.9283],[9.6685,53.9121],[9.6848,53.8975],[9.7039,53.9169]]]}},{"type":"Feature","properties":{"ags":"01061017","name":"Breitenburg","ewz":1286,"dist_km":46.9,"city":false,"warm_m2":12.43,"own_value":true,"m2_median":71,"share_median":0.253,"m2_p25":56,"share_p25":0.324},"geometry":{"type":"MultiPolygon","coordinates":[[[[9.5751,53.9119],[9.5699,53.9097],[9.5673,53.9116],[9.5657,53.9116],[9.5647,53.9091],[9.5628,53.9081],[9.5532,53.9076],[9.5519,53.9041],[9.5501,53.8982],[9.5683,53.8907],[9.5979,53.8906],[9.5997,53.8826],[9.6269,53.8812],[9.6328,53.8716],[9.6486,53.8738],[9.6455,53.8789],[9.6495,53.8811],[9.6453,53.8876],[9.6477,53.8895],[9.6436,53.8881],[9.614,53.8875],[9.5952,53.8918],[9.5751,53.9119]]],[[[9.5113,53.9055],[9.5056,53.9068],[9.4995,53.9047],[9.4894,53.8975],[9.5037,53.8886],[9.5153,53.8918],[9.5132,53.8968],[9.5129,53.9066],[9.5113,53.9055]]]]}},{"type":"Feature","properties":{"ags":"01061068","name":"Moordiek","ewz":113,"dist_km":45.2,"city":false,"warm_m2":9.05,"own_value":false,"m2_median":97,"share_median":0.185,"m2_p25":76,"share_p25":0.236},"geometry":{"type":"Polygon","coordinates":[[[9.6848,53.8975],[9.6685,53.9121],[9.6715,53.9151],[9.6605,53.9253],[9.6382,53.9151],[9.6599,53.8963],[9.6702,53.8893],[9.693,53.8901],[9.6848,53.8975]]]}},{"type":"Feature","properties":{"ags":"01061109","name":"Westermoor","ewz":416,"dist_km":45.7,"city":false,"warm_m2":11.93,"own_value":true,"m2_median":74,"share_median":0.243,"m2_p25":58,"share_p25":0.311},"geometry":{"type":"Polygon","coordinates":[[[9.625,53.9264],[9.6204,53.9234],[9.6123,53.9177],[9.5986,53.9164],[9.5967,53.9147],[9.6044,53.9123],[9.6114,53.9092],[9.6174,53.9052],[9.6277,53.8898],[9.6199,53.8874],[9.6449,53.8882],[9.6477,53.8895],[9.6453,53.8876],[9.6495,53.8811],[9.6557,53.8864],[9.6702,53.8893],[9.6599,53.8963],[9.625,53.9264]]]}},{"type":"Feature","properties":{"ags":"01061004","name":"Altenmoor","ewz":233,"dist_km":37.5,"city":false,"warm_m2":12.14,"own_value":false,"m2_median":72,"share_median":0.249,"m2_p25":56,"share_p25":0.319},"geometry":{"type":"Polygon","coordinates":[[[9.6233,53.776],[9.62,53.7776],[9.5843,53.7643],[9.571,53.768],[9.5616,53.7761],[9.5455,53.7678],[9.5506,53.7663],[9.5611,53.7566],[9.5653,53.7551],[9.5642,53.7515],[9.5663,53.752],[9.5662,53.7528],[9.5778,53.7561],[9.6234,53.7673],[9.6342,53.7712],[9.6259,53.7751],[9.6233,53.776]]]}},{"type":"Feature","properties":{"ags":"01061012","name":"Blomesche Wildnis","ewz":625,"dist_km":45.9,"city":false,"warm_m2":11.61,"own_value":true,"m2_median":76,"share_median":0.237,"m2_p25":59,"share_p25":0.303},"geometry":{"type":"Polygon","coordinates":[[[9.4509,53.8103],[9.4379,53.8082],[9.4153,53.8161],[9.3954,53.8171],[9.4111,53.8028],[9.4213,53.8103],[9.4382,53.8052],[9.4491,53.7974],[9.4412,53.795],[9.4402,53.7932],[9.4412,53.7903],[9.4454,53.79],[9.4522,53.7919],[9.4634,53.7929],[9.475,53.7889],[9.489,53.7933],[9.4836,53.7945],[9.4667,53.8082],[9.4509,53.8103]]]}},{"type":"Feature","properties":{"ags":"01061027","name":"Engelbrechtsche Wildnis","ewz":813,"dist_km":44,"city":false,"warm_m2":8.81,"own_value":true,"m2_median":100,"share_median":0.18,"m2_p25":78,"share_p25":0.23},"geometry":{"type":"Polygon","coordinates":[[[9.4811,53.7877],[9.491,53.7932],[9.489,53.7933],[9.475,53.7889],[9.4634,53.7929],[9.4522,53.7919],[9.4454,53.79],[9.4412,53.7903],[9.4426,53.7883],[9.4529,53.7788],[9.4514,53.7677],[9.4572,53.7668],[9.468,53.7756],[9.4854,53.7797],[9.4811,53.7877]]]}},{"type":"Feature","properties":{"ags":"01061037","name":"Herzhorn","ewz":1161,"dist_km":41.6,"city":false,"warm_m2":11.43,"own_value":true,"m2_median":77,"share_median":0.234,"m2_p25":60,"share_p25":0.299},"geometry":{"type":"Polygon","coordinates":[[[9.5455,53.7678],[9.518,53.787],[9.4998,53.7959],[9.4912,53.794],[9.491,53.7932],[9.4811,53.7877],[9.4854,53.7797],[9.468,53.7756],[9.4572,53.7668],[9.4765,53.7649],[9.5006,53.7654],[9.5178,53.7616],[9.5386,53.7637],[9.5506,53.7663],[9.5455,53.7678]]]}},{"type":"Feature","properties":{"ags":"01061041","name":"Hohenfelde","ewz":902,"dist_km":41.5,"city":false,"warm_m2":11.94,"own_value":true,"m2_median":74,"share_median":0.244,"m2_p25":58,"share_p25":0.313},"geometry":{"type":"Polygon","coordinates":[[[9.6752,53.8514],[9.6562,53.8563],[9.6519,53.8693],[9.6486,53.8738],[9.6328,53.8716],[9.6302,53.8624],[9.6047,53.8543],[9.5775,53.8533],[9.5766,53.8489],[9.5762,53.8441],[9.5857,53.8343],[9.5825,53.8335],[9.5877,53.8287],[9.5919,53.8254],[9.5958,53.8264],[9.5981,53.8259],[9.6149,53.8322],[9.6287,53.839],[9.6693,53.8373],[9.6723,53.8416],[9.6744,53.8414],[9.6769,53.8449],[9.6752,53.8514]]]}},{"type":"Feature","properties":{"ags":"01061044","name":"Horst (Holstein)","ewz":5930,"dist_km":37.8,"city":false,"warm_m2":13.94,"own_value":true,"m2_median":63,"share_median":0.286,"m2_p25":49,"share_p25":0.366},"geometry":{"type":"Polygon","coordinates":[[[9.6744,53.8414],[9.6723,53.8416],[9.6693,53.8373],[9.6287,53.839],[9.6149,53.8322],[9.5981,53.8259],[9.5958,53.8264],[9.5904,53.8249],[9.5891,53.8178],[9.5888,53.8129],[9.5811,53.8074],[9.5826,53.7932],[9.5829,53.7922],[9.5903,53.7916],[9.621,53.7876],[9.6282,53.7779],[9.6259,53.7751],[9.6342,53.7712],[9.6458,53.7763],[9.6618,53.8026],[9.6744,53.8414]]]}},{"type":"Feature","properties":{"ags":"01061050","name":"Kiebitzreihe","ewz":2218,"dist_km":37.2,"city":false,"warm_m2":14.05,"own_value":true,"m2_median":62,"share_median":0.288,"m2_p25":49,"share_p25":0.369},"geometry":{"type":"Polygon","coordinates":[[[9.6282,53.7779],[9.621,53.7876],[9.5903,53.7916],[9.5842,53.7926],[9.5829,53.7922],[9.5843,53.7908],[9.5632,53.7829],[9.566,53.7782],[9.5616,53.7761],[9.5689,53.7692],[9.571,53.768],[9.5843,53.7643],[9.62,53.7776],[9.6233,53.776],[9.6282,53.7779]]]}},{"type":"Feature","properties":{"ags":"01061054","name":"Krempdorf","ewz":245,"dist_km":46.5,"city":false,"warm_m2":10.82,"own_value":false,"m2_median":82,"share_median":0.221,"m2_p25":64,"share_p25":0.282},"geometry":{"type":"MultiPolygon","coordinates":[[[[9.4793,53.834],[9.4513,53.8269],[9.4499,53.8206],[9.4612,53.8095],[9.4667,53.8082],[9.4894,53.8136],[9.4886,53.8146],[9.4984,53.8169],[9.4793,53.834]]],[[[9.5091,53.8196],[9.5035,53.8219],[9.5066,53.819],[9.5091,53.8196]]]]}},{"type":"Feature","properties":{"ags":"01061074","name":"Neuendorf b.Elmshorn","ewz":824,"dist_km":36.5,"city":false,"warm_m2":12.22,"own_value":true,"m2_median":72,"share_median":0.251,"m2_p25":56,"share_p25":0.321},"geometry":{"type":"Polygon","coordinates":[[[9.5611,53.7566],[9.5509,53.7612],[9.5381,53.7416],[9.5215,53.7391],[9.5044,53.7195],[9.5176,53.7139],[9.5436,53.7168],[9.5563,53.7147],[9.5673,53.7179],[9.5726,53.7177],[9.5771,53.7206],[9.5836,53.722],[9.5777,53.7282],[9.5668,53.7493],[9.5648,53.7501],[9.564,53.7522],[9.5653,53.7551],[9.5611,53.7566]]]}},{"type":"Feature","properties":{"ags":"01061101","name":"Sommerland","ewz":773,"dist_km":40.9,"city":false,"warm_m2":13.39,"own_value":true,"m2_median":66,"share_median":0.274,"m2_p25":51,"share_p25":0.351},"geometry":{"type":"Polygon","coordinates":[[[9.5891,53.8178],[9.5904,53.8249],[9.5919,53.8254],[9.5825,53.8335],[9.5751,53.8306],[9.566,53.82],[9.5455,53.8178],[9.5247,53.8102],[9.5272,53.8049],[9.5244,53.8023],[9.4998,53.7959],[9.518,53.787],[9.5455,53.7678],[9.566,53.7782],[9.5632,53.7829],[9.5843,53.7908],[9.5826,53.7932],[9.5811,53.8074],[9.5888,53.8129],[9.5891,53.8178]]]}},{"type":"Feature","properties":{"ags":"01061118","name":"Kollmar","ewz":1692,"dist_km":40.4,"city":false,"warm_m2":13.87,"own_value":true,"m2_median":63,"share_median":0.284,"m2_p25":50,"share_p25":0.364},"geometry":{"type":"Polygon","coordinates":[[[9.4765,53.7649],[9.4665,53.7639],[9.4514,53.7677],[9.4345,53.7596],[9.4334,53.7512],[9.4564,53.7321],[9.4878,53.7257],[9.5044,53.7195],[9.5215,53.7391],[9.5381,53.7416],[9.5509,53.7612],[9.5386,53.7637],[9.5178,53.7616],[9.5006,53.7654],[9.4765,53.7649]]]}},{"type":"Feature","properties":{"ags":"01061026","name":"Elskop","ewz":159,"dist_km":43.9,"city":false,"warm_m2":11.82,"own_value":false,"m2_median":75,"share_median":0.241,"m2_p25":58,"share_p25":0.309},"geometry":{"type":"Polygon","coordinates":[[[9.4912,53.794],[9.5244,53.8023],[9.5272,53.8049],[9.5224,53.8109],[9.5125,53.8204],[9.4886,53.8146],[9.4894,53.8136],[9.4667,53.8082],[9.4836,53.7945],[9.491,53.7932],[9.4912,53.794]]]}},{"type":"Feature","properties":{"ags":"01061030","name":"Grevenkop","ewz":335,"dist_km":44.8,"city":false,"warm_m2":10.17,"own_value":true,"m2_median":87,"share_median":0.208,"m2_p25":68,"share_p25":0.266},"geometry":{"type":"Polygon","coordinates":[[[9.5517,53.8328],[9.5538,53.835],[9.5598,53.8398],[9.5601,53.8527],[9.4943,53.8489],[9.495,53.8432],[9.498,53.8431],[9.4988,53.8371],[9.4955,53.8321],[9.5094,53.8229],[9.5122,53.8237],[9.5364,53.8346],[9.5517,53.8328]]]}},{"type":"Feature","properties":{"ags":"01061055","name":"Krempe","ewz":2429,"dist_km":46.3,"city":false,"warm_m2":11.82,"own_value":true,"m2_median":75,"share_median":0.241,"m2_p25":58,"share_p25":0.308},"geometry":{"type":"Polygon","coordinates":[[[9.4984,53.8169],[9.5066,53.819],[9.5035,53.8219],[9.5094,53.8229],[9.4955,53.8321],[9.4988,53.8371],[9.498,53.8431],[9.495,53.8432],[9.4943,53.8489],[9.4775,53.8478],[9.4793,53.834],[9.4984,53.8169]]]}},{"type":"Feature","properties":{"ags":"01061073","name":"Neuenbrook","ewz":708,"dist_km":46.6,"city":false,"warm_m2":12.2,"own_value":true,"m2_median":72,"share_median":0.249,"m2_p25":57,"share_p25":0.318},"geometry":{"type":"Polygon","coordinates":[[[9.5746,53.8739],[9.5706,53.8736],[9.5596,53.8692],[9.5526,53.8714],[9.5444,53.872],[9.5437,53.87],[9.5161,53.8711],[9.4812,53.8689],[9.4837,53.8482],[9.5601,53.8527],[9.5604,53.8444],[9.5766,53.8489],[9.5746,53.8739]]]}},{"type":"Feature","properties":{"ags":"01061092","name":"Rethwisch","ewz":550,"dist_km":44.1,"city":false,"warm_m2":12.64,"own_value":true,"m2_median":70,"share_median":0.258,"m2_p25":54,"share_p25":0.33},"geometry":{"type":"Polygon","coordinates":[[[9.6269,53.8812],[9.5893,53.8805],[9.5746,53.8739],[9.5785,53.8531],[9.6047,53.8543],[9.6302,53.8624],[9.6269,53.8812]]]}},{"type":"Feature","properties":{"ags":"01061104","name":"Süderau","ewz":728,"dist_km":43.1,"city":false,"warm_m2":11.97,"own_value":true,"m2_median":74,"share_median":0.245,"m2_p25":57,"share_p25":0.313},"geometry":{"type":"Polygon","coordinates":[[[9.5762,53.8441],[9.5604,53.8444],[9.559,53.8384],[9.5517,53.8328],[9.5364,53.8346],[9.5122,53.8237],[9.5091,53.8196],[9.5125,53.8204],[9.5224,53.8109],[9.5455,53.8178],[9.566,53.82],[9.5751,53.8306],[9.5857,53.8343],[9.5762,53.8441]]]}},{"type":"Feature","properties":{"ags":"01061038","name":"Hingstheide","ewz":79,"dist_km":42.5,"city":false,"warm_m2":10.76,"own_value":true,"m2_median":82,"share_median":0.22,"m2_p25":64,"share_p25":0.282},"geometry":{"type":"Polygon","coordinates":[[[9.7618,53.903],[9.7609,53.9132],[9.7601,53.9148],[9.746,53.913],[9.7441,53.9107],[9.7355,53.9112],[9.7397,53.9038],[9.7294,53.8987],[9.7252,53.8938],[9.7271,53.8933],[9.7281,53.8916],[9.7514,53.893],[9.7618,53.903]]]}},{"type":"Feature","properties":{"ags":"01061088","name":"Quarnstedt","ewz":451,"dist_km":47.4,"city":false,"warm_m2":11.27,"own_value":true,"m2_median":78,"share_median":0.23,"m2_p25":61,"share_p25":0.294},"geometry":{"type":"Polygon","coordinates":[[[9.8069,53.9623],[9.7871,53.9639],[9.7785,53.9741],[9.7769,53.9747],[9.7619,53.9729],[9.7582,53.9629],[9.7675,53.948],[9.7673,53.9436],[9.7658,53.9437],[9.7614,53.9405],[9.775,53.9383],[9.7907,53.9378],[9.7961,53.9358],[9.8072,53.9352],[9.8146,53.9443],[9.8097,53.9537],[9.8069,53.9623]]]}},{"type":"Feature","properties":{"ags":"01061116","name":"Wrist","ewz":2432,"dist_km":45.5,"city":false,"warm_m2":11.31,"own_value":true,"m2_median":78,"share_median":0.231,"m2_p25":61,"share_p25":0.295},"geometry":{"type":"Polygon","coordinates":[[[9.7471,53.9413],[9.7358,53.9436],[9.7353,53.9376],[9.7058,53.9354],[9.694,53.936],[9.7053,53.9292],[9.7052,53.9257],[9.7316,53.9187],[9.7355,53.9112],[9.7441,53.9107],[9.746,53.913],[9.7601,53.9148],[9.757,53.9188],[9.7579,53.9291],[9.7737,53.927],[9.7808,53.9381],[9.7698,53.939],[9.7537,53.9421],[9.7471,53.9413]]]}},{"type":"Feature","properties":{"ags":"01061117","name":"Wulfsmoor","ewz":391,"dist_km":44.1,"city":false,"warm_m2":10.55,"own_value":true,"m2_median":84,"share_median":0.215,"m2_p25":65,"share_p25":0.276},"geometry":{"type":"Polygon","coordinates":[[[9.7316,53.9187],[9.7052,53.9257],[9.7039,53.9169],[9.6848,53.8975],[9.693,53.8901],[9.7281,53.8916],[9.7271,53.8933],[9.7252,53.8938],[9.7294,53.8987],[9.7397,53.9038],[9.7316,53.9187]]]}},{"type":"Feature","properties":{"ags":"01062001","name":"Ahrensburg","ewz":34601,"dist_km":18.8,"city":false,"warm_m2":18.21,"own_value":true,"m2_median":47,"share_median":0.379,"m2_p25":37,"share_p25":0.486},"geometry":{"type":"MultiPolygon","coordinates":[[[[10.2975,53.7037],[10.2815,53.7027],[10.2829,53.6922],[10.2629,53.6947],[10.2393,53.6921],[10.2405,53.698],[10.2262,53.7002],[10.2146,53.6852],[10.216,53.6785],[10.1979,53.6763],[10.1726,53.6812],[10.1698,53.6794],[10.1717,53.669],[10.1741,53.667],[10.1776,53.663],[10.1874,53.6565],[10.1951,53.6523],[10.1897,53.6384],[10.2101,53.6365],[10.2228,53.6335],[10.2407,53.6335],[10.2424,53.6349],[10.2423,53.6371],[10.2454,53.637],[10.2574,53.6396],[10.2783,53.6402],[10.2771,53.6432],[10.2616,53.648],[10.2518,53.6647],[10.2621,53.674],[10.2783,53.6804],[10.2969,53.6814],[10.3121,53.6894],[10.3142,53.6932],[10.3148,53.6972],[10.304,53.6997],[10.2975,53.7037]]],[[[10.2425,53.7061],[10.2286,53.7067],[10.2391,53.7054],[10.2423,53.7047],[10.2425,53.7061]]]]}},{"type":"Feature","properties":{"ags":"01062004","name":"Bad Oldesloe","ewz":25104,"dist_km":38.6,"city":false,"warm_m2":13.95,"own_value":true,"m2_median":63,"share_median":0.286,"m2_p25":49,"share_p25":0.366},"geometry":{"type":"Polygon","coordinates":[[[10.3857,53.8649],[10.3724,53.8616],[10.3624,53.8581],[10.3569,53.8534],[10.3493,53.8562],[10.3432,53.8579],[10.342,53.8541],[10.3609,53.8396],[10.3569,53.8329],[10.3422,53.8261],[10.3464,53.8208],[10.3413,53.8178],[10.3072,53.8131],[10.2953,53.8094],[10.2973,53.7977],[10.2985,53.7971],[10.3123,53.7846],[10.331,53.7904],[10.3583,53.7934],[10.3604,53.7878],[10.3813,53.7832],[10.3945,53.771],[10.4121,53.7704],[10.4184,53.7691],[10.4302,53.7946],[10.4243,53.7961],[10.4226,53.8],[10.4334,53.8036],[10.4287,53.8133],[10.4344,53.8166],[10.4148,53.8292],[10.4206,53.8454],[10.3947,53.8569],[10.3928,53.8635],[10.3857,53.8649]]]}},{"type":"Feature","properties":{"ags":"01062006","name":"Bargteheide","ewz":16320,"dist_km":25.7,"city":false,"warm_m2":16.03,"own_value":true,"m2_median":54,"share_median":0.332,"m2_p25":42,"share_p25":0.426},"geometry":{"type":"Polygon","coordinates":[[[10.2831,53.7457],[10.2586,53.7492],[10.2399,53.7402],[10.222,53.7327],[10.213,53.7327],[10.2135,53.726],[10.2365,53.7204],[10.2434,53.7168],[10.2519,53.7144],[10.255,53.7139],[10.2674,53.7178],[10.2868,53.7096],[10.2955,53.7115],[10.2993,53.7122],[10.2988,53.7133],[10.3014,53.7136],[10.3034,53.7172],[10.3051,53.7164],[10.3037,53.7227],[10.2939,53.7379],[10.2831,53.7439],[10.2831,53.7457]]]}},{"type":"Feature","properties":{"ags":"01062009","name":"Barsbüttel","ewz":13148,"dist_km":13.8,"city":false,"warm_m2":15.99,"own_value":true,"m2_median":54,"share_median":0.333,"m2_p25":42,"share_p25":0.427},"geometry":{"type":"Polygon","coordinates":[[[10.2427,53.592],[10.2364,53.5988],[10.2112,53.5904],[10.1983,53.5822],[10.1653,53.5823],[10.1526,53.5779],[10.1474,53.5663],[10.1514,53.5615],[10.1623,53.5594],[10.1742,53.5603],[10.2047,53.5543],[10.2056,53.5555],[10.272,53.5642],[10.2718,53.5753],[10.2624,53.5887],[10.2427,53.592]]]}},{"type":"Feature","properties":{"ags":"01062018","name":"Glinde","ewz":18656,"dist_km":13.6,"city":false,"warm_m2":15.08,"own_value":true,"m2_median":57,"share_median":0.314,"m2_p25":45,"share_p25":0.403},"geometry":{"type":"Polygon","coordinates":[[[10.2047,53.5543],[10.1811,53.5583],[10.1947,53.5475],[10.1841,53.5353],[10.2106,53.52],[10.2297,53.5205],[10.2349,53.5399],[10.229,53.5577],[10.2056,53.5555],[10.2047,53.5543]]]}},{"type":"Feature","properties":{"ags":"01062023","name":"Großhansdorf","ewz":9436,"dist_km":22.2,"city":false,"warm_m2":15.27,"own_value":true,"m2_median":57,"share_median":0.317,"m2_p25":44,"share_p25":0.407},"geometry":{"type":"Polygon","coordinates":[[[10.3121,53.6894],[10.2969,53.6814],[10.2783,53.6804],[10.2621,53.674],[10.2518,53.6647],[10.2616,53.648],[10.2771,53.6432],[10.278,53.6409],[10.2838,53.6432],[10.2966,53.6532],[10.3091,53.6707],[10.3172,53.6828],[10.3127,53.6819],[10.3122,53.6869],[10.3121,53.6894]]]}},{"type":"Feature","properties":{"ags":"01062053","name":"Oststeinbek","ewz":8990,"dist_km":11,"city":false,"warm_m2":15.76,"own_value":true,"m2_median":55,"share_median":0.328,"m2_p25":43,"share_p25":0.421},"geometry":{"type":"Polygon","coordinates":[[[10.1742,53.5603],[10.1623,53.5594],[10.1571,53.5601],[10.1512,53.545],[10.1617,53.5259],[10.1646,53.5199],[10.1866,53.5128],[10.2003,53.5142],[10.2106,53.52],[10.1841,53.5353],[10.1947,53.5475],[10.1811,53.5583],[10.1742,53.5603]]]}},{"type":"Feature","properties":{"ags":"01062060","name":"Reinbek","ewz":28579,"dist_km":17.2,"city":false,"warm_m2":15.35,"own_value":true,"m2_median":56,"share_median":0.32,"m2_p25":44,"share_p25":0.41},"geometry":{"type":"Polygon","coordinates":[[[10.3158,53.5717],[10.3064,53.58],[10.3002,53.578],[10.2974,53.5725],[10.2794,53.5688],[10.272,53.5642],[10.229,53.5577],[10.2349,53.5399],[10.2297,53.5205],[10.2106,53.52],[10.2223,53.4965],[10.2331,53.4968],[10.239,53.4969],[10.2414,53.4999],[10.2476,53.5088],[10.2673,53.5066],[10.2684,53.5113],[10.2789,53.5273],[10.2885,53.5243],[10.2873,53.5232],[10.292,53.52],[10.2995,53.5222],[10.3005,53.527],[10.3077,53.5285],[10.3067,53.5328],[10.2989,53.5337],[10.2923,53.5389],[10.3143,53.5539],[10.3125,53.5565],[10.3158,53.5717]]]}},{"type":"Feature","properties":{"ags":"01062061","name":"Reinfeld (Holstein)","ewz":9023,"dist_km":45,"city":false,"warm_m2":14.36,"own_value":true,"m2_median":61,"share_median":0.293,"m2_p25":48,"share_p25":0.375},"geometry":{"type":"Polygon","coordinates":[[[10.5167,53.859],[10.5145,53.8583],[10.4949,53.8522],[10.4822,53.8509],[10.4757,53.853],[10.4718,53.8557],[10.4563,53.8575],[10.4518,53.8543],[10.4524,53.8302],[10.4488,53.8199],[10.4521,53.8183],[10.4751,53.8193],[10.4854,53.8158],[10.5051,53.8186],[10.5111,53.8217],[10.5066,53.8303],[10.5282,53.8505],[10.5302,53.8581],[10.5167,53.859]]]}},{"type":"Feature","properties":{"ags":"01062076","name":"Tangstedt","ewz":6519,"dist_km":21.6,"city":false,"warm_m2":14.31,"own_value":true,"m2_median":61,"share_median":0.297,"m2_p25":47,"share_p25":0.381},"geometry":{"type":"MultiPolygon","coordinates":[[[[10.1119,53.7678],[10.0885,53.7687],[10.0584,53.7649],[10.0502,53.7616],[10.0423,53.7654],[10.0375,53.7538],[10.0227,53.7495],[10.0275,53.7257],[10.0356,53.7203],[10.0581,53.7154],[10.0624,53.7107],[10.0702,53.7081],[10.0728,53.7096],[10.0695,53.7112],[10.0818,53.7204],[10.1211,53.7134],[10.1264,53.7196],[10.1615,53.7334],[10.1629,53.7381],[10.1682,53.7382],[10.1705,53.7403],[10.1623,53.7424],[10.1553,53.7465],[10.1376,53.7542],[10.1279,53.7493],[10.1208,53.7469],[10.1059,53.7546],[10.1119,53.7678]]],[[[10.0714,53.697],[10.0696,53.7062],[10.0655,53.7033],[10.0714,53.697]]]]}},{"type":"Feature","properties":{"ags":"01062090","name":"Ammersbek","ewz":10035,"dist_km":19.8,"city":false,"warm_m2":15.05,"own_value":true,"m2_median":57,"share_median":0.313,"m2_p25":45,"share_p25":0.402},"geometry":{"type":"Polygon","coordinates":[[[10.2154,53.7092],[10.2085,53.7142],[10.1891,53.7025],[10.1778,53.7101],[10.1575,53.705],[10.1595,53.6908],[10.1448,53.6798],[10.1692,53.6678],[10.1717,53.669],[10.1698,53.6794],[10.1726,53.6812],[10.1979,53.6763],[10.216,53.6785],[10.2146,53.6852],[10.2262,53.7002],[10.2405,53.698],[10.2399,53.6961],[10.2442,53.7003],[10.2391,53.7054],[10.2286,53.7067],[10.2425,53.7061],[10.234,53.7103],[10.2323,53.7131],[10.2292,53.7134],[10.2217,53.7121],[10.2154,53.7092]]]}},{"type":"Feature","properties":{"ags":"01062019","name":"Grabau","ewz":797,"dist_km":33,"city":false,"warm_m2":11.95,"own_value":true,"m2_median":73,"share_median":0.246,"m2_p25":57,"share_p25":0.315},"geometry":{"type":"Polygon","coordinates":[[[10.286,53.8144],[10.2752,53.8249],[10.2409,53.8205],[10.2411,53.8184],[10.2526,53.8179],[10.2559,53.8148],[10.2467,53.8068],[10.2488,53.8015],[10.2624,53.7962],[10.2624,53.7872],[10.2703,53.7882],[10.2726,53.7936],[10.2878,53.7982],[10.2973,53.7977],[10.2953,53.8094],[10.297,53.8124],[10.2988,53.8146],[10.286,53.8144]]]}},{"type":"Feature","properties":{"ags":"01062046","name":"Meddewade","ewz":922,"dist_km":40.3,"city":false,"warm_m2":13.19,"own_value":true,"m2_median":67,"share_median":0.27,"m2_p25":52,"share_p25":0.346},"geometry":{"type":"Polygon","coordinates":[[[10.4494,53.8041],[10.4502,53.8118],[10.4468,53.8183],[10.4497,53.8196],[10.4383,53.8187],[10.4287,53.8133],[10.4334,53.8036],[10.4226,53.8],[10.4243,53.7961],[10.4302,53.7946],[10.4494,53.8041]]]}},{"type":"Feature","properties":{"ags":"01062050","name":"Neritz","ewz":358,"dist_km":32.1,"city":false,"warm_m2":12.13,"own_value":true,"m2_median":72,"share_median":0.25,"m2_p25":56,"share_p25":0.32},"geometry":{"type":"Polygon","coordinates":[[[10.3123,53.7846],[10.2985,53.7971],[10.2878,53.7982],[10.2726,53.7936],[10.2706,53.7873],[10.2692,53.7867],[10.2634,53.7867],[10.2594,53.7834],[10.2752,53.7762],[10.2941,53.7826],[10.2957,53.7824],[10.299,53.7845],[10.3123,53.7846]]]}},{"type":"Feature","properties":{"ags":"01062056","name":"Pölitz","ewz":1233,"dist_km":34.9,"city":false,"warm_m2":12.99,"own_value":true,"m2_median":67,"share_median":0.267,"m2_p25":53,"share_p25":0.342},"geometry":{"type":"Polygon","coordinates":[[[10.4121,53.7704],[10.3945,53.771],[10.3813,53.7832],[10.3663,53.7764],[10.3655,53.7621],[10.3739,53.7537],[10.3825,53.7518],[10.392,53.7507],[10.4099,53.7473],[10.4206,53.7434],[10.4209,53.7406],[10.4258,53.7417],[10.4369,53.7392],[10.4442,53.7423],[10.4474,53.7468],[10.4471,53.7481],[10.4431,53.7536],[10.4443,53.7537],[10.442,53.7543],[10.4358,53.7606],[10.4184,53.7691],[10.4174,53.7671],[10.4145,53.7669],[10.4121,53.7704]]]}},{"type":"Feature","properties":{"ags":"01062062","name":"Rethwisch","ewz":1208,"dist_km":38.4,"city":false,"warm_m2":12.87,"own_value":true,"m2_median":68,"share_median":0.264,"m2_p25":53,"share_p25":0.338},"geometry":{"type":"Polygon","coordinates":[[[10.4713,53.7977],[10.4625,53.8009],[10.4494,53.8041],[10.4302,53.7946],[10.4184,53.7691],[10.4358,53.7606],[10.442,53.7543],[10.4443,53.7537],[10.4472,53.7558],[10.4597,53.7614],[10.4698,53.7662],[10.4716,53.7652],[10.4739,53.7671],[10.4687,53.7702],[10.4736,53.7858],[10.473,53.7939],[10.4713,53.7977]]]}},{"type":"Feature","properties":{"ags":"01062065","name":"Rümpel","ewz":1301,"dist_km":32.5,"city":false,"warm_m2":13.25,"own_value":true,"m2_median":66,"share_median":0.273,"m2_p25":51,"share_p25":0.35},"geometry":{"type":"Polygon","coordinates":[[[10.3813,53.7832],[10.3604,53.7878],[10.3583,53.7934],[10.331,53.7904],[10.3171,53.7843],[10.299,53.7845],[10.2957,53.7824],[10.2954,53.7791],[10.3086,53.7633],[10.3186,53.7605],[10.3237,53.7633],[10.3253,53.7659],[10.3354,53.762],[10.3444,53.7608],[10.3461,53.757],[10.343,53.7532],[10.3454,53.7479],[10.35,53.7467],[10.3607,53.7466],[10.3708,53.7557],[10.3655,53.7621],[10.3663,53.7764],[10.3813,53.7832]]]}},{"type":"Feature","properties":{"ags":"01062089","name":"Lasbek","ewz":1343,"dist_km":31.3,"city":false,"warm_m2":13.94,"own_value":true,"m2_median":63,"share_median":0.287,"m2_p25":49,"share_p25":0.368},"geometry":{"type":"Polygon","coordinates":[[[10.4209,53.7406],[10.4206,53.7434],[10.4099,53.7473],[10.392,53.7507],[10.3825,53.7518],[10.3739,53.7537],[10.3708,53.7557],[10.3607,53.7466],[10.35,53.7467],[10.3454,53.7479],[10.343,53.7532],[10.3402,53.7503],[10.3326,53.7375],[10.3398,53.7346],[10.3424,53.7312],[10.3423,53.7249],[10.3683,53.7197],[10.3704,53.7274],[10.3946,53.7388],[10.4068,53.7371],[10.4096,53.7389],[10.4209,53.7406]]]}},{"type":"Feature","properties":{"ags":"01062091","name":"Steinburg","ewz":2787,"dist_km":31.5,"city":false,"warm_m2":13.62,"own_value":true,"m2_median":64,"share_median":0.281,"m2_p25":50,"share_p25":0.36},"geometry":{"type":"Polygon","coordinates":[[[10.4001,53.7287],[10.397,53.7379],[10.3946,53.7388],[10.3704,53.7274],[10.3683,53.7197],[10.3537,53.7207],[10.3746,53.7018],[10.3751,53.6812],[10.3718,53.6784],[10.3753,53.6746],[10.394,53.6739],[10.4063,53.6767],[10.4144,53.6927],[10.4104,53.7024],[10.4309,53.7024],[10.4328,53.701],[10.4388,53.6998],[10.4445,53.7024],[10.4442,53.7105],[10.4458,53.7239],[10.4441,53.7234],[10.4241,53.7253],[10.4092,53.7337],[10.4001,53.7287]]]}},{"type":"Feature","properties":{"ags":"01062092","name":"Travenbrück","ewz":1817,"dist_km":38,"city":false,"warm_m2":13.59,"own_value":true,"m2_median":65,"share_median":0.279,"m2_p25":50,"share_p25":0.357},"geometry":{"type":"Polygon","coordinates":[[[10.3343,53.8688],[10.3264,53.8703],[10.3208,53.868],[10.3181,53.853],[10.2896,53.8552],[10.2843,53.8518],[10.2793,53.8449],[10.2727,53.8458],[10.2408,53.8267],[10.2393,53.827],[10.2387,53.8238],[10.2409,53.8205],[10.2752,53.8249],[10.286,53.8144],[10.2988,53.8146],[10.297,53.8124],[10.3072,53.8131],[10.3413,53.8178],[10.3464,53.8208],[10.3422,53.8261],[10.3569,53.8329],[10.3609,53.8396],[10.342,53.8541],[10.3426,53.8551],[10.3432,53.8579],[10.3414,53.858],[10.3412,53.8629],[10.3343,53.8688]]]}},{"type":"Feature","properties":{"ags":"01062005","name":"Bargfeld-Stegen","ewz":3068,"dist_km":25.8,"city":false,"warm_m2":13.48,"own_value":true,"m2_median":64,"share_median":0.279,"m2_p25":50,"share_p25":0.358},"geometry":{"type":"Polygon","coordinates":[[[10.1983,53.7787],[10.1773,53.7768],[10.1614,53.7793],[10.1417,53.7772],[10.1326,53.7714],[10.1434,53.7665],[10.1419,53.758],[10.1553,53.7465],[10.1623,53.7424],[10.1724,53.74],[10.1727,53.747],[10.1947,53.7487],[10.1995,53.7568],[10.2221,53.7565],[10.228,53.7603],[10.2262,53.7638],[10.2365,53.7656],[10.2415,53.7689],[10.2386,53.769],[10.2365,53.7768],[10.2355,53.7751],[10.2221,53.7722],[10.2169,53.7739],[10.2041,53.7777],[10.2026,53.776],[10.1995,53.7754],[10.2,53.7764],[10.2015,53.776],[10.2032,53.7771],[10.1983,53.7787]]]}},{"type":"Feature","properties":{"ags":"01062014","name":"Delingsdorf","ewz":2210,"dist_km":24.3,"city":false,"warm_m2":16.37,"own_value":true,"m2_median":53,"share_median":0.339,"m2_p25":41,"share_p25":0.435},"geometry":{"type":"Polygon","coordinates":[[[10.2519,53.7144],[10.2434,53.7168],[10.2296,53.7173],[10.234,53.7103],[10.2425,53.7061],[10.2423,53.7047],[10.2442,53.7003],[10.2399,53.6961],[10.2393,53.6921],[10.2629,53.6947],[10.2829,53.6922],[10.2815,53.7027],[10.2975,53.7037],[10.3015,53.7129],[10.2955,53.7115],[10.2868,53.7096],[10.2674,53.7178],[10.255,53.7139],[10.2519,53.7144]]]}},{"type":"Feature","properties":{"ags":"01062016","name":"Elmenhorst","ewz":2846,"dist_km":29.6,"city":false,"warm_m2":14.35,"own_value":true,"m2_median":61,"share_median":0.296,"m2_p25":47,"share_p25":0.38},"geometry":{"type":"MultiPolygon","coordinates":[[[[10.2594,53.7834],[10.2426,53.7819],[10.2295,53.7819],[10.2362,53.7789],[10.2365,53.7768],[10.2386,53.769],[10.2432,53.7688],[10.2487,53.7545],[10.257,53.7507],[10.2528,53.7475],[10.2586,53.7492],[10.2831,53.7457],[10.2899,53.7477],[10.316,53.761],[10.3086,53.7633],[10.2954,53.7791],[10.2941,53.7826],[10.2752,53.7762],[10.2594,53.7834]]],[[[10.2365,53.7656],[10.2262,53.7638],[10.23,53.7626],[10.2365,53.7656]]]]}},{"type":"Feature","properties":{"ags":"01062027","name":"Hammoor","ewz":1286,"dist_km":27.7,"city":false,"warm_m2":14.03,"own_value":true,"m2_median":62,"share_median":0.29,"m2_p25":48,"share_p25":0.372},"geometry":{"type":"Polygon","coordinates":[[[10.3423,53.7249],[10.3423,53.7303],[10.3416,53.7323],[10.3394,53.7349],[10.338,53.7333],[10.3324,53.7317],[10.3221,53.7323],[10.3045,53.7209],[10.3051,53.7164],[10.3034,53.7172],[10.3014,53.7136],[10.2988,53.7133],[10.2993,53.7122],[10.3015,53.7129],[10.304,53.6997],[10.3148,53.6972],[10.3174,53.6967],[10.3233,53.6991],[10.333,53.7148],[10.3448,53.7156],[10.3471,53.7216],[10.3423,53.7249]]]}},{"type":"Feature","properties":{"ags":"01062036","name":"Jersbek","ewz":1788,"dist_km":24.1,"city":false,"warm_m2":14.6,"own_value":true,"m2_median":59,"share_median":0.303,"m2_p25":46,"share_p25":0.388},"geometry":{"type":"Polygon","coordinates":[[[10.2487,53.7545],[10.2432,53.7688],[10.2415,53.7689],[10.2365,53.7656],[10.23,53.7626],[10.228,53.7603],[10.2221,53.7565],[10.1995,53.7568],[10.1947,53.7487],[10.1727,53.747],[10.1724,53.74],[10.1705,53.7403],[10.1682,53.7382],[10.1852,53.7322],[10.1913,53.7222],[10.1778,53.7101],[10.1891,53.7025],[10.2085,53.7142],[10.2154,53.7092],[10.2217,53.7121],[10.2292,53.7134],[10.2323,53.7131],[10.2296,53.7173],[10.2365,53.7204],[10.2135,53.726],[10.213,53.7327],[10.222,53.7327],[10.2399,53.7402],[10.2528,53.7475],[10.257,53.7507],[10.2487,53.7545]]]}},{"type":"Feature","properties":{"ags":"01062051","name":"Nienwohld","ewz":504,"dist_km":28.8,"city":false,"warm_m2":11.29,"own_value":true,"m2_median":77,"share_median":0.233,"m2_p25":60,"share_p25":0.299},"geometry":{"type":"Polygon","coordinates":[[[10.2165,53.7831],[10.2128,53.792],[10.1949,53.8027],[10.171,53.7901],[10.1497,53.7874],[10.1437,53.7825],[10.1417,53.7772],[10.1614,53.7793],[10.1773,53.7768],[10.1983,53.7787],[10.2018,53.777],[10.2015,53.776],[10.2,53.7764],[10.2005,53.7751],[10.2041,53.7777],[10.2169,53.7739],[10.2221,53.7722],[10.2355,53.7751],[10.2362,53.7789],[10.2295,53.7819],[10.2165,53.7831]]]}},{"type":"Feature","properties":{"ags":"01062078","name":"Todendorf","ewz":1261,"dist_km":28,"city":false,"warm_m2":14.37,"own_value":true,"m2_median":61,"share_median":0.297,"m2_p25":47,"share_p25":0.381},"geometry":{"type":"Polygon","coordinates":[[[10.3471,53.7216],[10.3448,53.7156],[10.333,53.7148],[10.3233,53.6991],[10.3174,53.6967],[10.3148,53.6972],[10.3142,53.6932],[10.3122,53.6869],[10.3127,53.6819],[10.3166,53.6828],[10.3219,53.6815],[10.3325,53.6814],[10.3366,53.6833],[10.3636,53.6789],[10.3751,53.6812],[10.3746,53.7018],[10.3537,53.7207],[10.3471,53.7216]]]}},{"type":"Feature","properties":{"ags":"01062081","name":"Tremsbüttel","ewz":1920,"dist_km":29.1,"city":false,"warm_m2":13.92,"own_value":true,"m2_median":63,"share_median":0.288,"m2_p25":49,"share_p25":0.369},"geometry":{"type":"Polygon","coordinates":[[[10.3402,53.7503],[10.3459,53.7566],[10.3453,53.7604],[10.3347,53.7622],[10.3321,53.7639],[10.3244,53.7658],[10.3237,53.7633],[10.3186,53.7605],[10.316,53.761],[10.2899,53.7477],[10.2831,53.7439],[10.2939,53.7379],[10.3037,53.7227],[10.3045,53.7209],[10.3221,53.7323],[10.3324,53.7317],[10.338,53.7333],[10.3394,53.7349],[10.3326,53.7375],[10.3402,53.7503]]]}},{"type":"Feature","properties":{"ags":"01062008","name":"Barnitz","ewz":839,"dist_km":42.4,"city":false,"warm_m2":13.15,"own_value":true,"m2_median":67,"share_median":0.269,"m2_p25":52,"share_p25":0.344},"geometry":{"type":"Polygon","coordinates":[[[10.5224,53.8107],[10.5111,53.8217],[10.5051,53.8186],[10.4854,53.8158],[10.4751,53.8193],[10.4521,53.8183],[10.4497,53.8196],[10.4468,53.8183],[10.4502,53.8118],[10.4494,53.8041],[10.4625,53.8009],[10.4713,53.7977],[10.473,53.7939],[10.4814,53.7922],[10.4896,53.7901],[10.509,53.7899],[10.5125,53.8001],[10.5119,53.8054],[10.5224,53.8107]]]}},{"type":"Feature","properties":{"ags":"01062039","name":"Klein Wesenberg","ewz":756,"dist_km":45.7,"city":false,"warm_m2":11.01,"own_value":true,"m2_median":80,"share_median":0.225,"m2_p25":63,"share_p25":0.287},"geometry":{"type":"Polygon","coordinates":[[[10.5645,53.8215],[10.5526,53.821],[10.5281,53.8094],[10.5119,53.8054],[10.5125,53.8001],[10.5137,53.7979],[10.5213,53.7994],[10.5243,53.7956],[10.5363,53.7974],[10.542,53.7923],[10.5618,53.7948],[10.5807,53.8037],[10.5823,53.8046],[10.5645,53.8215]]]}},{"type":"Feature","properties":{"ags":"01062083","name":"Westerau","ewz":777,"dist_km":41.5,"city":false,"warm_m2":12.43,"own_value":true,"m2_median":71,"share_median":0.254,"m2_p25":55,"share_p25":0.326},"geometry":{"type":"Polygon","coordinates":[[[10.5243,53.7956],[10.5213,53.7994],[10.5137,53.7979],[10.509,53.7899],[10.4896,53.7901],[10.4814,53.7922],[10.4736,53.7858],[10.4687,53.7702],[10.4751,53.7659],[10.492,53.7582],[10.5035,53.7535],[10.5183,53.7616],[10.5339,53.7627],[10.5362,53.7647],[10.533,53.7756],[10.5471,53.7823],[10.5452,53.7856],[10.542,53.7923],[10.5363,53.7974],[10.5243,53.7956]]]}},{"type":"Feature","properties":{"ags":"01062093","name":"Feldhorst","ewz":557,"dist_km":43.3,"city":false,"warm_m2":11.08,"own_value":true,"m2_median":80,"share_median":0.226,"m2_p25":62,"share_p25":0.29},"geometry":{"type":"Polygon","coordinates":[[[10.437,53.8727],[10.4358,53.875],[10.4327,53.8777],[10.4314,53.8747],[10.4281,53.8764],[10.4164,53.8714],[10.4168,53.8695],[10.3954,53.8684],[10.4006,53.8641],[10.3953,53.862],[10.3947,53.8569],[10.4206,53.8454],[10.4148,53.8292],[10.4344,53.8166],[10.4383,53.8187],[10.4488,53.8199],[10.4524,53.8302],[10.4518,53.8543],[10.4522,53.8592],[10.4494,53.8681],[10.437,53.8727]]]}},{"type":"Feature","properties":{"ags":"01062094","name":"Wesenberg","ewz":1676,"dist_km":46.8,"city":false,"warm_m2":13.31,"own_value":true,"m2_median":66,"share_median":0.271,"m2_p25":52,"share_p25":0.347},"geometry":{"type":"Polygon","coordinates":[[[10.5485,53.8518],[10.5306,53.8553],[10.5282,53.8505],[10.5066,53.8303],[10.5111,53.8217],[10.5224,53.8107],[10.5281,53.8094],[10.5526,53.821],[10.5574,53.8214],[10.5582,53.8232],[10.5548,53.8257],[10.5554,53.8278],[10.5652,53.8345],[10.5587,53.8441],[10.5552,53.8507],[10.5485,53.8518]]]}},{"type":"Feature","properties":{"ags":"01062011","name":"Braak","ewz":938,"dist_km":17.8,"city":false,"warm_m2":16.03,"own_value":true,"m2_median":54,"share_median":0.334,"m2_p25":42,"share_p25":0.428},"geometry":{"type":"Polygon","coordinates":[[[10.2317,53.6338],[10.2295,53.6224],[10.2298,53.613],[10.2378,53.6088],[10.2364,53.5988],[10.2416,53.5956],[10.265,53.6079],[10.284,53.6111],[10.2756,53.6165],[10.2687,53.6186],[10.245,53.6245],[10.2431,53.6335],[10.2317,53.6338]]]}},{"type":"Feature","properties":{"ags":"01062035","name":"Hoisdorf","ewz":3560,"dist_km":23.8,"city":false,"warm_m2":13.04,"own_value":true,"m2_median":67,"share_median":0.27,"m2_p25":52,"share_p25":0.347},"geometry":{"type":"Polygon","coordinates":[[[10.3636,53.6789],[10.3366,53.6833],[10.3172,53.6828],[10.2966,53.6532],[10.3074,53.6512],[10.3079,53.6451],[10.3142,53.636],[10.3118,53.6335],[10.3181,53.6322],[10.3374,53.6339],[10.3493,53.636],[10.3504,53.6375],[10.3375,53.6418],[10.3416,53.6545],[10.3435,53.6588],[10.3614,53.6635],[10.3644,53.6711],[10.3723,53.6732],[10.3636,53.6789]]]}},{"type":"Feature","properties":{"ags":"01062069","name":"Siek","ewz":2524,"dist_km":20.1,"city":false,"warm_m2":15.93,"own_value":true,"m2_median":54,"share_median":0.331,"m2_p25":42,"share_p25":0.425},"geometry":{"type":"Polygon","coordinates":[[[10.3074,53.6512],[10.2966,53.6532],[10.2838,53.6432],[10.278,53.6409],[10.2783,53.6402],[10.2574,53.6396],[10.2454,53.637],[10.2423,53.6371],[10.2424,53.6349],[10.2407,53.6335],[10.2431,53.6335],[10.245,53.6245],[10.2687,53.6186],[10.2756,53.6165],[10.2826,53.6138],[10.2892,53.619],[10.306,53.6163],[10.3109,53.6226],[10.31,53.631],[10.3142,53.636],[10.3079,53.6451],[10.3074,53.6512]]]}},{"type":"Feature","properties":{"ags":"01062071","name":"Stapelfeld","ewz":1880,"dist_km":15.1,"city":false,"warm_m2":15.76,"own_value":true,"m2_median":55,"share_median":0.328,"m2_p25":43,"share_p25":0.421},"geometry":{"type":"Polygon","coordinates":[[[10.2317,53.6338],[10.2218,53.6337],[10.2173,53.6261],[10.189,53.613],[10.1952,53.6076],[10.1943,53.5901],[10.2014,53.5841],[10.2112,53.5904],[10.2364,53.5988],[10.2378,53.6088],[10.2298,53.613],[10.2295,53.6224],[10.2317,53.6338]]]}},{"type":"Feature","properties":{"ags":"01062088","name":"Brunsbek","ewz":1765,"dist_km":18.4,"city":false,"warm_m2":12.99,"own_value":true,"m2_median":67,"share_median":0.27,"m2_p25":52,"share_p25":0.347},"geometry":{"type":"Polygon","coordinates":[[[10.306,53.6163],[10.2892,53.619],[10.2826,53.6138],[10.284,53.6111],[10.265,53.6079],[10.2416,53.5956],[10.2427,53.592],[10.2624,53.5887],[10.2718,53.5753],[10.2794,53.5688],[10.2974,53.5725],[10.3002,53.578],[10.3051,53.585],[10.3085,53.5939],[10.3204,53.5991],[10.3036,53.6078],[10.3055,53.6143],[10.306,53.6163]]]}},{"type":"Feature","properties":{"ags":"01062020","name":"Grande","ewz":705,"dist_km":24.8,"city":false,"warm_m2":13.19,"own_value":true,"m2_median":66,"share_median":0.273,"m2_p25":51,"share_p25":0.351},"geometry":{"type":"Polygon","coordinates":[[[10.3664,53.606],[10.355,53.6049],[10.3515,53.6031],[10.351,53.6019],[10.3393,53.5958],[10.3458,53.5898],[10.3539,53.5912],[10.3525,53.5905],[10.3629,53.5727],[10.3694,53.5736],[10.3737,53.5758],[10.3935,53.5809],[10.4002,53.5898],[10.3687,53.6013],[10.3664,53.606]]]}},{"type":"Feature","properties":{"ags":"01062021","name":"Grönwohld","ewz":1510,"dist_km":29.2,"city":false,"warm_m2":12.49,"own_value":true,"m2_median":70,"share_median":0.258,"m2_p25":54,"share_p25":0.331},"geometry":{"type":"Polygon","coordinates":[[[10.4097,53.6669],[10.39,53.6594],[10.3995,53.6472],[10.3858,53.6325],[10.3956,53.6314],[10.4192,53.6314],[10.4211,53.6365],[10.4434,53.6401],[10.4456,53.6396],[10.445,53.6412],[10.4344,53.6461],[10.4382,53.6523],[10.414,53.6639],[10.4114,53.6662],[10.4097,53.6669]]]}},{"type":"Feature","properties":{"ags":"01062022","name":"Großensee","ewz":1786,"dist_km":22.9,"city":false,"warm_m2":14.57,"own_value":true,"m2_median":60,"share_median":0.302,"m2_p25":46,"share_p25":0.388},"geometry":{"type":"Polygon","coordinates":[[[10.3497,53.6345],[10.3493,53.636],[10.3374,53.6339],[10.3181,53.6322],[10.3118,53.6335],[10.31,53.631],[10.3109,53.6226],[10.3055,53.6143],[10.3036,53.6078],[10.3204,53.5991],[10.3296,53.5965],[10.3439,53.604],[10.3515,53.6031],[10.355,53.6049],[10.358,53.6047],[10.3631,53.6096],[10.364,53.6183],[10.3604,53.6279],[10.3578,53.6317],[10.3497,53.6345]]]}},{"type":"Feature","properties":{"ags":"01062026","name":"Hamfelde","ewz":536,"dist_km":30.4,"city":false,"warm_m2":13.45,"own_value":true,"m2_median":65,"share_median":0.278,"m2_p25":51,"share_p25":0.356},"geometry":{"type":"MultiPolygon","coordinates":[[[[10.4794,53.6014],[10.4653,53.6099],[10.4354,53.6055],[10.4447,53.6004],[10.4503,53.5987],[10.4602,53.597],[10.4704,53.5968],[10.4809,53.5998],[10.4794,53.6014]]],[[[10.48,53.6119],[10.4816,53.6123],[10.485,53.6134],[10.483,53.6146],[10.48,53.6119]]]]}},{"type":"Feature","properties":{"ags":"01062033","name":"Hohenfelde","ewz":43,"dist_km":32.7,"city":false,"warm_m2":12.59,"own_value":true,"m2_median":69,"share_median":0.259,"m2_p25":54,"share_p25":0.332},"geometry":{"type":"Polygon","coordinates":[[[10.4739,53.6328],[10.4702,53.6356],[10.466,53.633],[10.4695,53.6331],[10.471,53.624],[10.4864,53.6201],[10.4922,53.6265],[10.4965,53.6268],[10.4993,53.6285],[10.4992,53.6299],[10.4945,53.6318],[10.4739,53.6328]]]}},{"type":"Feature","properties":{"ags":"01062040","name":"Köthel","ewz":315,"dist_km":33.4,"city":false,"warm_m2":11.33,"own_value":true,"m2_median":77,"share_median":0.233,"m2_p25":60,"share_p25":0.299},"geometry":{"type":"Polygon","coordinates":[[[10.5002,53.6267],[10.4993,53.6285],[10.4965,53.6268],[10.5032,53.6248],[10.4875,53.6205],[10.485,53.6134],[10.48,53.6119],[10.4812,53.607],[10.4794,53.6014],[10.4809,53.5998],[10.4836,53.6012],[10.4878,53.6007],[10.5089,53.6089],[10.5147,53.6204],[10.5002,53.6267]]]}},{"type":"Feature","properties":{"ags":"01062045","name":"Lütjensee","ewz":3360,"dist_km":26.3,"city":false,"warm_m2":14.03,"own_value":true,"m2_median":62,"share_median":0.29,"m2_p25":48,"share_p25":0.372},"geometry":{"type":"Polygon","coordinates":[[[10.3753,53.6746],[10.3718,53.6784],[10.3723,53.6732],[10.3644,53.6711],[10.3614,53.6635],[10.3435,53.6588],[10.3416,53.6545],[10.3375,53.6418],[10.3504,53.6375],[10.3497,53.6345],[10.3578,53.6317],[10.3649,53.6293],[10.3636,53.6318],[10.37,53.6329],[10.3762,53.6311],[10.3828,53.6312],[10.3842,53.6302],[10.3858,53.6325],[10.3995,53.6472],[10.39,53.6594],[10.4097,53.6669],[10.405,53.6693],[10.4034,53.6738],[10.394,53.6739],[10.3753,53.6746]]]}},{"type":"Feature","properties":{"ags":"01062058","name":"Rausdorf","ewz":231,"dist_km":21.6,"city":false,"warm_m2":15.83,"own_value":true,"m2_median":55,"share_median":0.329,"m2_p25":43,"share_p25":0.422},"geometry":{"type":"Polygon","coordinates":[[[10.3393,53.5958],[10.351,53.6019],[10.3439,53.604],[10.3296,53.5965],[10.3204,53.5991],[10.3085,53.5939],[10.3051,53.585],[10.3151,53.5812],[10.334,53.5823],[10.3421,53.5875],[10.3458,53.5898],[10.3393,53.5958]]]}},{"type":"Feature","properties":{"ags":"01062082","name":"Trittau","ewz":9167,"dist_km":28.5,"city":false,"warm_m2":15.03,"own_value":true,"m2_median":58,"share_median":0.311,"m2_p25":45,"share_p25":0.398},"geometry":{"type":"MultiPolygon","coordinates":[[[[10.4505,53.6382],[10.4434,53.6401],[10.4211,53.6365],[10.4192,53.6314],[10.3956,53.6314],[10.3842,53.6302],[10.3828,53.6312],[10.3762,53.6311],[10.37,53.6329],[10.3636,53.6318],[10.3649,53.6293],[10.3604,53.6279],[10.364,53.6183],[10.3631,53.6096],[10.358,53.6047],[10.3664,53.606],[10.3687,53.6013],[10.4002,53.5898],[10.4063,53.5918],[10.4106,53.5944],[10.4184,53.6022],[10.4222,53.6025],[10.4282,53.6055],[10.4354,53.6055],[10.4653,53.6099],[10.4794,53.6014],[10.4812,53.607],[10.4802,53.6127],[10.483,53.6146],[10.4864,53.6201],[10.471,53.624],[10.4695,53.6331],[10.46,53.6323],[10.4504,53.6347],[10.4505,53.6382]]],[[[10.4875,53.6205],[10.5032,53.6248],[10.4922,53.6265],[10.4875,53.6205]]]]}},{"type":"Feature","properties":{"ags":"01062086","name":"Witzhave","ewz":1575,"dist_km":22,"city":false,"warm_m2":14.33,"own_value":true,"m2_median":60,"share_median":0.298,"m2_p25":47,"share_p25":0.382},"geometry":{"type":"Polygon","coordinates":[[[10.3629,53.5727],[10.3525,53.5905],[10.3539,53.5912],[10.3458,53.5898],[10.3421,53.5875],[10.334,53.5823],[10.3151,53.5812],[10.3064,53.58],[10.3158,53.5717],[10.3125,53.5565],[10.3194,53.556],[10.3467,53.565],[10.3531,53.5714],[10.362,53.5711],[10.3629,53.5727]]]}},{"type":"Feature","properties":{"ags":"02000000","name":"Hamburg","ewz":1910160,"dist_km":4.7,"city":true,"warm_m2":17.6,"own_value":true,"m2_median":49,"share_median":0.366,"m2_p25":38,"share_p25":0.47},"geometry":{"type":"MultiPolygon","coordinates":[[[[10.1778,53.7101],[10.1913,53.7222],[10.1852,53.7322],[10.1629,53.7381],[10.1615,53.7334],[10.1264,53.7196],[10.1211,53.7134],[10.0818,53.7204],[10.0695,53.7112],[10.0736,53.7092],[10.0696,53.7062],[10.0714,53.697],[10.0694,53.6963],[10.0657,53.689],[10.0693,53.6795],[10.0505,53.6769],[10.0408,53.682],[9.9987,53.6815],[9.9904,53.6697],[9.9905,53.6509],[9.9655,53.6488],[9.9498,53.6507],[9.9454,53.6529],[9.9114,53.6533],[9.9047,53.6418],[9.8969,53.6349],[9.8897,53.6223],[9.8791,53.6198],[9.868,53.6093],[9.8581,53.5996],[9.8397,53.5948],[9.8367,53.5875],[9.8162,53.5862],[9.7896,53.604],[9.7949,53.61],[9.7911,53.609],[9.7706,53.6162],[9.7689,53.6228],[9.7703,53.6275],[9.7637,53.6275],[9.758,53.6181],[9.7556,53.6025],[9.737,53.5774],[9.7344,53.5652],[9.7706,53.5631],[9.8263,53.5526],[9.81,53.541],[9.8068,53.5307],[9.7721,53.5434],[9.7654,53.5411],[9.7763,53.5251],[9.7662,53.5146],[9.7689,53.5053],[9.7845,53.5],[9.7822,53.4915],[9.8024,53.4933],[9.7998,53.4696],[9.8366,53.4509],[9.8624,53.4299],[9.86,53.4366],[9.8959,53.4574],[9.9044,53.4568],[9.9215,53.4366],[9.9165,53.4249],[9.9246,53.4196],[9.9279,53.4192],[9.942,53.4211],[9.9492,53.4309],[9.9633,53.4273],[9.9844,53.4154],[10.0102,53.4287],[10.0293,53.4352],[10.0434,53.4587],[10.0518,53.4639],[10.0793,53.4533],[10.0846,53.4504],[10.0948,53.4427],[10.1035,53.4308],[10.1087,53.4267],[10.1165,53.4242],[10.1327,53.4234],[10.1379,53.4215],[10.1446,53.4165],[10.1522,53.4073],[10.1677,53.3985],[10.1735,53.3969],[10.1808,53.3964],[10.1985,53.3986],[10.2318,53.3951],[10.2438,53.3996],[10.26,53.4185],[10.2848,53.4246],[10.303,53.4323],[10.308,53.4332],[10.3182,53.4353],[10.3155,53.4411],[10.326,53.4496],[10.3162,53.4523],[10.308,53.4429],[10.2956,53.4487],[10.2937,53.4527],[10.2693,53.4641],[10.2643,53.4751],[10.2521,53.4773],[10.2384,53.4833],[10.2351,53.4909],[10.2367,53.4964],[10.2331,53.4968],[10.2223,53.4965],[10.2106,53.52],[10.2003,53.5142],[10.1866,53.5128],[10.1646,53.5199],[10.1617,53.5259],[10.1512,53.545],[10.1571,53.5601],[10.1514,53.5615],[10.1474,53.5663],[10.1526,53.5779],[10.1653,53.5823],[10.1983,53.5822],[10.2014,53.5841],[10.1943,53.5901],[10.1952,53.6076],[10.189,53.613],[10.2173,53.6261],[10.2218,53.6337],[10.2101,53.6365],[10.1897,53.6384],[10.1951,53.6523],[10.1874,53.6565],[10.1776,53.663],[10.1741,53.667],[10.1692,53.6678],[10.1448,53.6798],[10.1595,53.6908],[10.1575,53.705],[10.1778,53.7101]]],[[[8.4582,53.9571],[8.443,53.9643],[8.4378,53.9536],[8.4582,53.9571]]],[[[8.5026,53.9281],[8.4911,53.9287],[8.487,53.9139],[8.5006,53.9127],[8.5169,53.9228],[8.5026,53.9281]]]]}},{"type":"Feature","properties":{"ags":"03353005","name":"Buchholz in der Nordheide","ewz":41290,"dist_km":28.8,"city":false,"warm_m2":16,"own_value":true,"m2_median":54,"share_median":0.331,"m2_p25":42,"share_p25":0.424},"geometry":{"type":"MultiPolygon","coordinates":[[[[9.9025,53.3676],[9.8825,53.3764],[9.8344,53.3738],[9.8175,53.3761],[9.8156,53.3707],[9.8159,53.3541],[9.8309,53.3532],[9.8266,53.342],[9.813,53.3406],[9.8133,53.3388],[9.7977,53.33],[9.7817,53.3212],[9.7873,53.3038],[9.794,53.2965],[9.7974,53.2957],[9.8177,53.2974],[9.8431,53.2933],[9.846,53.2816],[9.8458,53.2757],[9.8662,53.2667],[9.8753,53.2664],[9.8759,53.2636],[9.8674,53.2564],[9.8841,53.2446],[9.9014,53.246],[9.9174,53.2434],[9.8941,53.2614],[9.8923,53.271],[9.8884,53.2694],[9.8867,53.2791],[9.9061,53.3029],[9.9131,53.3314],[9.9307,53.3331],[9.9279,53.3405],[9.9116,53.3404],[9.9134,53.3521],[9.8983,53.3513],[9.8931,53.3605],[9.9025,53.3676]]],[[[9.7716,53.2911],[9.7919,53.2872],[9.791,53.2914],[9.7923,53.2938],[9.7906,53.2944],[9.7888,53.2911],[9.7683,53.2921],[9.7716,53.2911]]]]}},{"type":"Feature","properties":{"ags":"03353026","name":"Neu Wulmstorf","ewz":22699,"dist_km":19.3,"city":false,"warm_m2":16.29,"own_value":true,"m2_median":53,"share_median":0.339,"m2_p25":41,"share_p25":0.435},"geometry":{"type":"Polygon","coordinates":[[[9.7822,53.4915],[9.7845,53.5],[9.7689,53.5053],[9.7653,53.4948],[9.7469,53.4962],[9.7437,53.4925],[9.7397,53.4929],[9.7381,53.491],[9.7502,53.4899],[9.7701,53.4796],[9.7704,53.4581],[9.7802,53.4563],[9.7834,53.4405],[9.7659,53.436],[9.7407,53.4379],[9.7267,53.4226],[9.7573,53.4193],[9.7722,53.4066],[9.7649,53.3964],[9.7642,53.3905],[9.7783,53.3828],[9.7819,53.374],[9.8013,53.3676],[9.8079,53.3646],[9.816,53.3645],[9.8156,53.3707],[9.8242,53.3936],[9.8275,53.4032],[9.8433,53.4071],[9.8412,53.4186],[9.8561,53.4269],[9.8624,53.4299],[9.8366,53.4509],[9.7998,53.4696],[9.8024,53.4933],[9.7822,53.4915]]]}},{"type":"Feature","properties":{"ags":"03353029","name":"Rosengarten","ewz":13863,"dist_km":19.3,"city":false,"warm_m2":15.06,"own_value":true,"m2_median":57,"share_median":0.313,"m2_p25":45,"share_p25":0.402},"geometry":{"type":"Polygon","coordinates":[[[9.9246,53.4196],[9.9165,53.4249],[9.9215,53.4366],[9.9044,53.4568],[9.8959,53.4574],[9.86,53.4366],[9.8645,53.4307],[9.8561,53.4269],[9.8412,53.4186],[9.8433,53.4071],[9.8275,53.4032],[9.8242,53.3936],[9.8175,53.3761],[9.8344,53.3738],[9.8825,53.3764],[9.9025,53.3676],[9.8931,53.3605],[9.8983,53.3513],[9.9134,53.3521],[9.9116,53.3404],[9.9279,53.3405],[9.9305,53.3339],[9.9439,53.3422],[9.9568,53.3418],[9.958,53.3424],[9.9504,53.3525],[9.9557,53.3543],[9.9565,53.3631],[9.9493,53.3792],[9.9304,53.3804],[9.9415,53.3984],[9.9431,53.413],[9.9307,53.418],[9.9246,53.4196]]]}},{"type":"Feature","properties":{"ags":"03353031","name":"Seevetal","ewz":42880,"dist_km":18.2,"city":false,"warm_m2":15.55,"own_value":true,"m2_median":56,"share_median":0.324,"m2_p25":43,"share_p25":0.415},"geometry":{"type":"Polygon","coordinates":[[[10.1035,53.4308],[10.0958,53.4417],[10.0891,53.4472],[10.0806,53.4528],[10.0684,53.4557],[10.0518,53.4639],[10.0434,53.4587],[10.0293,53.4352],[10.0102,53.4287],[9.9844,53.4154],[9.9633,53.4273],[9.9492,53.4309],[9.942,53.4211],[9.9279,53.4192],[9.9307,53.418],[9.9431,53.413],[9.9415,53.3984],[9.9304,53.3804],[9.9493,53.3792],[9.9565,53.3631],[9.9557,53.3543],[9.9638,53.357],[9.9792,53.3537],[10.0087,53.3587],[10.0144,53.356],[10.0018,53.3438],[9.9966,53.3342],[9.9985,53.3281],[10.0369,53.3239],[10.0501,53.3194],[10.0679,53.3164],[10.0863,53.3206],[10.0943,53.3319],[10.1008,53.3412],[10.0894,53.3503],[10.064,53.3575],[10.0728,53.3684],[10.0682,53.3763],[10.0688,53.3979],[10.0733,53.4057],[10.0875,53.4072],[10.1075,53.4274],[10.1035,53.4308]]]}},{"type":"Feature","properties":{"ags":"03353032","name":"Stelle","ewz":11596,"dist_km":20,"city":false,"warm_m2":14.95,"own_value":true,"m2_median":58,"share_median":0.311,"m2_p25":45,"share_p25":0.399},"geometry":{"type":"Polygon","coordinates":[[[10.1327,53.4234],[10.1196,53.4238],[10.1133,53.425],[10.1075,53.4274],[10.0875,53.4072],[10.0733,53.4057],[10.0688,53.3979],[10.0682,53.3763],[10.0728,53.3684],[10.064,53.3575],[10.0894,53.3503],[10.1025,53.3413],[10.1101,53.3428],[10.1257,53.3509],[10.1447,53.35],[10.1712,53.3617],[10.1404,53.3725],[10.1414,53.3766],[10.1217,53.3875],[10.1354,53.3964],[10.1469,53.4086],[10.145,53.4136],[10.146,53.4151],[10.1379,53.4215],[10.1327,53.4234]]]}},{"type":"Feature","properties":{"ags":"03353040","name":"Winsen (Luhe)","ewz":36499,"dist_km":26.9,"city":false,"warm_m2":14.76,"own_value":true,"m2_median":59,"share_median":0.305,"m2_p25":46,"share_p25":0.392},"geometry":{"type":"Polygon","coordinates":[[[10.2535,53.3919],[10.2447,53.3982],[10.2609,53.4171],[10.26,53.4185],[10.2438,53.3996],[10.2318,53.3951],[10.1985,53.3986],[10.1808,53.3964],[10.1716,53.3973],[10.1643,53.4],[10.1538,53.4061],[10.146,53.4151],[10.145,53.4136],[10.1469,53.4086],[10.1354,53.3964],[10.1217,53.3875],[10.1414,53.3766],[10.1404,53.3725],[10.1712,53.3617],[10.1447,53.35],[10.1257,53.3509],[10.1101,53.3428],[10.1025,53.3413],[10.1008,53.3412],[10.0943,53.3319],[10.0915,53.3253],[10.0992,53.3173],[10.1038,53.3131],[10.1197,53.3109],[10.1333,53.3129],[10.1611,53.3124],[10.1705,53.3093],[10.1606,53.2965],[10.1636,53.2945],[10.208,53.2868],[10.2198,53.3085],[10.2243,53.31],[10.2303,53.3152],[10.252,53.3179],[10.2641,53.3232],[10.2657,53.3338],[10.2676,53.3298],[10.2958,53.3333],[10.308,53.3315],[10.3105,53.3345],[10.3256,53.3349],[10.3216,53.3507],[10.3069,53.3532],[10.2767,53.3563],[10.2763,53.3688],[10.286,53.3772],[10.2905,53.391],[10.2535,53.3919]]]}},{"type":"Feature","properties":{"ags":"03353007","name":"Drage","ewz":4352,"dist_km":25.6,"city":false,"warm_m2":13.34,"own_value":true,"m2_median":65,"share_median":0.276,"m2_p25":51,"share_p25":0.354},"geometry":{"type":"Polygon","coordinates":[[[10.3308,53.425],[10.3146,53.4322],[10.3098,53.4332],[10.3053,53.4329],[10.2848,53.4246],[10.26,53.4185],[10.2609,53.4171],[10.2447,53.3982],[10.2535,53.3919],[10.2905,53.391],[10.286,53.3772],[10.2763,53.3688],[10.2767,53.3563],[10.3069,53.3532],[10.3216,53.3507],[10.3208,53.3565],[10.3234,53.3596],[10.3158,53.3603],[10.3224,53.3789],[10.3265,53.4147],[10.334,53.4221],[10.3401,53.4239],[10.3552,53.425],[10.3559,53.4261],[10.3308,53.425]]]}},{"type":"Feature","properties":{"ags":"03353023","name":"Marschacht","ewz":3985,"dist_km":28.6,"city":false,"warm_m2":13.22,"own_value":true,"m2_median":66,"share_median":0.273,"m2_p25":51,"share_p25":0.35},"geometry":{"type":"Polygon","coordinates":[[[10.3979,53.4115],[10.3754,53.4248],[10.3677,53.4262],[10.3605,53.4263],[10.3559,53.4261],[10.3552,53.425],[10.3401,53.4239],[10.334,53.4221],[10.3265,53.4147],[10.3224,53.3789],[10.3158,53.3603],[10.3234,53.3596],[10.36,53.3588],[10.3609,53.3609],[10.3711,53.3623],[10.3724,53.3677],[10.3703,53.3705],[10.3632,53.381],[10.3692,53.3897],[10.3979,53.4115]]]}},{"type":"Feature","properties":{"ags":"03353033","name":"Tespe","ewz":4902,"dist_km":33.2,"city":false,"warm_m2":13.56,"own_value":true,"m2_median":64,"share_median":0.279,"m2_p25":50,"share_p25":0.358},"geometry":{"type":"Polygon","coordinates":[[[10.444,53.3929],[10.4139,53.4047],[10.3979,53.4115],[10.3692,53.3897],[10.3632,53.381],[10.3703,53.3705],[10.3797,53.366],[10.4066,53.3666],[10.4228,53.3555],[10.4324,53.3606],[10.4356,53.3641],[10.4379,53.3623],[10.4428,53.3609],[10.4421,53.3627],[10.457,53.3685],[10.471,53.3802],[10.4692,53.3858],[10.444,53.3929]]]}},{"type":"Feature","properties":{"ags":"03353002","name":"Asendorf","ewz":2132,"dist_km":30.4,"city":false,"warm_m2":13.86,"own_value":true,"m2_median":63,"share_median":0.286,"m2_p25":49,"share_p25":0.367},"geometry":{"type":"Polygon","coordinates":[[[9.9815,53.3071],[9.9799,53.3086],[9.9626,53.3015],[9.951,53.281],[9.9498,53.2714],[9.9465,53.2717],[9.9485,53.2528],[9.9682,53.2559],[9.9968,53.2708],[10.0037,53.2783],[10.0059,53.2792],[9.9975,53.2846],[9.998,53.2921],[9.989,53.3068],[9.9815,53.3071]]]}},{"type":"Feature","properties":{"ags":"03353004","name":"Brackel","ewz":1990,"dist_km":28.2,"city":false,"warm_m2":13.32,"own_value":true,"m2_median":65,"share_median":0.275,"m2_p25":51,"share_p25":0.353},"geometry":{"type":"Polygon","coordinates":[[[10.0863,53.3206],[10.0679,53.3164],[10.0501,53.3194],[10.0306,53.3121],[10.0134,53.2985],[10.0204,53.2912],[10.0171,53.2861],[10.0233,53.2909],[10.0336,53.2945],[10.0705,53.2761],[10.0784,53.2789],[10.071,53.3024],[10.0865,53.3108],[10.0934,53.3105],[10.102,53.3145],[10.0992,53.3173],[10.0915,53.3253],[10.0863,53.3206]]]}},{"type":"Feature","properties":{"ags":"03353009","name":"Egestorf","ewz":2785,"dist_km":41.7,"city":false,"warm_m2":13.03,"own_value":true,"m2_median":68,"share_median":0.267,"m2_p25":53,"share_p25":0.341},"geometry":{"type":"Polygon","coordinates":[[[10.0488,53.2265],[10.0459,53.2281],[10.02,53.2186],[10.0202,53.2148],[9.9869,53.2102],[10.002,53.202],[9.9981,53.1905],[10.0038,53.1806],[9.9976,53.1742],[9.9969,53.1593],[10.0257,53.1583],[10.0487,53.1507],[10.074,53.1312],[10.0754,53.129],[10.0921,53.14],[10.1095,53.1572],[10.1096,53.1684],[10.0881,53.1692],[10.0847,53.1772],[10.0893,53.1915],[10.0844,53.2047],[10.076,53.2069],[10.0712,53.2086],[10.0705,53.2201],[10.0519,53.2146],[10.0488,53.2265]]]}},{"type":"Feature","properties":{"ags":"03353016","name":"Hanstedt","ewz":6197,"dist_km":33.8,"city":false,"warm_m2":14.58,"own_value":true,"m2_median":60,"share_median":0.3,"m2_p25":47,"share_p25":0.384},"geometry":{"type":"Polygon","coordinates":[[[10.0705,53.2761],[10.0336,53.2945],[10.0233,53.2909],[10.0188,53.2869],[10.0107,53.283],[10.0079,53.2802],[10.0037,53.2783],[9.9968,53.2708],[9.9682,53.2559],[9.9485,53.2528],[9.9465,53.2717],[9.941,53.2719],[9.9318,53.2798],[9.9132,53.2834],[9.8996,53.2741],[9.8923,53.271],[9.8941,53.2614],[9.9177,53.2454],[9.9243,53.2454],[9.9463,53.2282],[9.9507,53.2141],[9.9668,53.2152],[9.9869,53.2102],[10.0202,53.2148],[10.02,53.2186],[10.0459,53.2281],[10.0455,53.2295],[10.0569,53.2324],[10.0596,53.2416],[10.0485,53.2473],[10.0522,53.2605],[10.0705,53.2761]]]}},{"type":"Feature","properties":{"ags":"03353024","name":"Marxen","ewz":1440,"dist_km":27.9,"city":false,"warm_m2":13.7,"own_value":true,"m2_median":64,"share_median":0.283,"m2_p25":50,"share_p25":0.363},"geometry":{"type":"Polygon","coordinates":[[[10.0171,53.2861],[10.0204,53.2912],[10.0134,53.2985],[10.0306,53.3121],[10.0501,53.3194],[10.0369,53.3239],[9.9985,53.3281],[9.9966,53.3342],[9.9788,53.3198],[9.9762,53.3123],[9.9815,53.3071],[9.989,53.3068],[9.998,53.2921],[9.9975,53.2846],[10.0059,53.2792],[10.0079,53.2802],[10.0107,53.283],[10.0171,53.2861]]]}},{"type":"Feature","properties":{"ags":"03353036","name":"Undeloh","ewz":1016,"dist_km":39,"city":false,"warm_m2":12.04,"own_value":true,"m2_median":73,"share_median":0.247,"m2_p25":57,"share_p25":0.316},"geometry":{"type":"Polygon","coordinates":[[[9.9174,53.2434],[9.9032,53.2456],[9.8939,53.2455],[9.8896,53.2308],[9.8703,53.2249],[9.8597,53.2304],[9.8613,53.2285],[9.8534,53.2269],[9.8467,53.2237],[9.8467,53.2102],[9.8574,53.2022],[9.8877,53.1952],[9.9132,53.1739],[9.9348,53.1739],[9.9563,53.1809],[9.9846,53.1793],[9.9976,53.1742],[10.0038,53.1806],[9.9981,53.1905],[10.002,53.202],[9.9869,53.2102],[9.9668,53.2152],[9.9507,53.2141],[9.9463,53.2282],[9.9243,53.2454],[9.9177,53.2454],[9.9174,53.2434]]]}},{"type":"Feature","properties":{"ags":"03353001","name":"Appel","ewz":2087,"dist_km":24.6,"city":false,"warm_m2":15.45,"own_value":true,"m2_median":56,"share_median":0.32,"m2_p25":44,"share_p25":0.411},"geometry":{"type":"Polygon","coordinates":[[[9.7649,53.3964],[9.7722,53.4066],[9.7573,53.4193],[9.7289,53.4223],[9.7408,53.4022],[9.7278,53.3924],[9.7325,53.3795],[9.7259,53.3754],[9.7268,53.3749],[9.7348,53.3669],[9.733,53.3638],[9.7694,53.367],[9.7797,53.374],[9.7819,53.374],[9.7783,53.3828],[9.7642,53.3905],[9.7649,53.3964]]]}},{"type":"Feature","properties":{"ags":"03353008","name":"Drestedt","ewz":846,"dist_km":29.6,"city":false,"warm_m2":12.61,"own_value":true,"m2_median":69,"share_median":0.26,"m2_p25":54,"share_p25":0.334},"geometry":{"type":"Polygon","coordinates":[[[9.7977,53.33],[9.8133,53.3388],[9.8127,53.3415],[9.7747,53.3341],[9.7265,53.3357],[9.7345,53.3319],[9.7405,53.3272],[9.7525,53.3227],[9.7563,53.3143],[9.7585,53.3199],[9.7817,53.3212],[9.7977,53.33]]]}},{"type":"Feature","properties":{"ags":"03353014","name":"Halvesbostel","ewz":770,"dist_km":35.8,"city":false,"warm_m2":11.87,"own_value":true,"m2_median":74,"share_median":0.244,"m2_p25":58,"share_p25":0.312},"geometry":{"type":"Polygon","coordinates":[[[9.66,53.3393],[9.6524,53.3588],[9.6527,53.3682],[9.6402,53.3763],[9.623,53.3685],[9.6172,53.3669],[9.6021,53.3689],[9.5837,53.3582],[9.565,53.3398],[9.5627,53.3376],[9.572,53.3317],[9.5752,53.3291],[9.5832,53.3158],[9.5835,53.3299],[9.6104,53.3362],[9.6283,53.3502],[9.6534,53.3382],[9.66,53.3393]]]}},{"type":"Feature","properties":{"ags":"03353019","name":"Hollenstedt","ewz":3819,"dist_km":29.5,"city":false,"warm_m2":14.55,"own_value":true,"m2_median":60,"share_median":0.3,"m2_p25":47,"share_p25":0.385},"geometry":{"type":"Polygon","coordinates":[[[9.7079,53.3938],[9.7047,53.3961],[9.7046,53.395],[9.6992,53.396],[9.6779,53.3946],[9.6778,53.3938],[9.6686,53.3902],[9.6692,53.3767],[9.678,53.3691],[9.6719,53.3464],[9.6763,53.3362],[9.6895,53.3287],[9.6987,53.3351],[9.7215,53.342],[9.7225,53.345],[9.7231,53.3436],[9.7229,53.3531],[9.7348,53.3669],[9.7268,53.3749],[9.7244,53.3759],[9.7202,53.3858],[9.7079,53.3938]]]}},{"type":"Feature","properties":{"ags":"03353025","name":"Moisburg","ewz":2093,"dist_km":26.1,"city":false,"warm_m2":12.8,"own_value":true,"m2_median":68,"share_median":0.265,"m2_p25":53,"share_p25":0.34},"geometry":{"type":"Polygon","coordinates":[[[9.7325,53.3795],[9.7278,53.3924],[9.7408,53.4022],[9.7289,53.4223],[9.7189,53.4233],[9.7051,53.4157],[9.6838,53.4115],[9.6777,53.409],[9.6778,53.3978],[9.6779,53.3946],[9.6992,53.396],[9.7046,53.395],[9.7047,53.3961],[9.7079,53.3938],[9.7202,53.3858],[9.7244,53.3759],[9.7259,53.3754],[9.7325,53.3795]]]}},{"type":"Feature","properties":{"ags":"03353028","name":"Regesbostel","ewz":1075,"dist_km":30.5,"city":false,"warm_m2":11.89,"own_value":true,"m2_median":73,"share_median":0.245,"m2_p25":57,"share_p25":0.314},"geometry":{"type":"Polygon","coordinates":[[[9.6777,53.409],[9.6806,53.4115],[9.6518,53.4098],[9.6425,53.3926],[9.6238,53.3902],[9.6165,53.3791],[9.6182,53.3701],[9.623,53.3685],[9.6402,53.3763],[9.6527,53.3682],[9.6524,53.3588],[9.66,53.3393],[9.6743,53.3414],[9.6719,53.3464],[9.678,53.3691],[9.6692,53.3767],[9.6686,53.3902],[9.6778,53.3938],[9.6778,53.3978],[9.6777,53.409]]]}},{"type":"Feature","properties":{"ags":"03353039","name":"Wenzendorf","ewz":1513,"dist_km":26.6,"city":false,"warm_m2":13.23,"own_value":true,"m2_median":66,"share_median":0.274,"m2_p25":51,"share_p25":0.351},"geometry":{"type":"Polygon","coordinates":[[[9.8013,53.3676],[9.7797,53.374],[9.7694,53.367],[9.733,53.3638],[9.7229,53.3531],[9.7231,53.3436],[9.7239,53.3414],[9.7265,53.3357],[9.7747,53.3341],[9.8127,53.3415],[9.813,53.3406],[9.8266,53.342],[9.8309,53.3532],[9.8159,53.3541],[9.816,53.3645],[9.8079,53.3646],[9.8013,53.3676]]]}},{"type":"Feature","properties":{"ags":"03353003","name":"Bendestorf","ewz":2282,"dist_km":24.6,"city":false,"warm_m2":16.35,"own_value":true,"m2_median":53,"share_median":0.339,"m2_p25":41,"share_p25":0.435},"geometry":{"type":"Polygon","coordinates":[[[9.997,53.3358],[9.9759,53.344],[9.9659,53.3446],[9.958,53.3424],[9.9587,53.3288],[9.9842,53.325],[9.997,53.3358]]]}},{"type":"Feature","properties":{"ags":"03353017","name":"Harmstorf","ewz":814,"dist_km":22.8,"city":false,"warm_m2":12.5,"own_value":true,"m2_median":69,"share_median":0.259,"m2_p25":54,"share_p25":0.333},"geometry":{"type":"Polygon","coordinates":[[[10.0144,53.356],[10.0087,53.3587],[9.9792,53.3537],[9.9638,53.357],[9.9504,53.3525],[9.958,53.3424],[9.9659,53.3446],[9.9759,53.344],[9.997,53.3358],[10.0018,53.3438],[10.0144,53.356]]]}},{"type":"Feature","properties":{"ags":"03353020","name":"Jesteburg","ewz":7995,"dist_km":27.9,"city":false,"warm_m2":14.77,"own_value":true,"m2_median":59,"share_median":0.305,"m2_p25":46,"share_p25":0.391},"geometry":{"type":"Polygon","coordinates":[[[9.9568,53.3418],[9.9439,53.3422],[9.9305,53.3339],[9.9307,53.3331],[9.9131,53.3314],[9.9061,53.3029],[9.8867,53.2791],[9.8884,53.2694],[9.8996,53.2741],[9.9132,53.2834],[9.9318,53.2798],[9.941,53.2719],[9.9498,53.2714],[9.951,53.281],[9.9626,53.3015],[9.9799,53.3086],[9.9762,53.3123],[9.9788,53.3198],[9.9842,53.325],[9.9587,53.3288],[9.958,53.3424],[9.9568,53.3418]]]}},{"type":"Feature","properties":{"ags":"03353010","name":"Eyendorf","ewz":1178,"dist_km":41.4,"city":false,"warm_m2":12.21,"own_value":true,"m2_median":72,"share_median":0.25,"m2_p25":56,"share_p25":0.32},"geometry":{"type":"Polygon","coordinates":[[[10.176,53.2132],[10.1629,53.2147],[10.1392,53.2136],[10.1332,53.2076],[10.1205,53.2006],[10.1267,53.1989],[10.1318,53.1968],[10.1328,53.1945],[10.124,53.1868],[10.1091,53.1783],[10.1147,53.1723],[10.1117,53.1704],[10.1236,53.1714],[10.1273,53.1729],[10.1329,53.1726],[10.1341,53.1762],[10.1638,53.1851],[10.1746,53.195],[10.1851,53.2033],[10.176,53.2132]]]}},{"type":"Feature","properties":{"ags":"03353011","name":"Garlstorf","ewz":1179,"dist_km":36.5,"city":false,"warm_m2":12.98,"own_value":true,"m2_median":68,"share_median":0.267,"m2_p25":53,"share_p25":0.341},"geometry":{"type":"Polygon","coordinates":[[[10.1426,53.249],[10.1367,53.2516],[10.0996,53.251],[10.0554,53.2443],[10.0596,53.2416],[10.0569,53.2324],[10.0455,53.2295],[10.0488,53.2265],[10.0519,53.2146],[10.0705,53.2201],[10.0712,53.2086],[10.076,53.2069],[10.0857,53.2101],[10.0935,53.21],[10.0902,53.2174],[10.0898,53.2208],[10.1172,53.2293],[10.1188,53.2387],[10.1367,53.2414],[10.1426,53.249]]]}},{"type":"Feature","properties":{"ags":"03353012","name":"Garstedt","ewz":1496,"dist_km":31.8,"city":false,"warm_m2":12.73,"own_value":true,"m2_median":69,"share_median":0.262,"m2_p25":54,"share_p25":0.336},"geometry":{"type":"Polygon","coordinates":[[[10.1636,53.2945],[10.1591,53.2969],[10.1571,53.3006],[10.1443,53.2946],[10.1341,53.2887],[10.1196,53.2819],[10.129,53.2739],[10.1677,53.2652],[10.1872,53.2662],[10.1881,53.2656],[10.1925,53.2684],[10.1956,53.2754],[10.204,53.2742],[10.2258,53.2901],[10.2117,53.2937],[10.208,53.2868],[10.1636,53.2945]]]}},{"type":"Feature","properties":{"ags":"03353013","name":"Gödenstorf","ewz":1093,"dist_km":39.2,"city":false,"warm_m2":13.44,"own_value":true,"m2_median":65,"share_median":0.275,"m2_p25":51,"share_p25":0.353},"geometry":{"type":"Polygon","coordinates":[[[10.1367,53.2414],[10.1188,53.2387],[10.1172,53.2293],[10.0898,53.2208],[10.0902,53.2174],[10.0905,53.2185],[10.1051,53.2169],[10.104,53.2106],[10.0996,53.2099],[10.0857,53.2101],[10.076,53.2069],[10.0844,53.2047],[10.0893,53.1915],[10.0847,53.1772],[10.0881,53.1692],[10.1096,53.1684],[10.1147,53.1723],[10.1091,53.1783],[10.124,53.1868],[10.1328,53.1945],[10.1318,53.1968],[10.1267,53.1989],[10.1205,53.2006],[10.1257,53.2088],[10.1332,53.2267],[10.1392,53.2329],[10.1367,53.2414]]]}},{"type":"Feature","properties":{"ags":"03353030","name":"Salzhausen","ewz":4943,"dist_km":38.6,"city":false,"warm_m2":12.68,"own_value":true,"m2_median":69,"share_median":0.26,"m2_p25":54,"share_p25":0.333},"geometry":{"type":"MultiPolygon","coordinates":[[[[10.201,53.2519],[10.1878,53.2463],[10.1907,53.2653],[10.1872,53.2662],[10.1677,53.2652],[10.1585,53.2524],[10.1426,53.249],[10.1367,53.2414],[10.1392,53.2329],[10.1332,53.2267],[10.1257,53.2088],[10.1332,53.2076],[10.1392,53.2136],[10.1629,53.2147],[10.176,53.2132],[10.1851,53.2033],[10.1746,53.195],[10.168,53.1894],[10.1715,53.1866],[10.1792,53.1827],[10.1826,53.1792],[10.19,53.1835],[10.2119,53.1856],[10.2358,53.1933],[10.2339,53.1958],[10.2335,53.2046],[10.2176,53.215],[10.2058,53.2351],[10.2062,53.2387],[10.2121,53.2518],[10.201,53.2519]]],[[[10.104,53.2106],[10.1051,53.2169],[10.0905,53.2185],[10.0935,53.21],[10.104,53.2106]]]]}},{"type":"Feature","properties":{"ags":"03353034","name":"Toppenstedt","ewz":2218,"dist_km":31.3,"city":false,"warm_m2":12.94,"own_value":true,"m2_median":67,"share_median":0.267,"m2_p25":53,"share_p25":0.342},"geometry":{"type":"Polygon","coordinates":[[[10.1219,53.2938],[10.1193,53.2946],[10.1094,53.3077],[10.0865,53.3108],[10.071,53.3024],[10.0784,53.2789],[10.0705,53.2761],[10.0522,53.2605],[10.0485,53.2473],[10.0554,53.2443],[10.0996,53.251],[10.1367,53.2516],[10.1426,53.249],[10.1585,53.2524],[10.1677,53.2652],[10.129,53.2739],[10.1196,53.2819],[10.1244,53.2835],[10.1243,53.2847],[10.1226,53.2843],[10.1177,53.2857],[10.1219,53.2938]]]}},{"type":"Feature","properties":{"ags":"03353037","name":"Vierhöfen","ewz":920,"dist_km":34.5,"city":false,"warm_m2":12.48,"own_value":true,"m2_median":70,"share_median":0.257,"m2_p25":55,"share_p25":0.329},"geometry":{"type":"Polygon","coordinates":[[[10.2597,53.2888],[10.2579,53.2902],[10.2504,53.2907],[10.2425,53.2845],[10.2253,53.2877],[10.204,53.2742],[10.1956,53.2754],[10.1925,53.2684],[10.1881,53.2656],[10.1907,53.2653],[10.1878,53.2463],[10.201,53.2519],[10.2073,53.2521],[10.2217,53.2501],[10.2225,53.2483],[10.2555,53.2575],[10.2538,53.2643],[10.2404,53.2714],[10.2597,53.2888]]]}},{"type":"Feature","properties":{"ags":"03353042","name":"Wulfsen","ewz":1718,"dist_km":29.5,"city":false,"warm_m2":14.25,"own_value":true,"m2_median":61,"share_median":0.294,"m2_p25":48,"share_p25":0.377},"geometry":{"type":"Polygon","coordinates":[[[10.1038,53.3131],[10.102,53.3145],[10.0934,53.3105],[10.1094,53.3077],[10.1193,53.2946],[10.1219,53.2938],[10.1177,53.2857],[10.1226,53.2843],[10.1243,53.2847],[10.1244,53.2835],[10.1341,53.2887],[10.1443,53.2946],[10.1571,53.3006],[10.1591,53.2969],[10.1606,53.2965],[10.1705,53.3093],[10.1611,53.3124],[10.1333,53.3129],[10.1197,53.3109],[10.1038,53.3131]]]}},{"type":"Feature","properties":{"ags":"03353006","name":"Dohren","ewz":1272,"dist_km":33.1,"city":false,"warm_m2":13.4,"own_value":true,"m2_median":65,"share_median":0.276,"m2_p25":51,"share_p25":0.354},"geometry":{"type":"MultiPolygon","coordinates":[[[[9.6849,53.2986],[9.6876,53.294],[9.721,53.2977],[9.7342,53.3096],[9.7228,53.3167],[9.7223,53.326],[9.7095,53.3384],[9.6987,53.3351],[9.6895,53.3287],[9.6936,53.3169],[9.6844,53.313],[9.6849,53.2986]]],[[[9.6515,53.292],[9.653,53.2987],[9.6461,53.2954],[9.6492,53.2927],[9.6515,53.292]]],[[[9.6776,53.2824],[9.6693,53.2903],[9.6328,53.2862],[9.6319,53.2855],[9.6337,53.2839],[9.6433,53.2841],[9.6535,53.2804],[9.6592,53.2868],[9.6776,53.2824]]]]}},{"type":"Feature","properties":{"ags":"03353015","name":"Handeloh","ewz":2521,"dist_km":36.1,"city":false,"warm_m2":12.59,"own_value":true,"m2_median":70,"share_median":0.259,"m2_p25":54,"share_p25":0.331},"geometry":{"type":"Polygon","coordinates":[[[9.8662,53.2667],[9.8458,53.2757],[9.846,53.2816],[9.8301,53.2715],[9.8046,53.271],[9.7917,53.2649],[9.7896,53.2653],[9.8027,53.2479],[9.8197,53.2476],[9.8211,53.2386],[9.8321,53.2055],[9.8467,53.2102],[9.8467,53.2237],[9.8534,53.2269],[9.8613,53.2285],[9.8597,53.2304],[9.8703,53.2249],[9.8896,53.2308],[9.8841,53.2446],[9.8674,53.2564],[9.8759,53.2636],[9.8753,53.2664],[9.8662,53.2667]]]}},{"type":"Feature","properties":{"ags":"03353018","name":"Heidenau","ewz":2365,"dist_km":37.5,"city":false,"warm_m2":12.3,"own_value":true,"m2_median":71,"share_median":0.252,"m2_p25":56,"share_p25":0.323},"geometry":{"type":"Polygon","coordinates":[[[9.6534,53.3382],[9.6283,53.3502],[9.6104,53.3362],[9.5835,53.3299],[9.5832,53.3158],[9.5851,53.3106],[9.5854,53.3069],[9.5938,53.3072],[9.6016,53.2996],[9.6045,53.2885],[9.5896,53.2916],[9.598,53.2684],[9.6022,53.2571],[9.6217,53.26],[9.6208,53.2695],[9.6334,53.2813],[9.637,53.2817],[9.6384,53.2841],[9.6337,53.2839],[9.6319,53.2855],[9.6367,53.2898],[9.6423,53.2889],[9.6533,53.2907],[9.6492,53.2927],[9.6461,53.2954],[9.6647,53.3049],[9.6936,53.3169],[9.6895,53.3287],[9.6763,53.3362],[9.6743,53.3414],[9.6534,53.3382]]]}},{"type":"Feature","properties":{"ags":"03353021","name":"Kakenstorf","ewz":1543,"dist_km":31.6,"city":false,"warm_m2":13.46,"own_value":true,"m2_median":65,"share_median":0.277,"m2_p25":51,"share_p25":0.356},"geometry":{"type":"Polygon","coordinates":[[[9.7239,53.3414],[9.7225,53.345],[9.7215,53.342],[9.7095,53.3384],[9.7223,53.326],[9.7228,53.3167],[9.7342,53.3096],[9.7493,53.3091],[9.7667,53.2922],[9.7683,53.2921],[9.7888,53.2911],[9.7924,53.2967],[9.794,53.2965],[9.7873,53.3038],[9.7817,53.3212],[9.7585,53.3199],[9.7563,53.3143],[9.7525,53.3227],[9.7405,53.3272],[9.7345,53.3319],[9.7265,53.3357],[9.7239,53.3414]]]}},{"type":"Feature","properties":{"ags":"03353022","name":"Königsmoor","ewz":605,"dist_km":42.7,"city":false,"warm_m2":11.98,"own_value":true,"m2_median":74,"share_median":0.245,"m2_p25":57,"share_p25":0.313},"geometry":{"type":"Polygon","coordinates":[[[9.6346,53.2455],[9.6265,53.2459],[9.6074,53.2432],[9.6016,53.2402],[9.6152,53.2372],[9.6236,53.2273],[9.7083,53.2162],[9.7034,53.2277],[9.6854,53.2349],[9.6746,53.2338],[9.6601,53.2337],[9.647,53.2406],[9.6414,53.2409],[9.6422,53.2417],[9.6346,53.2455]]]}},{"type":"Feature","properties":{"ags":"03353027","name":"Otter","ewz":1813,"dist_km":40.3,"city":false,"warm_m2":13.02,"own_value":true,"m2_median":68,"share_median":0.267,"m2_p25":53,"share_p25":0.341},"geometry":{"type":"Polygon","coordinates":[[[9.7417,53.2612],[9.7344,53.2648],[9.7164,53.2553],[9.6838,53.249],[9.6989,53.2404],[9.6935,53.2351],[9.6751,53.2348],[9.6683,53.2395],[9.6647,53.2403],[9.6641,53.2391],[9.6746,53.2338],[9.6854,53.2349],[9.7034,53.2277],[9.7083,53.2162],[9.7256,53.2142],[9.7396,53.209],[9.7451,53.2044],[9.7428,53.2035],[9.7552,53.198],[9.7853,53.1938],[9.7991,53.187],[9.8077,53.1903],[9.7987,53.2209],[9.7933,53.231],[9.7791,53.2314],[9.7593,53.244],[9.7538,53.2512],[9.7534,53.2558],[9.7513,53.2563],[9.7549,53.2596],[9.75,53.2598],[9.7417,53.2612]]]}},{"type":"Feature","properties":{"ags":"03353035","name":"Tostedt","ewz":14835,"dist_km":34.8,"city":false,"warm_m2":14.33,"own_value":true,"m2_median":61,"share_median":0.295,"m2_p25":48,"share_p25":0.378},"geometry":{"type":"MultiPolygon","coordinates":[[[[9.6849,53.2986],[9.6844,53.313],[9.6647,53.3049],[9.653,53.2987],[9.6515,53.292],[9.6533,53.2907],[9.6423,53.2889],[9.6367,53.2898],[9.6328,53.2862],[9.6693,53.2903],[9.6776,53.2824],[9.7082,53.264],[9.7032,53.2565],[9.6832,53.2556],[9.6738,53.2508],[9.6597,53.2553],[9.6397,53.2522],[9.6346,53.2455],[9.6422,53.2417],[9.6433,53.2425],[9.6502,53.2447],[9.6582,53.2419],[9.6621,53.2409],[9.6683,53.2395],[9.6751,53.2348],[9.6935,53.2351],[9.6989,53.2404],[9.6838,53.249],[9.7164,53.2553],[9.7344,53.2648],[9.7417,53.2612],[9.75,53.2598],[9.7576,53.2594],[9.769,53.2656],[9.8046,53.271],[9.8301,53.2715],[9.846,53.2816],[9.8431,53.2933],[9.8177,53.2974],[9.7974,53.2957],[9.7924,53.2967],[9.7906,53.2944],[9.7923,53.2938],[9.791,53.2914],[9.7919,53.2872],[9.7716,53.2911],[9.7667,53.2922],[9.7493,53.3091],[9.7342,53.3096],[9.721,53.2977],[9.6876,53.294],[9.6849,53.2986]]],[[[9.6595,53.2401],[9.6532,53.2397],[9.6533,53.241],[9.647,53.2406],[9.6601,53.2337],[9.6746,53.2338],[9.6641,53.2391],[9.6595,53.2401]]],[[[9.642,53.2726],[9.6424,53.2735],[9.6464,53.283],[9.6433,53.2841],[9.6384,53.2841],[9.637,53.2817],[9.6334,53.2813],[9.6287,53.274],[9.642,53.2726]]]]}},{"type":"Feature","properties":{"ags":"03353038","name":"Welle","ewz":1232,"dist_km":38.7,"city":false,"warm_m2":11.62,"own_value":true,"m2_median":76,"share_median":0.238,"m2_p25":59,"share_p25":0.305},"geometry":{"type":"Polygon","coordinates":[[[9.7917,53.2649],[9.8046,53.271],[9.769,53.2656],[9.7576,53.2594],[9.7549,53.2596],[9.7513,53.2563],[9.7534,53.2558],[9.7538,53.2512],[9.7593,53.244],[9.7791,53.2314],[9.7933,53.231],[9.7987,53.2209],[9.8077,53.1903],[9.8259,53.197],[9.8329,53.203],[9.8211,53.2386],[9.8197,53.2476],[9.8027,53.2479],[9.7896,53.2653],[9.7917,53.2649]]]}},{"type":"Feature","properties":{"ags":"03353041","name":"Wistedt","ewz":1765,"dist_km":39.2,"city":false,"warm_m2":12.13,"own_value":true,"m2_median":72,"share_median":0.249,"m2_p25":57,"share_p25":0.318},"geometry":{"type":"MultiPolygon","coordinates":[[[[9.6776,53.2824],[9.6592,53.2868],[9.6535,53.2804],[9.6464,53.283],[9.642,53.2726],[9.6287,53.274],[9.6208,53.2695],[9.6217,53.26],[9.6022,53.2571],[9.6074,53.2432],[9.6265,53.2459],[9.6346,53.2455],[9.6397,53.2522],[9.6597,53.2553],[9.6738,53.2508],[9.6832,53.2556],[9.7032,53.2565],[9.7082,53.264],[9.6776,53.2824]]],[[[9.6582,53.2419],[9.6502,53.2447],[9.6433,53.2425],[9.6414,53.2409],[9.6533,53.241],[9.6532,53.2397],[9.6595,53.2401],[9.6641,53.2391],[9.6647,53.2403],[9.6621,53.2409],[9.6582,53.2419]]]]}},{"type":"Feature","properties":{"ags":"03355001","name":"Adendorf","ewz":11053,"dist_km":41.7,"city":false,"warm_m2":13.79,"own_value":true,"m2_median":64,"share_median":0.282,"m2_p25":50,"share_p25":0.361},"geometry":{"type":"Polygon","coordinates":[[[10.4604,53.3087],[10.4296,53.3129],[10.4245,53.2835],[10.43,53.2717],[10.458,53.2716],[10.4933,53.254],[10.492,53.2591],[10.4883,53.2774],[10.4632,53.288],[10.4738,53.3083],[10.461,53.3122],[10.4604,53.3087]]]}},{"type":"Feature","properties":{"ags":"03355022","name":"Lüneburg","ewz":77511,"dist_km":44.7,"city":false,"warm_m2":15.1,"own_value":true,"m2_median":58,"share_median":0.308,"m2_p25":46,"share_p25":0.394},"geometry":{"type":"Polygon","coordinates":[[[10.4073,53.2832],[10.3976,53.2847],[10.3712,53.2858],[10.3677,53.2864],[10.3626,53.2827],[10.3572,53.2717],[10.3577,53.2665],[10.3562,53.2562],[10.3583,53.257],[10.3584,53.2717],[10.3648,53.2696],[10.3661,53.2618],[10.3731,53.2397],[10.3328,53.2397],[10.3307,53.2343],[10.3408,53.2304],[10.3484,53.2262],[10.3508,53.2082],[10.357,53.1926],[10.374,53.1916],[10.4096,53.1986],[10.4187,53.1989],[10.4145,53.2054],[10.4382,53.209],[10.4455,53.2137],[10.4422,53.2164],[10.4367,53.2271],[10.4726,53.2284],[10.4918,53.2268],[10.4943,53.2241],[10.505,53.2256],[10.5116,53.2437],[10.5065,53.2461],[10.5093,53.2524],[10.5143,53.2617],[10.4896,53.2679],[10.492,53.2591],[10.4933,53.254],[10.458,53.2716],[10.43,53.2717],[10.4245,53.2835],[10.4073,53.2832]]]}},{"type":"Feature","properties":{"ags":"03355027","name":"Oldendorf (Luhe)","ewz":1069,"dist_km":45.7,"city":false,"warm_m2":11.22,"own_value":true,"m2_median":79,"share_median":0.229,"m2_p25":61,"share_p25":0.293},"geometry":{"type":"Polygon","coordinates":[[[10.2759,53.1877],[10.2418,53.1902],[10.2358,53.1933],[10.2119,53.1856],[10.19,53.1835],[10.1847,53.181],[10.1882,53.172],[10.1876,53.1638],[10.1756,53.1551],[10.1723,53.1464],[10.1737,53.1429],[10.1798,53.1425],[10.1781,53.136],[10.2026,53.138],[10.2155,53.1453],[10.2201,53.143],[10.2695,53.1442],[10.2715,53.1607],[10.2779,53.1663],[10.2851,53.1766],[10.2839,53.1769],[10.2759,53.1877]]]}},{"type":"Feature","properties":{"ags":"03355034","name":"Soderstorf","ewz":1457,"dist_km":45.6,"city":false,"warm_m2":11.33,"own_value":true,"m2_median":78,"share_median":0.231,"m2_p25":61,"share_p25":0.296},"geometry":{"type":"Polygon","coordinates":[[[10.1826,53.1792],[10.1792,53.1827],[10.1715,53.1866],[10.168,53.1894],[10.1638,53.1851],[10.1341,53.1762],[10.1329,53.1726],[10.1273,53.1729],[10.1236,53.1714],[10.1117,53.1704],[10.1101,53.1695],[10.1095,53.1572],[10.0921,53.14],[10.0754,53.129],[10.0761,53.1263],[10.1079,53.1107],[10.1168,53.106],[10.1433,53.11],[10.1499,53.1279],[10.1672,53.1421],[10.1737,53.1429],[10.1723,53.1464],[10.1756,53.1551],[10.1876,53.1638],[10.1882,53.172],[10.1847,53.181],[10.1826,53.1792]]]}},{"type":"Feature","properties":{"ags":"03355004","name":"Bardowick","ewz":7117,"dist_km":36.6,"city":false,"warm_m2":13.78,"own_value":true,"m2_median":64,"share_median":0.283,"m2_p25":50,"share_p25":0.362},"geometry":{"type":"Polygon","coordinates":[[[10.4296,53.3129],[10.4104,53.3223],[10.3916,53.3267],[10.3897,53.3241],[10.3871,53.3185],[10.385,53.3104],[10.3453,53.3193],[10.3327,53.3174],[10.3304,53.319],[10.3244,53.3163],[10.3142,53.3045],[10.3184,53.3041],[10.3198,53.3032],[10.342,53.296],[10.3457,53.2908],[10.3659,53.2856],[10.3684,53.2864],[10.3961,53.2848],[10.4049,53.2833],[10.4073,53.2832],[10.4245,53.2835],[10.4296,53.3129]]]}},{"type":"Feature","properties":{"ags":"03355007","name":"Barum","ewz":2170,"dist_km":34.9,"city":false,"warm_m2":12.13,"own_value":true,"m2_median":72,"share_median":0.249,"m2_p25":56,"share_p25":0.32},"geometry":{"type":"Polygon","coordinates":[[[10.3797,53.366],[10.3703,53.3705],[10.3724,53.3677],[10.3714,53.3637],[10.3856,53.3595],[10.3895,53.3269],[10.3916,53.3267],[10.4104,53.3223],[10.4078,53.3336],[10.4309,53.3443],[10.4228,53.3555],[10.4066,53.3666],[10.3797,53.366]]]}},{"type":"Feature","properties":{"ags":"03355017","name":"Handorf","ewz":2170,"dist_km":32.6,"city":false,"warm_m2":13.01,"own_value":true,"m2_median":67,"share_median":0.268,"m2_p25":52,"share_p25":0.343},"geometry":{"type":"Polygon","coordinates":[[[10.36,53.3588],[10.3234,53.3596],[10.3208,53.3565],[10.3256,53.3349],[10.3105,53.3345],[10.3064,53.3291],[10.3216,53.326],[10.3266,53.3245],[10.3563,53.3286],[10.3618,53.3449],[10.3597,53.3531],[10.36,53.3588]]]}},{"type":"Feature","properties":{"ags":"03355023","name":"Mechtersen","ewz":696,"dist_km":36.1,"city":false,"warm_m2":13.76,"own_value":true,"m2_median":64,"share_median":0.283,"m2_p25":50,"share_p25":0.362},"geometry":{"type":"Polygon","coordinates":[[[10.3277,53.2852],[10.3176,53.2976],[10.3157,53.2986],[10.3016,53.3013],[10.2656,53.2929],[10.2826,53.2785],[10.27,53.2736],[10.268,53.2599],[10.2782,53.26],[10.2825,53.2643],[10.3204,53.2629],[10.3326,53.2731],[10.3277,53.2852]]]}},{"type":"Feature","properties":{"ags":"03355028","name":"Radbruch","ewz":2283,"dist_km":32.3,"city":false,"warm_m2":12.84,"own_value":true,"m2_median":68,"share_median":0.265,"m2_p25":53,"share_p25":0.339},"geometry":{"type":"Polygon","coordinates":[[[10.2676,53.3298],[10.2657,53.3338],[10.2641,53.3232],[10.252,53.3179],[10.2303,53.3152],[10.2243,53.31],[10.2198,53.3085],[10.2117,53.2937],[10.2258,53.2901],[10.2253,53.2877],[10.2425,53.2845],[10.2504,53.2907],[10.2684,53.2893],[10.2656,53.2929],[10.3016,53.3013],[10.3059,53.3006],[10.3117,53.3044],[10.3165,53.3035],[10.317,53.3044],[10.3142,53.3045],[10.3244,53.3163],[10.3323,53.3227],[10.3216,53.326],[10.3064,53.3291],[10.3073,53.3303],[10.308,53.3315],[10.2958,53.3333],[10.2676,53.3298]]]}},{"type":"Feature","properties":{"ags":"03355039","name":"Vögelsen","ewz":2472,"dist_km":37.5,"city":false,"warm_m2":15.08,"own_value":true,"m2_median":58,"share_median":0.309,"m2_p25":45,"share_p25":0.396},"geometry":{"type":"MultiPolygon","coordinates":[[[[10.3457,53.2908],[10.342,53.296],[10.3198,53.3032],[10.317,53.3044],[10.3165,53.3035],[10.3117,53.3044],[10.3059,53.3006],[10.3169,53.2982],[10.3277,53.2852],[10.3326,53.2731],[10.3204,53.2629],[10.3364,53.2614],[10.3395,53.2648],[10.3574,53.2686],[10.3572,53.2717],[10.3626,53.2827],[10.3659,53.2856],[10.3457,53.2908]]],[[[10.359,53.2685],[10.3647,53.2685],[10.3648,53.2696],[10.3584,53.2717],[10.359,53.2685]]]]}},{"type":"Feature","properties":{"ags":"03355042","name":"Wittorf","ewz":1530,"dist_km":34.3,"city":false,"warm_m2":12.87,"own_value":true,"m2_median":68,"share_median":0.265,"m2_p25":53,"share_p25":0.339},"geometry":{"type":"Polygon","coordinates":[[[10.3714,53.3637],[10.3711,53.3623],[10.3609,53.3609],[10.3597,53.3531],[10.3618,53.3449],[10.3563,53.3286],[10.3266,53.3245],[10.3323,53.3227],[10.3304,53.319],[10.3327,53.3174],[10.3453,53.3193],[10.385,53.3104],[10.3871,53.3185],[10.3897,53.3241],[10.3895,53.3269],[10.3856,53.3595],[10.3714,53.3637]]]}},{"type":"Feature","properties":{"ags":"03355020","name":"Kirchgellersen","ewz":2624,"dist_km":38.2,"city":false,"warm_m2":12.14,"own_value":true,"m2_median":72,"share_median":0.249,"m2_p25":56,"share_p25":0.319},"geometry":{"type":"Polygon","coordinates":[[[10.268,53.2599],[10.27,53.2736],[10.2693,53.284],[10.2597,53.2888],[10.2404,53.2714],[10.2538,53.2643],[10.2555,53.2575],[10.2494,53.2548],[10.2639,53.2546],[10.2618,53.2475],[10.2689,53.2262],[10.2609,53.2145],[10.2619,53.2113],[10.2661,53.213],[10.2761,53.2198],[10.3141,53.2198],[10.3356,53.2311],[10.3307,53.2343],[10.3328,53.2397],[10.3316,53.2421],[10.318,53.2431],[10.278,53.2593],[10.2782,53.26],[10.268,53.2599]]]}},{"type":"Feature","properties":{"ags":"03355031","name":"Reppenstedt","ewz":7658,"dist_km":40.2,"city":false,"warm_m2":13.34,"own_value":true,"m2_median":66,"share_median":0.273,"m2_p25":51,"share_p25":0.35},"geometry":{"type":"MultiPolygon","coordinates":[[[[10.3562,53.2562],[10.3574,53.2686],[10.3395,53.2648],[10.3364,53.2614],[10.3204,53.2629],[10.2825,53.2643],[10.278,53.2593],[10.318,53.2431],[10.3316,53.2421],[10.3328,53.2397],[10.3731,53.2397],[10.3661,53.2618],[10.3647,53.2685],[10.359,53.2685],[10.3583,53.257],[10.3562,53.2562]]],[[[10.27,53.2736],[10.2826,53.2785],[10.2684,53.2893],[10.2579,53.2902],[10.2693,53.284],[10.27,53.2736]]]]}},{"type":"Feature","properties":{"ags":"03355035","name":"Südergellersen","ewz":1776,"dist_km":42.8,"city":false,"warm_m2":11.81,"own_value":true,"m2_median":75,"share_median":0.241,"m2_p25":58,"share_p25":0.309},"geometry":{"type":"Polygon","coordinates":[[[10.3408,53.2304],[10.3356,53.2311],[10.3141,53.2198],[10.2761,53.2198],[10.2661,53.213],[10.2619,53.2113],[10.2633,53.2079],[10.2544,53.1935],[10.2443,53.19],[10.2842,53.1875],[10.2979,53.1917],[10.3197,53.2049],[10.3311,53.2116],[10.3428,53.1942],[10.356,53.1903],[10.357,53.1926],[10.3508,53.2082],[10.3484,53.2262],[10.3408,53.2304]]]}},{"type":"Feature","properties":{"ags":"03355041","name":"Westergellersen","ewz":2304,"dist_km":40.1,"city":false,"warm_m2":11.62,"own_value":true,"m2_median":76,"share_median":0.238,"m2_p25":59,"share_p25":0.305},"geometry":{"type":"Polygon","coordinates":[[[10.2618,53.2475],[10.2639,53.2546],[10.2494,53.2548],[10.2225,53.2483],[10.2217,53.2501],[10.2121,53.2518],[10.2062,53.2387],[10.2058,53.2351],[10.2176,53.215],[10.2335,53.2046],[10.2339,53.1958],[10.2358,53.1933],[10.2418,53.1902],[10.2443,53.19],[10.2544,53.1935],[10.2633,53.2079],[10.2609,53.2145],[10.2689,53.2262],[10.2618,53.2475]]]}},{"type":"Feature","properties":{"ags":"03355016","name":"Embsen","ewz":2830,"dist_km":46.9,"city":false,"warm_m2":13.14,"own_value":true,"m2_median":67,"share_median":0.268,"m2_p25":53,"share_p25":0.343},"geometry":{"type":"Polygon","coordinates":[[[10.3428,53.1942],[10.3311,53.2116],[10.3197,53.2049],[10.2979,53.1917],[10.2842,53.1875],[10.2759,53.1877],[10.2839,53.1769],[10.31,53.1695],[10.3255,53.1566],[10.3337,53.1435],[10.3351,53.1444],[10.3405,53.1446],[10.3591,53.1542],[10.3604,53.1653],[10.3638,53.1662],[10.3623,53.168],[10.3646,53.1775],[10.374,53.1916],[10.357,53.1926],[10.356,53.1903],[10.3428,53.1942]]]}},{"type":"Feature","properties":{"ags":"03355003","name":"Artlenburg","ewz":1816,"dist_km":38.1,"city":false,"warm_m2":12.05,"own_value":true,"m2_median":73,"share_median":0.247,"m2_p25":57,"share_p25":0.317},"geometry":{"type":"Polygon","coordinates":[[[10.5161,53.3584],[10.5264,53.3702],[10.5022,53.3735],[10.4822,53.3803],[10.4692,53.3858],[10.471,53.3802],[10.457,53.3685],[10.4421,53.3627],[10.4678,53.3582],[10.485,53.3481],[10.5034,53.3472],[10.5161,53.3584]]]}},{"type":"Feature","properties":{"ags":"03355011","name":"Brietlingen","ewz":3525,"dist_km":37.9,"city":false,"warm_m2":12.7,"own_value":true,"m2_median":69,"share_median":0.261,"m2_p25":54,"share_p25":0.334},"geometry":{"type":"Polygon","coordinates":[[[10.4428,53.3609],[10.4379,53.3623],[10.4356,53.3641],[10.4324,53.3606],[10.4228,53.3555],[10.4309,53.3443],[10.4078,53.3336],[10.4104,53.3223],[10.4296,53.3129],[10.4604,53.3087],[10.4641,53.3302],[10.4809,53.3273],[10.4863,53.3324],[10.4751,53.3403],[10.4904,53.3442],[10.508,53.3429],[10.5073,53.3467],[10.485,53.3481],[10.4678,53.3582],[10.4428,53.3609]]]}},{"type":"Feature","properties":{"ags":"03355015","name":"Echem","ewz":1084,"dist_km":42.2,"city":false,"warm_m2":11.43,"own_value":true,"m2_median":77,"share_median":0.234,"m2_p25":60,"share_p25":0.299},"geometry":{"type":"Polygon","coordinates":[[[10.5391,53.3467],[10.527,53.3513],[10.5175,53.3487],[10.508,53.3429],[10.4904,53.3442],[10.4751,53.3403],[10.5263,53.3293],[10.5194,53.3202],[10.5387,53.3179],[10.5376,53.3229],[10.5415,53.3227],[10.5408,53.3245],[10.5479,53.3309],[10.5526,53.3305],[10.5709,53.3465],[10.5596,53.3446],[10.5391,53.3467]]]}},{"type":"Feature","properties":{"ags":"03355018","name":"Hittbergen","ewz":968,"dist_km":45.8,"city":false,"warm_m2":11.29,"own_value":true,"m2_median":78,"share_median":0.23,"m2_p25":61,"share_p25":0.295},"geometry":{"type":"Polygon","coordinates":[[[10.6173,53.3377],[10.6493,53.3655],[10.6507,53.3688],[10.6383,53.3707],[10.6307,53.3708],[10.6149,53.3696],[10.6043,53.3674],[10.595,53.3639],[10.5884,53.3566],[10.5526,53.3305],[10.5537,53.3299],[10.573,53.3449],[10.5543,53.3294],[10.5711,53.3313],[10.5848,53.3342],[10.5855,53.3307],[10.6138,53.3328],[10.6173,53.3377]]]}},{"type":"Feature","properties":{"ags":"03355019","name":"Hohnstorf (Elbe)","ewz":2367,"dist_km":42.3,"city":false,"warm_m2":11.58,"own_value":true,"m2_median":76,"share_median":0.237,"m2_p25":59,"share_p25":0.303},"geometry":{"type":"MultiPolygon","coordinates":[[[[10.595,53.3639],[10.5844,53.3604],[10.5769,53.3599],[10.5675,53.3624],[10.5567,53.3685],[10.5264,53.3702],[10.5161,53.3584],[10.5034,53.3472],[10.5073,53.3467],[10.5175,53.3487],[10.527,53.3513],[10.5391,53.3467],[10.5596,53.3446],[10.5709,53.3465],[10.5884,53.3566],[10.595,53.3639]]],[[[10.5543,53.3294],[10.573,53.3449],[10.5537,53.3299],[10.5543,53.3294]]]]}},{"type":"Feature","properties":{"ags":"03355021","name":"Lüdersburg","ewz":680,"dist_km":46.7,"city":false,"warm_m2":10.75,"own_value":true,"m2_median":82,"share_median":0.219,"m2_p25":64,"share_p25":0.28},"geometry":{"type":"Polygon","coordinates":[[[10.5855,53.3307],[10.5848,53.3342],[10.5711,53.3313],[10.5572,53.3285],[10.5479,53.3309],[10.5408,53.3245],[10.5415,53.3227],[10.5433,53.3228],[10.5471,53.3056],[10.5549,53.2984],[10.5671,53.2955],[10.5705,53.2931],[10.5835,53.2898],[10.5888,53.3045],[10.6084,53.3033],[10.6153,53.3067],[10.6194,53.3069],[10.6355,53.3313],[10.6188,53.3319],[10.5855,53.3307]]]}},{"type":"Feature","properties":{"ags":"03355032","name":"Rullstorf","ewz":1935,"dist_km":45.8,"city":false,"warm_m2":12.04,"own_value":true,"m2_median":73,"share_median":0.246,"m2_p25":57,"share_p25":0.314},"geometry":{"type":"Polygon","coordinates":[[[10.5433,53.3228],[10.5391,53.3225],[10.5376,53.3229],[10.5411,53.3136],[10.5419,53.31],[10.5257,53.3132],[10.5162,53.3117],[10.5126,53.2916],[10.5339,53.2714],[10.5386,53.2606],[10.5529,53.2723],[10.5649,53.2703],[10.5663,53.2669],[10.5884,53.2614],[10.5905,53.261],[10.6084,53.2782],[10.6005,53.2905],[10.6084,53.3033],[10.5888,53.3045],[10.5855,53.2955],[10.5892,53.2949],[10.5875,53.2923],[10.5859,53.2926],[10.5852,53.2913],[10.5839,53.2913],[10.5835,53.2898],[10.5874,53.2886],[10.5734,53.2887],[10.576,53.292],[10.5695,53.2935],[10.5647,53.2912],[10.5637,53.2892],[10.5641,53.2953],[10.5611,53.296],[10.5618,53.2968],[10.5549,53.2984],[10.5471,53.3056],[10.5433,53.3228]]]}},{"type":"Feature","properties":{"ags":"03355033","name":"Scharnebeck","ewz":3477,"dist_km":42.8,"city":false,"warm_m2":12.22,"own_value":true,"m2_median":72,"share_median":0.25,"m2_p25":56,"share_p25":0.32},"geometry":{"type":"Polygon","coordinates":[[[10.5263,53.3293],[10.4943,53.3351],[10.4863,53.3324],[10.4809,53.3273],[10.4641,53.3302],[10.461,53.3122],[10.4738,53.3083],[10.4632,53.288],[10.4883,53.2774],[10.4896,53.2679],[10.5143,53.2617],[10.5093,53.2524],[10.5386,53.2606],[10.5339,53.2714],[10.5126,53.2916],[10.5162,53.3117],[10.5257,53.3132],[10.5419,53.31],[10.5411,53.3136],[10.5387,53.3179],[10.5194,53.3202],[10.5263,53.3293]]]}},{"type":"Feature","properties":{"ags":"03357015","name":"Fintel","ewz":2985,"dist_km":46.6,"city":false,"warm_m2":11.72,"own_value":true,"m2_median":75,"share_median":0.239,"m2_p25":59,"share_p25":0.306},"geometry":{"type":"Polygon","coordinates":[[[9.6424,53.1422],[9.6601,53.1407],[9.6692,53.1478],[9.6723,53.1611],[9.6915,53.1564],[9.7226,53.1567],[9.7583,53.1658],[9.7177,53.179],[9.7076,53.1877],[9.7121,53.1969],[9.6946,53.1994],[9.6961,53.2082],[9.6819,53.213],[9.6826,53.2195],[9.6695,53.2212],[9.6643,53.206],[9.6388,53.201],[9.6486,53.1872],[9.6427,53.1786],[9.6225,53.1693],[9.6274,53.1641],[9.6347,53.1468],[9.6424,53.1422]]]}},{"type":"Feature","properties":{"ags":"03357033","name":"Lauenbrück","ewz":2615,"dist_km":48.7,"city":false,"warm_m2":12.29,"own_value":true,"m2_median":72,"share_median":0.25,"m2_p25":56,"share_p25":0.32},"geometry":{"type":"Polygon","coordinates":[[[9.6095,53.1983],[9.6537,53.2121],[9.6631,53.222],[9.6337,53.2259],[9.6323,53.2251],[9.6313,53.2113],[9.5989,53.2048],[9.5817,53.216],[9.5828,53.2171],[9.5683,53.2115],[9.5638,53.2096],[9.5293,53.2165],[9.5219,53.2092],[9.5174,53.1989],[9.519,53.1977],[9.5247,53.1958],[9.5484,53.1785],[9.5826,53.1814],[9.6061,53.189],[9.6095,53.1983]]]}},{"type":"Feature","properties":{"ags":"03357046","name":"Stemmen","ewz":821,"dist_km":45.8,"city":false,"warm_m2":9.37,"own_value":true,"m2_median":94,"share_median":0.191,"m2_p25":74,"share_p25":0.245},"geometry":{"type":"Polygon","coordinates":[[[9.6022,53.2571],[9.6013,53.2591],[9.5746,53.2566],[9.5308,53.2486],[9.5356,53.2423],[9.5293,53.2165],[9.5638,53.2096],[9.5683,53.2115],[9.5828,53.2171],[9.5847,53.219],[9.5892,53.2204],[9.6142,53.2199],[9.6311,53.2133],[9.6323,53.2251],[9.6337,53.2259],[9.6231,53.2275],[9.6149,53.2374],[9.6016,53.2402],[9.6074,53.2432],[9.6022,53.2571]]]}},{"type":"Feature","properties":{"ags":"03357049","name":"Vahlde","ewz":691,"dist_km":46.2,"city":false,"warm_m2":9.61,"own_value":true,"m2_median":92,"share_median":0.196,"m2_p25":72,"share_p25":0.251},"geometry":{"type":"MultiPolygon","coordinates":[[[[9.6486,53.1872],[9.6388,53.201],[9.6643,53.206],[9.6695,53.2212],[9.6631,53.222],[9.6537,53.2121],[9.6095,53.1983],[9.6061,53.189],[9.5826,53.1814],[9.5947,53.168],[9.6084,53.164],[9.6274,53.1641],[9.6225,53.1693],[9.6427,53.1786],[9.6486,53.1872]]],[[[9.6142,53.2199],[9.5892,53.2204],[9.5847,53.219],[9.5817,53.216],[9.5989,53.2048],[9.6313,53.2113],[9.6311,53.2133],[9.6142,53.2199]]]]}},{"type":"Feature","properties":{"ags":"03357029","name":"Kalbe","ewz":601,"dist_km":40.1,"city":false,"warm_m2":11.1,"own_value":true,"m2_median":79,"share_median":0.227,"m2_p25":62,"share_p25":0.291},"geometry":{"type":"Polygon","coordinates":[[[9.5851,53.3106],[9.5752,53.3291],[9.572,53.3317],[9.5564,53.3311],[9.5672,53.3176],[9.5404,53.3139],[9.5409,53.2917],[9.5673,53.2884],[9.5892,53.2961],[9.5879,53.3069],[9.5854,53.3069],[9.5851,53.3106]]]}},{"type":"Feature","properties":{"ags":"03357032","name":"Klein Meckelsen","ewz":921,"dist_km":45.9,"city":false,"warm_m2":10.7,"own_value":true,"m2_median":82,"share_median":0.218,"m2_p25":64,"share_p25":0.279},"geometry":{"type":"MultiPolygon","coordinates":[[[[9.4916,53.3018],[9.4852,53.3026],[9.4826,53.3107],[9.4388,53.3295],[9.4258,53.3322],[9.412,53.3295],[9.413,53.3113],[9.429,53.3033],[9.4267,53.2994],[9.4295,53.2993],[9.4348,53.3022],[9.4412,53.2979],[9.4499,53.2935],[9.4739,53.2933],[9.4878,53.2917],[9.4916,53.3018]]],[[[9.4916,53.3018],[9.4942,53.3021],[9.4967,53.3048],[9.4941,53.3057],[9.4916,53.3018]]]]}},{"type":"Feature","properties":{"ags":"03357034","name":"Lengenbostel","ewz":511,"dist_km":42.1,"city":false,"warm_m2":9.56,"own_value":true,"m2_median":92,"share_median":0.196,"m2_p25":72,"share_p25":0.25},"geometry":{"type":"Polygon","coordinates":[[[9.5289,53.3075],[9.5387,53.3148],[9.5344,53.3167],[9.5361,53.3198],[9.5291,53.3216],[9.521,53.3224],[9.5233,53.3248],[9.5217,53.3253],[9.5157,53.317],[9.496,53.3051],[9.5069,53.2954],[9.512,53.295],[9.5289,53.3075]]]}},{"type":"Feature","properties":{"ags":"03357044","name":"Sittensen","ewz":6261,"dist_km":45.8,"city":false,"warm_m2":12.57,"own_value":true,"m2_median":70,"share_median":0.256,"m2_p25":55,"share_p25":0.328},"geometry":{"type":"MultiPolygon","coordinates":[[[[9.5069,53.2954],[9.4967,53.3048],[9.4942,53.3021],[9.4916,53.3018],[9.4878,53.2917],[9.4842,53.292],[9.4879,53.2887],[9.4752,53.2794],[9.4729,53.2744],[9.4715,53.274],[9.4707,53.2715],[9.4709,53.2693],[9.4844,53.2672],[9.5031,53.2682],[9.4975,53.2518],[9.5039,53.2484],[9.5044,53.2448],[9.5095,53.241],[9.5262,53.2501],[9.5274,53.2478],[9.5428,53.2513],[9.5428,53.2696],[9.5309,53.2728],[9.512,53.295],[9.5069,53.2954]]],[[[9.5669,53.335],[9.5563,53.3374],[9.5431,53.3336],[9.5431,53.3355],[9.5353,53.3366],[9.521,53.3224],[9.5291,53.3216],[9.5361,53.3198],[9.5373,53.3253],[9.5383,53.3266],[9.542,53.3283],[9.5564,53.3311],[9.572,53.3317],[9.5669,53.335]]]]}},{"type":"Feature","properties":{"ags":"03357048","name":"Tiste","ewz":891,"dist_km":42.9,"city":false,"warm_m2":12.27,"own_value":true,"m2_median":72,"share_median":0.251,"m2_p25":56,"share_p25":0.321},"geometry":{"type":"MultiPolygon","coordinates":[[[[9.5879,53.3069],[9.5892,53.2961],[9.5673,53.2884],[9.5409,53.2917],[9.5404,53.3139],[9.5672,53.3176],[9.5564,53.3311],[9.542,53.3283],[9.5373,53.3253],[9.5344,53.3167],[9.5387,53.3148],[9.5289,53.3075],[9.512,53.295],[9.5309,53.2728],[9.5428,53.2696],[9.5428,53.2513],[9.5746,53.2566],[9.6013,53.2591],[9.598,53.2684],[9.5896,53.2916],[9.6045,53.2885],[9.6016,53.2996],[9.5938,53.3072],[9.5879,53.3069]]],[[[9.5431,53.3336],[9.5483,53.3367],[9.5431,53.3355],[9.5431,53.3336]]]]}},{"type":"Feature","properties":{"ags":"03357050","name":"Vierden","ewz":751,"dist_km":42.6,"city":false,"warm_m2":10.8,"own_value":true,"m2_median":82,"share_median":0.221,"m2_p25":64,"share_p25":0.283},"geometry":{"type":"MultiPolygon","coordinates":[[[[9.5233,53.3248],[9.5349,53.3367],[9.5215,53.3399],[9.5001,53.3468],[9.4777,53.3579],[9.4795,53.3588],[9.4742,53.3595],[9.4762,53.3502],[9.4611,53.3479],[9.447,53.3454],[9.4358,53.3323],[9.4388,53.3295],[9.4826,53.3107],[9.4852,53.3026],[9.4916,53.3018],[9.4941,53.3057],[9.496,53.3051],[9.5157,53.317],[9.5217,53.3253],[9.5233,53.3248]]],[[[9.5353,53.3366],[9.5431,53.3355],[9.5483,53.3367],[9.5563,53.3374],[9.5669,53.335],[9.5627,53.3376],[9.5618,53.337],[9.5513,53.344],[9.5436,53.3425],[9.5353,53.3366]]]]}},{"type":"Feature","properties":{"ags":"03357056","name":"Wohnste","ewz":778,"dist_km":38.2,"city":false,"warm_m2":11,"own_value":true,"m2_median":80,"share_median":0.226,"m2_p25":62,"share_p25":0.289},"geometry":{"type":"Polygon","coordinates":[[[9.5474,53.3731],[9.5309,53.3732],[9.5119,53.3859],[9.5117,53.3835],[9.4906,53.366],[9.4777,53.3579],[9.5001,53.3468],[9.5215,53.3399],[9.5353,53.3366],[9.5436,53.3425],[9.5549,53.3453],[9.5704,53.355],[9.5733,53.3697],[9.5474,53.3731]]]}},{"type":"Feature","properties":{"ags":"03357021","name":"Heeslingen","ewz":4932,"dist_km":49.4,"city":false,"warm_m2":12.02,"own_value":true,"m2_median":74,"share_median":0.244,"m2_p25":58,"share_p25":0.313},"geometry":{"type":"Polygon","coordinates":[[[9.3782,53.3782],[9.3667,53.3834],[9.3613,53.3877],[9.343,53.3816],[9.3309,53.3711],[9.3208,53.3637],[9.3212,53.3622],[9.3152,53.3608],[9.2969,53.3552],[9.2704,53.3595],[9.2635,53.3577],[9.2716,53.3425],[9.2781,53.3412],[9.2767,53.3369],[9.2888,53.3285],[9.2869,53.3183],[9.3017,53.3153],[9.3136,53.287],[9.3216,53.2825],[9.3227,53.2841],[9.3264,53.2834],[9.3319,53.2852],[9.3469,53.2855],[9.3503,53.2915],[9.3927,53.2812],[9.4062,53.2831],[9.4179,53.2924],[9.4155,53.2928],[9.415,53.2957],[9.4242,53.2998],[9.4267,53.2994],[9.428,53.3013],[9.429,53.3033],[9.413,53.3113],[9.412,53.3295],[9.4258,53.3322],[9.4358,53.3323],[9.447,53.3454],[9.4421,53.3458],[9.414,53.3573],[9.3782,53.3782]]]}},{"type":"Feature","properties":{"ags":"03358002","name":"Bispingen","ewz":6513,"dist_km":48.3,"city":false,"warm_m2":11.93,"own_value":true,"m2_median":74,"share_median":0.243,"m2_p25":58,"share_p25":0.311},"geometry":{"type":"Polygon","coordinates":[[[9.9846,53.1793],[9.9563,53.1809],[9.9348,53.1739],[9.9333,53.1648],[9.9171,53.1651],[9.9021,53.1587],[9.8947,53.1637],[9.8604,53.1587],[9.8688,53.1468],[9.8969,53.1366],[9.9069,53.1253],[9.9274,53.1229],[9.935,53.1153],[9.9301,53.0956],[9.9371,53.0796],[9.9487,53.0735],[9.9664,53.0579],[9.985,53.0581],[9.9987,53.0564],[10.0422,53.0594],[10.0361,53.0621],[10.0456,53.0695],[10.0603,53.0619],[10.077,53.0659],[10.0728,53.0737],[10.1016,53.0893],[10.0945,53.0961],[10.1176,53.1056],[10.1079,53.1107],[10.0761,53.1263],[10.074,53.1312],[10.0487,53.1507],[10.0257,53.1583],[9.9969,53.1593],[9.9976,53.1742],[9.9846,53.1793]]]}},{"type":"Feature","properties":{"ags":"03358019","name":"Schneverdingen","ewz":19169,"dist_km":49.4,"city":false,"warm_m2":11.74,"own_value":true,"m2_median":75,"share_median":0.239,"m2_p25":59,"share_p25":0.305},"geometry":{"type":"Polygon","coordinates":[[[9.7256,53.2142],[9.7243,53.2143],[9.6826,53.2195],[9.6819,53.213],[9.6961,53.2082],[9.6946,53.1994],[9.7121,53.1969],[9.7076,53.1877],[9.7177,53.179],[9.7583,53.1658],[9.7226,53.1567],[9.6915,53.1564],[9.6723,53.1611],[9.6692,53.1478],[9.6601,53.1407],[9.6424,53.1422],[9.6511,53.1368],[9.6426,53.1263],[9.6289,53.1184],[9.6256,53.1144],[9.6316,53.1151],[9.6438,53.1127],[9.6507,53.1115],[9.67,53.1118],[9.6892,53.1045],[9.6979,53.0937],[9.7146,53.0993],[9.7315,53.0943],[9.7597,53.0674],[9.7745,53.0645],[9.7786,53.0427],[9.7758,53.0403],[9.7774,53.0375],[9.7757,53.0373],[9.7813,53.0348],[9.782,53.0357],[9.7811,53.0416],[9.7933,53.0402],[9.8269,53.0474],[9.8452,53.0464],[9.855,53.0402],[9.8786,53.0411],[9.9077,53.0692],[9.9378,53.0791],[9.9301,53.0956],[9.935,53.1153],[9.9274,53.1229],[9.9069,53.1253],[9.8969,53.1366],[9.8688,53.1468],[9.8604,53.1587],[9.8947,53.1637],[9.9021,53.1587],[9.9171,53.1651],[9.9333,53.1648],[9.9348,53.1739],[9.9132,53.1739],[9.8877,53.1952],[9.8574,53.2022],[9.8467,53.2102],[9.8321,53.2055],[9.8329,53.203],[9.8259,53.197],[9.7991,53.187],[9.7853,53.1938],[9.7552,53.198],[9.7428,53.2035],[9.7451,53.2044],[9.7396,53.209],[9.7256,53.2142]],[[9.7394,53.096],[9.7308,53.0952],[9.7229,53.0982],[9.7249,53.0993],[9.7313,53.0964],[9.7394,53.096]]]}},{"type":"Feature","properties":{"ags":"03359010","name":"Buxtehude","ewz":41256,"dist_km":23.4,"city":false,"warm_m2":15.12,"own_value":true,"m2_median":57,"share_median":0.314,"m2_p25":45,"share_p25":0.402},"geometry":{"type":"Polygon","coordinates":[[[9.6552,53.5012],[9.6297,53.5092],[9.6267,53.5091],[9.6194,53.5001],[9.622,53.4894],[9.6126,53.4783],[9.5978,53.4722],[9.6039,53.4588],[9.6152,53.4536],[9.6332,53.4546],[9.6473,53.4429],[9.6614,53.4353],[9.6791,53.4176],[9.6838,53.4115],[9.7051,53.4157],[9.7189,53.4233],[9.7267,53.4226],[9.7407,53.4379],[9.7659,53.436],[9.7834,53.4405],[9.7802,53.4563],[9.7704,53.4581],[9.7701,53.4796],[9.7502,53.4899],[9.7398,53.4904],[9.7365,53.4916],[9.7141,53.4922],[9.6876,53.5027],[9.6821,53.4942],[9.6552,53.5012]]]}},{"type":"Feature","properties":{"ags":"03359013","name":"Drochtersen","ewz":11284,"dist_km":47,"city":false,"warm_m2":11.6,"own_value":true,"m2_median":76,"share_median":0.236,"m2_p25":60,"share_p25":0.302},"geometry":{"type":"Polygon","coordinates":[[[9.4875,53.6814],[9.4551,53.7047],[9.4206,53.7229],[9.404,53.7372],[9.3903,53.7537],[9.3552,53.789],[9.3477,53.7878],[9.3289,53.7777],[9.3261,53.7741],[9.3246,53.769],[9.327,53.7611],[9.333,53.7555],[9.3411,53.7434],[9.2994,53.7292],[9.2986,53.7296],[9.2868,53.7237],[9.2792,53.7211],[9.2507,53.7065],[9.2554,53.7033],[9.229,53.6955],[9.2365,53.6876],[9.2595,53.6865],[9.2747,53.6936],[9.2897,53.6938],[9.303,53.6886],[9.3116,53.6965],[9.3211,53.6839],[9.3485,53.6745],[9.3634,53.6612],[9.3819,53.6527],[9.3973,53.6494],[9.4323,53.6645],[9.4389,53.6766],[9.4525,53.6771],[9.4755,53.6722],[9.4793,53.6713],[9.4875,53.6814]]]}},{"type":"Feature","properties":{"ags":"03359028","name":"Jork","ewz":12395,"dist_km":19.8,"city":false,"warm_m2":13.89,"own_value":true,"m2_median":62,"share_median":0.289,"m2_p25":49,"share_p25":0.371},"geometry":{"type":"Polygon","coordinates":[[[9.7721,53.5434],[9.7657,53.5468],[9.7112,53.5504],[9.7091,53.5451],[9.6852,53.5478],[9.6691,53.5541],[9.6493,53.568],[9.6361,53.5656],[9.6291,53.5677],[9.6142,53.5689],[9.612,53.5656],[9.6148,53.5672],[9.6191,53.5653],[9.6321,53.5623],[9.6413,53.5562],[9.6504,53.5339],[9.654,53.533],[9.6466,53.5301],[9.6461,53.5245],[9.6297,53.5092],[9.6552,53.5012],[9.6821,53.4942],[9.6876,53.5027],[9.7141,53.4922],[9.7365,53.4916],[9.7381,53.491],[9.7397,53.4929],[9.7437,53.4925],[9.7469,53.4962],[9.7653,53.4948],[9.7662,53.5146],[9.7763,53.5251],[9.7654,53.5411],[9.7721,53.5434]]]}},{"type":"Feature","properties":{"ags":"03359038","name":"Stade","ewz":48708,"dist_km":37.5,"city":false,"warm_m2":13.43,"own_value":true,"m2_median":65,"share_median":0.276,"m2_p25":51,"share_p25":0.353},"geometry":{"type":"Polygon","coordinates":[[[9.5394,53.6136],[9.5181,53.6366],[9.5101,53.6523],[9.4875,53.6814],[9.4793,53.6713],[9.4755,53.6722],[9.4525,53.6771],[9.4389,53.6766],[9.4323,53.6645],[9.3973,53.6494],[9.4034,53.6478],[9.4196,53.6278],[9.4153,53.6195],[9.41,53.6159],[9.3946,53.6076],[9.3857,53.5967],[9.3849,53.5906],[9.3737,53.5704],[9.4022,53.5655],[9.4128,53.568],[9.4343,53.5664],[9.4358,53.5685],[9.4385,53.5648],[9.4311,53.5607],[9.4295,53.5493],[9.4434,53.5411],[9.4614,53.5383],[9.4827,53.5409],[9.4956,53.5388],[9.4984,53.5465],[9.5085,53.5682],[9.5281,53.5668],[9.5411,53.5773],[9.5034,53.5897],[9.4968,53.5948],[9.4978,53.6134],[9.5296,53.6151],[9.5394,53.6136]]]}},{"type":"Feature","properties":{"ags":"03359003","name":"Apensen","ewz":4569,"dist_km":28.5,"city":false,"warm_m2":13.6,"own_value":true,"m2_median":64,"share_median":0.281,"m2_p25":50,"share_p25":0.36},"geometry":{"type":"Polygon","coordinates":[[[9.5901,53.473],[9.5839,53.4638],[9.5816,53.4621],[9.5935,53.4554],[9.5867,53.4441],[9.5493,53.4393],[9.5541,53.4294],[9.5637,53.4217],[9.575,53.4233],[9.5679,53.4183],[9.5684,53.4174],[9.5805,53.4172],[9.5959,53.4245],[9.6375,53.4204],[9.6496,53.4299],[9.6455,53.4377],[9.6497,53.4417],[9.6473,53.4429],[9.6332,53.4546],[9.6152,53.4536],[9.6039,53.4588],[9.5978,53.4722],[9.5918,53.4717],[9.5901,53.473]]]}},{"type":"Feature","properties":{"ags":"03359006","name":"Beckdorf","ewz":2884,"dist_km":29.7,"city":false,"warm_m2":13.09,"own_value":true,"m2_median":67,"share_median":0.27,"m2_p25":52,"share_p25":0.346},"geometry":{"type":"Polygon","coordinates":[[[9.6791,53.4176],[9.6614,53.4353],[9.6497,53.4417],[9.6455,53.4377],[9.6496,53.4299],[9.6375,53.4204],[9.5959,53.4245],[9.5805,53.4172],[9.5684,53.4174],[9.5696,53.4161],[9.5636,53.4042],[9.5775,53.396],[9.612,53.398],[9.6238,53.3902],[9.6425,53.3926],[9.6518,53.4098],[9.6806,53.4115],[9.6791,53.4176]]]}},{"type":"Feature","properties":{"ags":"03359037","name":"Sauensiek","ewz":2598,"dist_km":34.8,"city":false,"warm_m2":11.16,"own_value":true,"m2_median":78,"share_median":0.23,"m2_p25":61,"share_p25":0.294},"geometry":{"type":"Polygon","coordinates":[[[9.575,53.4233],[9.5637,53.4217],[9.5541,53.4294],[9.5531,53.4288],[9.5171,53.4068],[9.5132,53.3993],[9.5099,53.3941],[9.5119,53.3859],[9.5309,53.3732],[9.5474,53.3731],[9.5733,53.3697],[9.5704,53.355],[9.5549,53.3453],[9.5513,53.344],[9.5618,53.337],[9.565,53.3398],[9.5837,53.3582],[9.6021,53.3689],[9.6172,53.3669],[9.6182,53.3701],[9.6165,53.3791],[9.6238,53.3902],[9.612,53.398],[9.5775,53.396],[9.5636,53.4042],[9.5696,53.4161],[9.5679,53.4183],[9.575,53.4233]]]}},{"type":"Feature","properties":{"ags":"03359011","name":"Deinste","ewz":2173,"dist_km":35.3,"city":false,"warm_m2":11.68,"own_value":true,"m2_median":75,"share_median":0.24,"m2_p25":59,"share_p25":0.308},"geometry":{"type":"Polygon","coordinates":[[[9.4295,53.5493],[9.4263,53.5545],[9.4142,53.5485],[9.4302,53.5319],[9.4306,53.521],[9.4384,53.4981],[9.4413,53.4918],[9.4587,53.4978],[9.4811,53.4998],[9.5094,53.5049],[9.5102,53.5082],[9.5254,53.5143],[9.5254,53.5219],[9.5124,53.5355],[9.4999,53.5376],[9.4827,53.5409],[9.4614,53.5383],[9.4434,53.5411],[9.4295,53.5493]]]}},{"type":"Feature","properties":{"ags":"03359017","name":"Fredenbeck","ewz":6585,"dist_km":40.6,"city":false,"warm_m2":12.72,"own_value":true,"m2_median":69,"share_median":0.26,"m2_p25":54,"share_p25":0.333},"geometry":{"type":"Polygon","coordinates":[[[9.3737,53.5704],[9.3589,53.5659],[9.3436,53.5608],[9.3397,53.5558],[9.3407,53.5524],[9.3343,53.5459],[9.3292,53.5364],[9.334,53.5341],[9.3399,53.5342],[9.3608,53.5322],[9.3616,53.5225],[9.3502,53.5112],[9.3554,53.5041],[9.3717,53.4903],[9.3717,53.4841],[9.4053,53.485],[9.4125,53.4806],[9.4373,53.4888],[9.442,53.4893],[9.4384,53.4981],[9.4306,53.521],[9.4302,53.5319],[9.4142,53.5485],[9.4263,53.5545],[9.4311,53.5607],[9.4385,53.5648],[9.4358,53.5685],[9.4343,53.5664],[9.4128,53.568],[9.4022,53.5655],[9.3737,53.5704]]]}},{"type":"Feature","properties":{"ags":"03359031","name":"Kutenholz","ewz":4767,"dist_km":47.3,"city":false,"warm_m2":10.65,"own_value":true,"m2_median":83,"share_median":0.217,"m2_p25":65,"share_p25":0.278},"geometry":{"type":"Polygon","coordinates":[[[9.3616,53.5225],[9.3608,53.5322],[9.3399,53.5342],[9.3323,53.5335],[9.3185,53.5357],[9.307,53.5301],[9.2902,53.5265],[9.2798,53.5208],[9.233,53.4982],[9.2318,53.4784],[9.2425,53.4636],[9.25,53.4665],[9.2534,53.4602],[9.2606,53.4643],[9.2858,53.4715],[9.2918,53.4617],[9.3077,53.4533],[9.3252,53.4614],[9.3358,53.4492],[9.3436,53.4505],[9.3514,53.4533],[9.3625,53.4519],[9.4036,53.4659],[9.4048,53.4681],[9.4042,53.4778],[9.4125,53.4806],[9.4053,53.485],[9.3717,53.4841],[9.3717,53.4903],[9.3543,53.5053],[9.3501,53.5121],[9.3616,53.5225]]]}},{"type":"Feature","properties":{"ags":"03359002","name":"Ahlerstedt","ewz":5637,"dist_km":41.5,"city":false,"warm_m2":11.27,"own_value":true,"m2_median":78,"share_median":0.231,"m2_p25":61,"share_p25":0.295},"geometry":{"type":"Polygon","coordinates":[[[9.4369,53.441],[9.4125,53.45],[9.402,53.4403],[9.4163,53.4296],[9.4141,53.4163],[9.3753,53.4063],[9.3593,53.3873],[9.3613,53.3877],[9.3667,53.3834],[9.3782,53.3782],[9.414,53.3573],[9.4421,53.3458],[9.4611,53.3479],[9.4762,53.3502],[9.4742,53.3595],[9.4795,53.3588],[9.4906,53.366],[9.5117,53.3835],[9.5099,53.3941],[9.5132,53.3993],[9.5118,53.4053],[9.4944,53.4156],[9.4734,53.4151],[9.4588,53.4186],[9.4468,53.431],[9.4318,53.4343],[9.4384,53.4406],[9.4369,53.441]]]}},{"type":"Feature","properties":{"ags":"03359005","name":"Bargstedt","ewz":2134,"dist_km":37.8,"city":false,"warm_m2":11.76,"own_value":true,"m2_median":75,"share_median":0.241,"m2_p25":58,"share_p25":0.309},"geometry":{"type":"Polygon","coordinates":[[[9.4921,53.4779],[9.4908,53.495],[9.4811,53.4998],[9.4587,53.4978],[9.4413,53.4918],[9.442,53.4893],[9.4373,53.4888],[9.4042,53.4778],[9.4048,53.4681],[9.4096,53.4602],[9.4144,53.453],[9.4125,53.45],[9.4369,53.441],[9.4409,53.4444],[9.46,53.456],[9.4859,53.4602],[9.504,53.4611],[9.507,53.4698],[9.4921,53.4779]]]}},{"type":"Feature","properties":{"ags":"03359008","name":"Brest","ewz":767,"dist_km":43.9,"city":false,"warm_m2":9.24,"own_value":true,"m2_median":95,"share_median":0.189,"m2_p25":75,"share_p25":0.242},"geometry":{"type":"Polygon","coordinates":[[[9.4096,53.4602],[9.4036,53.4659],[9.3625,53.4519],[9.3514,53.4533],[9.3463,53.4476],[9.3427,53.439],[9.3441,53.4267],[9.3415,53.4106],[9.3753,53.4063],[9.4141,53.4163],[9.4163,53.4296],[9.402,53.4403],[9.4144,53.453],[9.4096,53.4602]]]}},{"type":"Feature","properties":{"ags":"03359023","name":"Harsefeld","ewz":14789,"dist_km":34.3,"city":false,"warm_m2":13.69,"own_value":true,"m2_median":64,"share_median":0.282,"m2_p25":50,"share_p25":0.361},"geometry":{"type":"Polygon","coordinates":[[[9.5208,53.5035],[9.515,53.5054],[9.5092,53.503],[9.5094,53.5049],[9.4811,53.4998],[9.4908,53.495],[9.4921,53.4779],[9.507,53.4698],[9.504,53.4611],[9.4859,53.4602],[9.46,53.456],[9.4409,53.4444],[9.4384,53.4406],[9.4318,53.4343],[9.4468,53.431],[9.4588,53.4186],[9.4734,53.4151],[9.4944,53.4156],[9.5118,53.4053],[9.5132,53.3993],[9.5171,53.4068],[9.5531,53.4288],[9.5493,53.4393],[9.5867,53.4441],[9.5935,53.4554],[9.5816,53.4621],[9.5749,53.4594],[9.5502,53.4626],[9.5262,53.4728],[9.5532,53.489],[9.5499,53.4905],[9.5395,53.4852],[9.53,53.499],[9.5208,53.5035]]]}},{"type":"Feature","properties":{"ags":"03359001","name":"Agathenburg","ewz":1399,"dist_km":31.1,"city":false,"warm_m2":14.77,"own_value":true,"m2_median":59,"share_median":0.305,"m2_p25":46,"share_p25":0.39},"geometry":{"type":"Polygon","coordinates":[[[9.5698,53.5627],[9.5518,53.5743],[9.5411,53.5773],[9.5281,53.5668],[9.5085,53.5682],[9.4984,53.5465],[9.5302,53.5515],[9.5491,53.5527],[9.561,53.5441],[9.5745,53.5441],[9.5703,53.5563],[9.5698,53.5627]]]}},{"type":"Feature","properties":{"ags":"03359007","name":"Bliedersdorf","ewz":1848,"dist_km":30.4,"city":false,"warm_m2":12.27,"own_value":true,"m2_median":71,"share_median":0.253,"m2_p25":55,"share_p25":0.324},"geometry":{"type":"Polygon","coordinates":[[[9.5885,53.4985],[9.574,53.4993],[9.5692,53.4959],[9.5618,53.4947],[9.5564,53.491],[9.5532,53.489],[9.5262,53.4728],[9.5502,53.4626],[9.5749,53.4594],[9.5839,53.4638],[9.5901,53.473],[9.587,53.4757],[9.5852,53.4896],[9.5885,53.4985]]]}},{"type":"Feature","properties":{"ags":"03359012","name":"Dollern","ewz":2238,"dist_km":30.8,"city":false,"warm_m2":13.39,"own_value":true,"m2_median":65,"share_median":0.276,"m2_p25":51,"share_p25":0.354},"geometry":{"type":"Polygon","coordinates":[[[9.5745,53.5441],[9.561,53.5441],[9.5491,53.5527],[9.5302,53.5515],[9.4984,53.5465],[9.4956,53.5388],[9.4999,53.5376],[9.5124,53.5355],[9.5254,53.5219],[9.5663,53.5288],[9.5769,53.5292],[9.5801,53.5343],[9.5745,53.5441]]]}},{"type":"Feature","properties":{"ags":"03359027","name":"Horneburg","ewz":7080,"dist_km":29.9,"city":false,"warm_m2":13.73,"own_value":true,"m2_median":64,"share_median":0.283,"m2_p25":50,"share_p25":0.363},"geometry":{"type":"Polygon","coordinates":[[[9.5769,53.5292],[9.5663,53.5288],[9.5254,53.5219],[9.5254,53.5143],[9.5102,53.5082],[9.5092,53.503],[9.515,53.5054],[9.5208,53.5035],[9.53,53.499],[9.5395,53.4852],[9.5499,53.4905],[9.5564,53.491],[9.5618,53.4947],[9.5692,53.4959],[9.574,53.4993],[9.5885,53.4985],[9.5913,53.503],[9.6125,53.5018],[9.6149,53.5108],[9.6034,53.5093],[9.5891,53.5151],[9.5769,53.5292]]]}},{"type":"Feature","properties":{"ags":"03359034","name":"Nottensdorf","ewz":1620,"dist_km":27.5,"city":false,"warm_m2":12.37,"own_value":true,"m2_median":70,"share_median":0.256,"m2_p25":55,"share_p25":0.328},"geometry":{"type":"Polygon","coordinates":[[[9.6267,53.5091],[9.6149,53.5108],[9.6125,53.5018],[9.5913,53.503],[9.5852,53.4896],[9.587,53.4757],[9.5918,53.4717],[9.5978,53.4722],[9.6126,53.4783],[9.622,53.4894],[9.6194,53.5001],[9.6267,53.5091]]]}},{"type":"Feature","properties":{"ags":"03359020","name":"Grünendeich","ewz":1870,"dist_km":26.3,"city":false,"warm_m2":13.46,"own_value":true,"m2_median":65,"share_median":0.279,"m2_p25":50,"share_p25":0.357},"geometry":{"type":"MultiPolygon","coordinates":[[[[9.6361,53.5656],[9.6327,53.5734],[9.6059,53.5818],[9.6032,53.5722],[9.613,53.5678],[9.6142,53.5689],[9.6291,53.5677],[9.6361,53.5656]]],[[[9.585,53.5877],[9.5811,53.591],[9.5767,53.5889],[9.585,53.5877]]]]}},{"type":"Feature","properties":{"ags":"03359021","name":"Guderhandviertel","ewz":1084,"dist_km":27.1,"city":false,"warm_m2":13.2,"own_value":true,"m2_median":66,"share_median":0.273,"m2_p25":51,"share_p25":0.35},"geometry":{"type":"Polygon","coordinates":[[[9.6219,53.5418],[9.6142,53.5425],[9.6106,53.5496],[9.6062,53.555],[9.57,53.5578],[9.5745,53.5441],[9.5801,53.5343],[9.5769,53.5292],[9.5891,53.5151],[9.6005,53.5191],[9.6058,53.5287],[9.6141,53.5352],[9.622,53.5401],[9.6219,53.5418]]]}},{"type":"Feature","properties":{"ags":"03359026","name":"Hollern-Twielenfleth","ewz":3421,"dist_km":31.1,"city":false,"warm_m2":12.44,"own_value":true,"m2_median":70,"share_median":0.257,"m2_p25":55,"share_p25":0.329},"geometry":{"type":"Polygon","coordinates":[[[9.5296,53.6151],[9.4978,53.6134],[9.4968,53.5948],[9.5034,53.5897],[9.5518,53.5743],[9.568,53.566],[9.5678,53.5836],[9.5767,53.5889],[9.5811,53.591],[9.5869,53.5882],[9.5813,53.5916],[9.5729,53.5939],[9.5576,53.6072],[9.5394,53.6136],[9.5296,53.6151]]]}},{"type":"Feature","properties":{"ags":"03359032","name":"Mittelnkirchen","ewz":1109,"dist_km":25.2,"city":false,"warm_m2":12.58,"own_value":true,"m2_median":69,"share_median":0.261,"m2_p25":54,"share_p25":0.334},"geometry":{"type":"Polygon","coordinates":[[[9.6504,53.5339],[9.6413,53.5562],[9.6321,53.5623],[9.6191,53.5653],[9.6148,53.5672],[9.612,53.5656],[9.6106,53.5612],[9.6062,53.555],[9.6106,53.5496],[9.6142,53.5425],[9.6219,53.5418],[9.6504,53.5339]]]}},{"type":"Feature","properties":{"ags":"03359033","name":"Neuenkirchen","ewz":892,"dist_km":25.4,"city":false,"warm_m2":15.31,"own_value":true,"m2_median":57,"share_median":0.317,"m2_p25":44,"share_p25":0.407},"geometry":{"type":"Polygon","coordinates":[[[9.6297,53.5092],[9.6461,53.5245],[9.6466,53.5301],[9.654,53.533],[9.622,53.5401],[9.6141,53.5352],[9.6058,53.5287],[9.6005,53.5191],[9.6034,53.5093],[9.6167,53.5111],[9.6297,53.5092]]]}},{"type":"Feature","properties":{"ags":"03359039","name":"Steinkirchen","ewz":1796,"dist_km":27.8,"city":false,"warm_m2":12.72,"own_value":true,"m2_median":68,"share_median":0.263,"m2_p25":53,"share_p25":0.337},"geometry":{"type":"Polygon","coordinates":[[[9.5767,53.5889],[9.5678,53.5836],[9.568,53.566],[9.5698,53.5627],[9.57,53.5578],[9.6062,53.555],[9.6106,53.5612],[9.613,53.5678],[9.6032,53.5722],[9.6059,53.5818],[9.5869,53.5882],[9.585,53.5877],[9.5767,53.5889]]]}},{"type":"Feature","properties":{"ags":"03359014","name":"Düdenbüttel","ewz":1024,"dist_km":43.6,"city":false,"warm_m2":10.41,"own_value":true,"m2_median":85,"share_median":0.213,"m2_p25":66,"share_p25":0.272},"geometry":{"type":"Polygon","coordinates":[[[9.3537,53.5978],[9.3396,53.6015],[9.3298,53.602],[9.307,53.5905],[9.3279,53.5808],[9.3412,53.58],[9.3634,53.5723],[9.3589,53.5659],[9.3737,53.5704],[9.3849,53.5906],[9.3856,53.5938],[9.3691,53.5913],[9.3537,53.5978]]]}},{"type":"Feature","properties":{"ags":"03359015","name":"Engelschoff","ewz":774,"dist_km":47,"city":false,"warm_m2":9.59,"own_value":true,"m2_median":92,"share_median":0.195,"m2_p25":72,"share_p25":0.25},"geometry":{"type":"Polygon","coordinates":[[[9.2983,53.6841],[9.2832,53.6844],[9.2698,53.673],[9.2736,53.6729],[9.276,53.6719],[9.2792,53.6687],[9.2743,53.6649],[9.2741,53.6587],[9.2902,53.657],[9.2997,53.6522],[9.3071,53.6463],[9.321,53.6368],[9.3105,53.6351],[9.3317,53.6323],[9.3543,53.6447],[9.3562,53.6632],[9.3543,53.6614],[9.3463,53.6706],[9.2983,53.6841]],[[9.3299,53.6378],[9.3355,53.6404],[9.335,53.6369],[9.3298,53.6357],[9.3299,53.6378]]]}},{"type":"Feature","properties":{"ags":"03359019","name":"Großenwörden","ewz":489,"dist_km":52.4,"city":false,"warm_m2":9.04,"own_value":true,"m2_median":98,"share_median":0.183,"m2_p25":77,"share_p25":0.235},"geometry":{"type":"Polygon","coordinates":[[[9.3211,53.6839],[9.3116,53.6965],[9.303,53.6886],[9.2897,53.6938],[9.2747,53.6936],[9.2595,53.6865],[9.2365,53.6876],[9.229,53.6955],[9.2172,53.6865],[9.2082,53.6822],[9.2076,53.6809],[9.2207,53.6728],[9.248,53.6674],[9.2492,53.6761],[9.259,53.6769],[9.2659,53.6733],[9.2698,53.673],[9.2748,53.6795],[9.2832,53.6844],[9.2983,53.6841],[9.3463,53.6706],[9.3543,53.6614],[9.3585,53.6656],[9.3485,53.6745],[9.3211,53.6839]]]}},{"type":"Feature","properties":{"ags":"03359022","name":"Hammah","ewz":3249,"dist_km":42.7,"city":false,"warm_m2":11.07,"own_value":true,"m2_median":80,"share_median":0.226,"m2_p25":62,"share_p25":0.29},"geometry":{"type":"MultiPolygon","coordinates":[[[[9.4034,53.6478],[9.3819,53.6527],[9.3634,53.6612],[9.3585,53.6656],[9.3562,53.6632],[9.3543,53.6447],[9.3317,53.6323],[9.334,53.6143],[9.3288,53.6025],[9.3396,53.6015],[9.3537,53.5978],[9.3691,53.5913],[9.3856,53.5938],[9.3857,53.5967],[9.3946,53.6076],[9.41,53.6159],[9.4153,53.6195],[9.4196,53.6278],[9.4034,53.6478]]],[[[9.3298,53.6357],[9.335,53.6369],[9.3355,53.6404],[9.3299,53.6378],[9.3298,53.6357]]]]}},{"type":"Feature","properties":{"ags":"03359024","name":"Heinbockel","ewz":1514,"dist_km":45.7,"city":false,"warm_m2":10.3,"own_value":true,"m2_median":86,"share_median":0.21,"m2_p25":67,"share_p25":0.269},"geometry":{"type":"Polygon","coordinates":[[[9.3589,53.5659],[9.3634,53.5723],[9.3412,53.58],[9.3279,53.5808],[9.307,53.5905],[9.3052,53.5851],[9.3054,53.5705],[9.2881,53.5664],[9.2942,53.5543],[9.2726,53.5501],[9.2738,53.5429],[9.262,53.5336],[9.2829,53.5233],[9.2902,53.5265],[9.307,53.5301],[9.3185,53.5357],[9.3323,53.5335],[9.334,53.5341],[9.3292,53.5364],[9.3343,53.5459],[9.3407,53.5524],[9.3395,53.5549],[9.3407,53.5577],[9.3453,53.5616],[9.3589,53.5659]]]}},{"type":"Feature","properties":{"ags":"13076106","name":"Nostorf","ewz":1084,"dist_km":45.9,"city":false,"warm_m2":10.74,"own_value":true,"m2_median":82,"share_median":0.219,"m2_p25":64,"share_p25":0.28},"geometry":{"type":"Polygon","coordinates":[[[10.6809,53.4121],[10.6819,53.4187],[10.6443,53.4172],[10.6211,53.4123],[10.6189,53.4069],[10.6186,53.3988],[10.6187,53.3971],[10.6169,53.3846],[10.5991,53.3778],[10.595,53.3639],[10.6055,53.3678],[10.6164,53.3697],[10.6349,53.3709],[10.6507,53.3688],[10.6506,53.3702],[10.6519,53.3717],[10.6742,53.4019],[10.6809,53.4121]]]}},{"type":"Feature","properties":{"ags":"13076122","name":"Schwanheide","ewz":710,"dist_km":45.9,"city":false,"warm_m2":10.28,"own_value":true,"m2_median":86,"share_median":0.21,"m2_p25":67,"share_p25":0.268},"geometry":{"type":"Polygon","coordinates":[[[10.697,53.4544],[10.6702,53.4585],[10.652,53.4615],[10.6411,53.4555],[10.6342,53.4542],[10.6258,53.4434],[10.6262,53.4417],[10.6201,53.4203],[10.6191,53.4121],[10.6443,53.4172],[10.6819,53.4187],[10.6809,53.4121],[10.6783,53.4078],[10.6939,53.4104],[10.7076,53.4269],[10.7134,53.4266],[10.714,53.4416],[10.7179,53.4462],[10.7002,53.4524],[10.7031,53.4588],[10.697,53.4544]]]}}]}