{"type":"FeatureCollection","meta":{"city":"München","station":[11.5586,48.1402],"radius_km":45,"wage":{"median":5362,"p25":3882},"net":{"median":3308,"p25":2539},"share":0.3,"flat_m2":60,"stops":{"0":{"flats":338364,"rent_zensus":13.48,"rent_recent":15.68,"rent_asking":21.01,"rent_old_method":21.98,"small_premium":1.04,"nk_cold":1.4,"nk_warm":1.4,"dist_km":3.1,"rent":24.65,"rent_prev":24.26,"personas":{"median":{"net":3308,"cost":1479,"share":0.447,"share_ticket":0.465,"m2":40,"share_prev":0.44,"m2_old":74},"p25":{"net":2539,"cost":1479,"share":0.583,"share_ticket":0.605,"m2":31,"share_prev":0.573,"m2_old":57}}},"10":{"flats":330325,"rent_zensus":11.93,"rent_recent":15.13,"rent_asking":20.34,"rent_old_method":19.31,"small_premium":1.035,"nk_cold":1.4,"nk_warm":1.4,"dist_km":8.6,"rent":23.85,"rent_prev":21.39,"personas":{"median":{"net":3308,"cost":1431,"share":0.433,"share_ticket":0.45,"m2":42,"share_prev":0.388,"m2_old":83},"p25":{"net":2539,"cost":1431,"share":0.564,"share_ticket":0.587,"m2":32,"share_prev":0.505,"m2_old":64}}},"20":{"flats":101527,"rent_zensus":10.86,"rent_recent":12.32,"rent_asking":16.6,"rent_old_method":16.75,"small_premium":1.056,"nk_cold":1.4,"nk_warm":1.4,"dist_km":19.7,"rent":20.33,"rent_prev":19.09,"personas":{"median":{"net":3311,"cost":1220,"share":0.368,"share_ticket":0.386,"m2":49,"share_prev":0.346,"m2_old":91},"p25":{"net":2541,"cost":1220,"share":0.48,"share_ticket":0.503,"m2":37,"share_prev":0.451,"m2_old":70}}},"30":{"flats":87129,"rent_zensus":9.91,"rent_recent":11.29,"rent_asking":14.97,"rent_old_method":14.96,"small_premium":1.075,"nk_cold":1.4,"nk_warm":1.4,"dist_km":30.6,"rent":18.89,"rent_prev":17.48,"personas":{"median":{"net":3337,"cost":1134,"share":0.34,"share_ticket":0.357,"m2":53,"share_prev":0.314,"m2_old":100},"p25":{"net":2564,"cost":1134,"share":0.442,"share_ticket":0.465,"m2":41,"share_prev":0.409,"m2_old":77}}},"40":{"flats":59816,"rent_zensus":8.69,"rent_recent":9.99,"rent_asking":13.48,"rent_old_method":13.4,"small_premium":1.078,"nk_cold":1.39,"nk_warm":1.39,"dist_km":41.1,"rent":17.31,"rent_prev":15.84,"personas":{"median":{"net":3363,"cost":1039,"share":0.309,"share_ticket":0.326,"m2":58,"share_prev":0.283,"m2_old":114},"p25":{"net":2586,"cost":1039,"share":0.402,"share_ticket":0.424,"m2":45,"share_prev":0.367,"m2_old":88}}}}},"features":[{"type":"Feature","properties":{"ags":"09162000","name":"München","ewz":1510378,"dist_km":2.9,"city":true,"warm_m2":24.59,"own_value":true,"m2_median":40,"share_median":0.446,"m2_p25":31,"share_p25":0.581},"geometry":{"type":"Polygon","coordinates":[[[11.5813,48.2298],[11.5464,48.2284],[11.5313,48.2317],[11.5262,48.2411],[11.4998,48.2481],[11.4907,48.2457],[11.4915,48.2382],[11.4895,48.2379],[11.4877,48.2321],[11.4891,48.2227],[11.4609,48.215],[11.4567,48.2088],[11.4308,48.2048],[11.4067,48.2017],[11.4051,48.2016],[11.4029,48.2031],[11.4014,48.201],[11.3922,48.2005],[11.3924,48.184],[11.3741,48.1782],[11.3691,48.176],[11.3656,48.1644],[11.3627,48.1631],[11.3609,48.1581],[11.3712,48.1584],[11.389,48.1478],[11.3914,48.1418],[11.3879,48.1291],[11.4006,48.1252],[11.4233,48.1328],[11.43,48.1376],[11.4372,48.1365],[11.4645,48.1292],[11.4652,48.1155],[11.4633,48.1154],[11.463,48.1052],[11.4739,48.1048],[11.471,48.0831],[11.4728,48.0811],[11.5038,48.0692],[11.5087,48.0616],[11.5114,48.0642],[11.5443,48.0718],[11.543,48.0684],[11.5441,48.0683],[11.5554,48.0848],[11.586,48.0937],[11.5913,48.0843],[11.6066,48.0867],[11.633,48.0845],[11.6446,48.0833],[11.6738,48.0788],[11.6857,48.0775],[11.6814,48.082],[11.683,48.0921],[11.6875,48.0936],[11.7092,48.1022],[11.7131,48.105],[11.7103,48.115],[11.7128,48.1328],[11.7231,48.1368],[11.7203,48.139],[11.7134,48.1456],[11.7087,48.1487],[11.6781,48.1449],[11.6741,48.156],[11.696,48.1745],[11.691,48.1828],[11.6612,48.1798],[11.6483,48.175],[11.6411,48.1735],[11.6283,48.1839],[11.6391,48.2044],[11.6476,48.2099],[11.6497,48.2127],[11.6504,48.2173],[11.6403,48.2214],[11.6379,48.2262],[11.6151,48.2292],[11.6119,48.2189],[11.605,48.2184],[11.605,48.2175],[11.602,48.2168],[11.6018,48.2136],[11.5853,48.2137],[11.5813,48.2298]]]}},{"type":"Feature","properties":{"ags":"09173111","name":"Bad Heilbrunn","ewz":4048,"dist_km":43.3,"city":false,"warm_m2":17.31,"own_value":true,"m2_median":58,"share_median":0.308,"m2_p25":45,"share_p25":0.401},"geometry":{"type":"Polygon","coordinates":[[[11.4891,47.7513],[11.4993,47.7629],[11.4947,47.7732],[11.4991,47.7821],[11.4944,47.7897],[11.4926,47.7912],[11.4761,47.7825],[11.4715,47.769],[11.4464,47.7734],[11.4411,47.784],[11.4157,47.7876],[11.4115,47.789],[11.4064,47.7865],[11.4004,47.7849],[11.4036,47.7647],[11.4151,47.7519],[11.4155,47.7445],[11.4238,47.7419],[11.4233,47.7393],[11.4193,47.7389],[11.4197,47.728],[11.4289,47.7177],[11.4379,47.7183],[11.4448,47.7196],[11.4445,47.7176],[11.4592,47.7226],[11.4842,47.7241],[11.4882,47.7357],[11.4913,47.7454],[11.4891,47.7513]]]}},{"type":"Feature","properties":{"ags":"09173112","name":"Bad Tölz","ewz":19360,"dist_km":39.3,"city":false,"warm_m2":18.9,"own_value":true,"m2_median":53,"share_median":0.338,"m2_p25":41,"share_p25":0.439},"geometry":{"type":"Polygon","coordinates":[[[11.5938,47.8292],[11.5902,47.8246],[11.5803,47.8177],[11.5748,47.813],[11.5715,47.8139],[11.5561,47.8068],[11.554,47.8051],[11.5521,47.8056],[11.5452,47.7986],[11.544,47.7862],[11.538,47.7756],[11.547,47.7453],[11.5608,47.7468],[11.5729,47.7549],[11.5759,47.7578],[11.5798,47.7536],[11.5896,47.7544],[11.588,47.7633],[11.5982,47.7696],[11.6007,47.7738],[11.6048,47.776],[11.5978,47.7846],[11.5965,47.7891],[11.6057,47.785],[11.6096,47.7875],[11.6059,47.7903],[11.6019,47.8063],[11.6102,47.8155],[11.6026,47.8203],[11.599,47.8232],[11.5938,47.8292]]]}},{"type":"Feature","properties":{"ags":"09173118","name":"Dietramszell","ewz":5737,"dist_km":30.9,"city":false,"warm_m2":17.87,"own_value":true,"m2_median":56,"share_median":0.321,"m2_p25":43,"share_p25":0.418},"geometry":{"type":"Polygon","coordinates":[[[11.6081,47.9243],[11.5944,47.922],[11.5885,47.9251],[11.5852,47.9204],[11.5646,47.9247],[11.5634,47.9099],[11.573,47.8965],[11.5536,47.883],[11.534,47.8787],[11.5169,47.8805],[11.5177,47.9013],[11.4915,47.9025],[11.4879,47.8956],[11.4745,47.8975],[11.4725,47.8918],[11.4804,47.8878],[11.4876,47.8796],[11.4994,47.8712],[11.5147,47.8596],[11.5187,47.8417],[11.5151,47.8423],[11.5136,47.8416],[11.5186,47.8372],[11.5212,47.8286],[11.5341,47.8197],[11.5343,47.8161],[11.5484,47.8087],[11.554,47.8051],[11.5561,47.8068],[11.5715,47.8139],[11.5748,47.813],[11.5803,47.8177],[11.5902,47.8246],[11.5938,47.8292],[11.599,47.8232],[11.6012,47.8221],[11.6086,47.8314],[11.6101,47.8309],[11.6104,47.8315],[11.6081,47.8322],[11.6277,47.8475],[11.6357,47.8645],[11.6539,47.8747],[11.6628,47.8842],[11.6638,47.8897],[11.6567,47.8892],[11.6526,47.8859],[11.6562,47.9004],[11.6501,47.9069],[11.6339,47.9114],[11.6235,47.9203],[11.6131,47.9202],[11.6081,47.9243]]]}},{"type":"Feature","properties":{"ags":"09173120","name":"Egling","ewz":5430,"dist_km":23.8,"city":false,"warm_m2":17.41,"own_value":true,"m2_median":57,"share_median":0.315,"m2_p25":44,"share_p25":0.41},"geometry":{"type":"Polygon","coordinates":[[[11.4822,47.97],[11.4798,47.9747],[11.4663,47.9614],[11.4463,47.9528],[11.4356,47.9429],[11.4312,47.9348],[11.4318,47.93],[11.4449,47.9249],[11.4529,47.9117],[11.4582,47.8993],[11.4725,47.8918],[11.4745,47.8975],[11.4879,47.8956],[11.4915,47.9025],[11.5177,47.9013],[11.5169,47.8805],[11.534,47.8787],[11.5536,47.883],[11.573,47.8965],[11.5634,47.9099],[11.5646,47.9247],[11.5852,47.9204],[11.5885,47.9251],[11.6035,47.924],[11.6054,47.9341],[11.5941,47.9413],[11.5899,47.9421],[11.582,47.9502],[11.5649,47.9581],[11.5618,47.9583],[11.5454,47.9515],[11.5198,47.9493],[11.5099,47.9522],[11.5178,47.9624],[11.4822,47.97]]]}},{"type":"Feature","properties":{"ags":"09173123","name":"Eurasburg","ewz":4350,"dist_km":35.2,"city":false,"warm_m2":19.04,"own_value":true,"m2_median":53,"share_median":0.341,"m2_p25":41,"share_p25":0.444},"geometry":{"type":"Polygon","coordinates":[[[11.4128,47.8876],[11.4069,47.8852],[11.4055,47.8649],[11.4004,47.8633],[11.3926,47.8597],[11.3848,47.8676],[11.3716,47.8709],[11.3677,47.8703],[11.3636,47.8639],[11.3588,47.8589],[11.36,47.8585],[11.3631,47.8557],[11.3679,47.8445],[11.3626,47.8134],[11.3707,47.8001],[11.3761,47.8],[11.392,47.7963],[11.3916,47.7901],[11.4093,47.7899],[11.4088,47.7985],[11.4053,47.8112],[11.4133,47.8151],[11.4255,47.8122],[11.4357,47.8172],[11.4469,47.8276],[11.4461,47.8355],[11.4536,47.8498],[11.4476,47.846],[11.4433,47.8464],[11.4397,47.8575],[11.4333,47.8624],[11.4173,47.8659],[11.4122,47.8722],[11.4126,47.8783],[11.4141,47.8861],[11.4128,47.8876]]]}},{"type":"Feature","properties":{"ags":"09173124","name":"Gaißach","ewz":3141,"dist_km":46.9,"city":false,"warm_m2":16.02,"own_value":true,"m2_median":63,"share_median":0.285,"m2_p25":49,"share_p25":0.37},"geometry":{"type":"Polygon","coordinates":[[[11.5798,47.7536],[11.5759,47.7578],[11.5729,47.7549],[11.5608,47.7468],[11.5564,47.7285],[11.5583,47.7186],[11.5613,47.7086],[11.5598,47.702],[11.5839,47.7021],[11.6075,47.6992],[11.6241,47.7045],[11.6329,47.6913],[11.6248,47.68],[11.636,47.6781],[11.642,47.683],[11.6522,47.6844],[11.6564,47.6879],[11.6705,47.6886],[11.6734,47.6989],[11.6662,47.7019],[11.6653,47.7134],[11.6615,47.7219],[11.661,47.7268],[11.6546,47.728],[11.6534,47.7246],[11.626,47.7215],[11.6209,47.7296],[11.6171,47.742],[11.593,47.7553],[11.5896,47.7544],[11.5798,47.7536]]]}},{"type":"Feature","properties":{"ags":"09173126","name":"Geretsried","ewz":25863,"dist_km":30.9,"city":false,"warm_m2":18.28,"own_value":true,"m2_median":55,"share_median":0.329,"m2_p25":42,"share_p25":0.428},"geometry":{"type":"Polygon","coordinates":[[[11.4327,47.8977],[11.4216,47.901],[11.4185,47.8997],[11.417,47.8937],[11.4175,47.8906],[11.4141,47.8861],[11.4126,47.8783],[11.4122,47.8722],[11.4173,47.8659],[11.4333,47.8624],[11.4397,47.8575],[11.4433,47.8464],[11.4476,47.846],[11.4536,47.8498],[11.462,47.8543],[11.4725,47.8431],[11.499,47.8474],[11.5136,47.8432],[11.5109,47.8559],[11.4897,47.8624],[11.4796,47.8722],[11.4744,47.8868],[11.4511,47.8972],[11.4327,47.8977]]]}},{"type":"Feature","properties":{"ags":"09173130","name":"Icking","ewz":3732,"dist_km":23.7,"city":false,"warm_m2":19.91,"own_value":true,"m2_median":50,"share_median":0.36,"m2_p25":38,"share_p25":0.469},"geometry":{"type":"Polygon","coordinates":[[[11.4302,47.9802],[11.4234,47.9727],[11.3961,47.9399],[11.406,47.931],[11.3939,47.9202],[11.3949,47.9196],[11.3971,47.9097],[11.4012,47.9083],[11.4044,47.9107],[11.4062,47.9138],[11.4205,47.9255],[11.4269,47.9329],[11.43,47.9339],[11.4356,47.9429],[11.4463,47.9528],[11.4532,47.9565],[11.4549,47.9685],[11.4464,47.974],[11.4302,47.9802]]]}},{"type":"Feature","properties":{"ags":"09173134","name":"Königsdorf","ewz":3178,"dist_km":37.3,"city":false,"warm_m2":17.6,"own_value":true,"m2_median":57,"share_median":0.315,"m2_p25":44,"share_p25":0.41},"geometry":{"type":"Polygon","coordinates":[[[11.462,47.8543],[11.4536,47.8498],[11.4461,47.8355],[11.4469,47.8276],[11.4357,47.8172],[11.4255,47.8122],[11.4133,47.8151],[11.4053,47.8112],[11.4088,47.7985],[11.4157,47.7876],[11.4411,47.784],[11.4464,47.7734],[11.4715,47.769],[11.4761,47.7825],[11.4926,47.7912],[11.4966,47.7937],[11.51,47.8118],[11.5081,47.8163],[11.5113,47.8216],[11.5159,47.8177],[11.5208,47.8182],[11.521,47.8271],[11.5341,47.8197],[11.5212,47.8286],[11.5186,47.8372],[11.5136,47.8416],[11.5151,47.8423],[11.499,47.8474],[11.4725,47.8431],[11.462,47.8543]]]}},{"type":"Feature","properties":{"ags":"09173137","name":"Münsing","ewz":4397,"dist_km":34.7,"city":false,"warm_m2":19.7,"own_value":true,"m2_median":51,"share_median":0.353,"m2_p25":39,"share_p25":0.46},"geometry":{"type":"Polygon","coordinates":[[[11.3637,47.9272],[11.3372,47.9279],[11.334,47.9336],[11.3303,47.9196],[11.334,47.9058],[11.332,47.8717],[11.334,47.8679],[11.3383,47.8401],[11.3361,47.8337],[11.3343,47.823],[11.3292,47.8211],[11.3295,47.8149],[11.3276,47.813],[11.3402,47.8025],[11.3521,47.7987],[11.3602,47.7966],[11.3719,47.7938],[11.3707,47.8001],[11.3626,47.8134],[11.3679,47.8445],[11.3631,47.8557],[11.36,47.8585],[11.3588,47.8589],[11.3636,47.8639],[11.3677,47.8703],[11.3716,47.8709],[11.3848,47.8676],[11.3926,47.8597],[11.4004,47.8633],[11.4055,47.8649],[11.4069,47.8852],[11.4128,47.8876],[11.4175,47.8906],[11.417,47.8937],[11.4182,47.8971],[11.4168,47.8989],[11.4112,47.8965],[11.4023,47.8983],[11.4012,47.9083],[11.3971,47.9097],[11.3949,47.9196],[11.3892,47.9196],[11.3749,47.9239],[11.3723,47.9305],[11.3637,47.9272]]]}},{"type":"Feature","properties":{"ags":"09173145","name":"Wackersberg","ewz":3702,"dist_km":44.5,"city":false,"warm_m2":17.34,"own_value":true,"m2_median":58,"share_median":0.309,"m2_p25":45,"share_p25":0.401},"geometry":{"type":"Polygon","coordinates":[[[11.521,47.8271],[11.5208,47.8182],[11.5159,47.8177],[11.5113,47.8216],[11.5081,47.8163],[11.51,47.8118],[11.4966,47.7937],[11.4944,47.7897],[11.4991,47.7821],[11.4947,47.7732],[11.4993,47.7629],[11.4891,47.7513],[11.4913,47.7454],[11.4882,47.7357],[11.4868,47.7269],[11.4806,47.7157],[11.483,47.7033],[11.4808,47.7001],[11.4669,47.6931],[11.4785,47.6804],[11.469,47.6708],[11.4741,47.6613],[11.4825,47.6619],[11.4865,47.6634],[11.4864,47.6621],[11.496,47.6679],[11.5063,47.6795],[11.5178,47.6849],[11.5148,47.6928],[11.5244,47.7011],[11.5544,47.7096],[11.5583,47.7186],[11.5564,47.7285],[11.5608,47.7468],[11.547,47.7453],[11.538,47.7756],[11.544,47.7862],[11.5452,47.7986],[11.5521,47.8056],[11.5484,47.8087],[11.5343,47.8161],[11.521,47.8271]]]}},{"type":"Feature","properties":{"ags":"09173147","name":"Wolfratshausen","ewz":19499,"dist_km":26.8,"city":false,"warm_m2":19.13,"own_value":true,"m2_median":52,"share_median":0.345,"m2_p25":40,"share_p25":0.449},"geometry":{"type":"Polygon","coordinates":[[[11.4312,47.9348],[11.43,47.9339],[11.4269,47.9329],[11.4205,47.9255],[11.4062,47.9138],[11.4044,47.9107],[11.4012,47.9083],[11.4023,47.8983],[11.4112,47.8965],[11.4168,47.8989],[11.4182,47.8971],[11.4185,47.8997],[11.4216,47.901],[11.4327,47.8977],[11.4511,47.8972],[11.449,47.9085],[11.4374,47.9188],[11.4318,47.93],[11.4312,47.9348]]]}},{"type":"Feature","properties":{"ags":"09173127","name":"Greiling","ewz":1453,"dist_km":43.5,"city":false,"warm_m2":16.11,"own_value":true,"m2_median":63,"share_median":0.287,"m2_p25":48,"share_p25":0.373},"geometry":{"type":"Polygon","coordinates":[[[11.6292,47.7315],[11.6258,47.7466],[11.6167,47.7601],[11.6138,47.7737],[11.6094,47.7734],[11.609,47.7743],[11.6021,47.7747],[11.6007,47.7738],[11.5982,47.7696],[11.588,47.7633],[11.5896,47.7544],[11.593,47.7553],[11.6171,47.742],[11.6209,47.7296],[11.6225,47.7275],[11.6292,47.7315]]]}},{"type":"Feature","properties":{"ags":"09173140","name":"Reichersbeuern","ewz":2487,"dist_km":42.3,"city":false,"warm_m2":16.55,"own_value":true,"m2_median":61,"share_median":0.295,"m2_p25":47,"share_p25":0.384},"geometry":{"type":"Polygon","coordinates":[[[11.6346,47.7937],[11.6217,47.7903],[11.6059,47.7903],[11.6096,47.7875],[11.6057,47.785],[11.5965,47.7891],[11.5978,47.7846],[11.6048,47.776],[11.6021,47.7747],[11.609,47.7743],[11.6094,47.7734],[11.6138,47.7737],[11.6167,47.7601],[11.6258,47.7466],[11.6292,47.7315],[11.638,47.7339],[11.6555,47.7392],[11.662,47.7457],[11.6537,47.7657],[11.6396,47.7779],[11.6401,47.7874],[11.6346,47.7937]]]}},{"type":"Feature","properties":{"ags":"09173141","name":"Sachsenkam","ewz":1315,"dist_km":37.1,"city":false,"warm_m2":16.81,"own_value":true,"m2_median":60,"share_median":0.301,"m2_p25":46,"share_p25":0.391},"geometry":{"type":"Polygon","coordinates":[[[11.6104,47.8315],[11.6101,47.8309],[11.6086,47.8314],[11.6012,47.8221],[11.6026,47.8203],[11.6102,47.8155],[11.6019,47.8063],[11.6059,47.7903],[11.6217,47.7903],[11.6346,47.7937],[11.6382,47.7943],[11.6492,47.7923],[11.6655,47.8025],[11.6567,47.8189],[11.648,47.824],[11.6341,47.8218],[11.6184,47.8291],[11.6104,47.8315]]]}},{"type":"Feature","properties":{"ags":"09173451","name":"Pupplinger Au","ewz":0,"dist_km":27.4,"city":false},"geometry":{"type":"Polygon","coordinates":[[[11.4529,47.9117],[11.4449,47.9249],[11.4318,47.93],[11.4374,47.9188],[11.449,47.9085],[11.4511,47.8972],[11.4744,47.8868],[11.4725,47.8918],[11.4582,47.8993],[11.4529,47.9117]]]}},{"type":"Feature","properties":{"ags":"09173452","name":"Wolfratshauser Forst","ewz":0,"dist_km":30.8,"city":false},"geometry":{"type":"Polygon","coordinates":[[[11.4994,47.8712],[11.4876,47.8796],[11.4804,47.8878],[11.4744,47.8868],[11.4796,47.8722],[11.4897,47.8624],[11.5109,47.8559],[11.5136,47.8432],[11.5187,47.8417],[11.5147,47.8596],[11.4994,47.8712]]]}},{"type":"Feature","properties":{"ags":"09174111","name":"Altomünster","ewz":8131,"dist_km":36.2,"city":false,"warm_m2":17.04,"own_value":true,"m2_median":59,"share_median":0.305,"m2_p25":45,"share_p25":0.397},"geometry":{"type":"Polygon","coordinates":[[[11.2627,48.4404],[11.2582,48.4401],[11.2555,48.441],[11.254,48.4418],[11.2257,48.4294],[11.2142,48.4297],[11.1989,48.4202],[11.1782,48.4175],[11.1849,48.4077],[11.1894,48.3978],[11.1983,48.3951],[11.197,48.3849],[11.1833,48.375],[11.1838,48.3663],[11.1775,48.3652],[11.1725,48.3679],[11.168,48.3667],[11.1719,48.3559],[11.1672,48.3456],[11.1643,48.3436],[11.1711,48.3432],[11.2148,48.3424],[11.219,48.3473],[11.2238,48.3458],[11.2309,48.3544],[11.2449,48.349],[11.2516,48.3543],[11.274,48.3566],[11.291,48.3702],[11.2884,48.3743],[11.2838,48.3832],[11.2874,48.3845],[11.2952,48.3894],[11.3043,48.3927],[11.3077,48.4036],[11.3271,48.4082],[11.3257,48.4133],[11.3119,48.4122],[11.2834,48.4169],[11.2818,48.4329],[11.2627,48.4404]]]}},{"type":"Feature","properties":{"ags":"09174113","name":"Bergkirchen","ewz":7856,"dist_km":19.2,"city":false,"warm_m2":20.38,"own_value":true,"m2_median":49,"share_median":0.369,"m2_p25":37,"share_p25":0.481},"geometry":{"type":"Polygon","coordinates":[[[11.3761,48.2965],[11.371,48.2951],[11.3653,48.2932],[11.3516,48.2787],[11.3279,48.2804],[11.2928,48.2869],[11.2862,48.2875],[11.2763,48.2836],[11.2792,48.2693],[11.2813,48.2663],[11.288,48.2653],[11.2855,48.2623],[11.288,48.2625],[11.2937,48.2605],[11.3109,48.2321],[11.3238,48.2297],[11.3249,48.2274],[11.3373,48.2337],[11.3683,48.237],[11.3787,48.2353],[11.3842,48.227],[11.3975,48.227],[11.405,48.219],[11.4014,48.21],[11.4081,48.2106],[11.4029,48.2031],[11.4051,48.2016],[11.4261,48.2042],[11.4283,48.212],[11.429,48.2219],[11.4333,48.2296],[11.4298,48.2292],[11.4187,48.2295],[11.4174,48.2447],[11.4112,48.2508],[11.4089,48.2658],[11.4147,48.2759],[11.3955,48.2896],[11.3761,48.2965]]]}},{"type":"Feature","properties":{"ags":"09174115","name":"Dachau","ewz":48337,"dist_km":16.4,"city":false,"warm_m2":20.29,"own_value":true,"m2_median":49,"share_median":0.368,"m2_p25":38,"share_p25":0.479},"geometry":{"type":"Polygon","coordinates":[[[11.4141,48.311],[11.4063,48.3102],[11.4056,48.3115],[11.4003,48.3087],[11.3844,48.2937],[11.3955,48.2896],[11.4147,48.2759],[11.4089,48.2658],[11.4112,48.2508],[11.4174,48.2447],[11.4187,48.2295],[11.4298,48.2292],[11.443,48.2323],[11.4584,48.2413],[11.4691,48.2415],[11.4698,48.2553],[11.5006,48.253],[11.4981,48.2644],[11.4948,48.276],[11.4743,48.2743],[11.4621,48.285],[11.4348,48.2809],[11.4248,48.2882],[11.4315,48.303],[11.4223,48.3039],[11.4199,48.3097],[11.4165,48.3094],[11.4141,48.311]]]}},{"type":"Feature","properties":{"ags":"09174118","name":"Erdweg","ewz":6294,"dist_km":29.5,"city":false,"warm_m2":17.55,"own_value":true,"m2_median":57,"share_median":0.316,"m2_p25":44,"share_p25":0.411},"geometry":{"type":"Polygon","coordinates":[[[11.3209,48.3638],[11.309,48.3652],[11.2907,48.3735],[11.291,48.3702],[11.274,48.3566],[11.2516,48.3543],[11.2449,48.349],[11.2309,48.3544],[11.2238,48.3458],[11.2266,48.3444],[11.2367,48.3419],[11.2414,48.3439],[11.2504,48.3425],[11.2547,48.3302],[11.2377,48.317],[11.2407,48.3119],[11.2631,48.298],[11.2794,48.302],[11.2907,48.302],[11.2902,48.3061],[11.3107,48.3091],[11.329,48.3175],[11.3295,48.3287],[11.3198,48.3385],[11.3185,48.3392],[11.3117,48.3474],[11.3194,48.3616],[11.3209,48.3638]]]}},{"type":"Feature","properties":{"ags":"09174121","name":"Haimhausen","ewz":5928,"dist_km":19.6,"city":false,"warm_m2":21.26,"own_value":true,"m2_median":47,"share_median":0.385,"m2_p25":36,"share_p25":0.502},"geometry":{"type":"Polygon","coordinates":[[[11.5744,48.3275],[11.5673,48.3364],[11.5534,48.3415],[11.5339,48.3456],[11.5238,48.3493],[11.5222,48.352],[11.5154,48.3509],[11.5163,48.349],[11.5203,48.3403],[11.5063,48.3361],[11.5068,48.324],[11.5227,48.3215],[11.5315,48.3121],[11.513,48.3028],[11.5194,48.2846],[11.5298,48.2817],[11.5572,48.2938],[11.5748,48.2986],[11.5821,48.3015],[11.5732,48.3098],[11.5744,48.3275]]]}},{"type":"Feature","properties":{"ags":"09174122","name":"Hebertshausen","ewz":5928,"dist_km":18.4,"city":false,"warm_m2":19.22,"own_value":true,"m2_median":52,"share_median":0.349,"m2_p25":40,"share_p25":0.454},"geometry":{"type":"Polygon","coordinates":[[[11.5068,48.324],[11.4936,48.3256],[11.4759,48.3069],[11.4607,48.3057],[11.4596,48.3152],[11.4387,48.3127],[11.4405,48.3079],[11.4279,48.3098],[11.4199,48.3097],[11.4223,48.3039],[11.4315,48.303],[11.4248,48.2882],[11.4348,48.2809],[11.4621,48.285],[11.4743,48.2743],[11.4948,48.276],[11.4981,48.2644],[11.4998,48.2624],[11.5121,48.2684],[11.5151,48.2684],[11.5194,48.2846],[11.513,48.3028],[11.5315,48.3121],[11.5227,48.3215],[11.5068,48.324]]]}},{"type":"Feature","properties":{"ags":"09174126","name":"Karlsfeld","ewz":22101,"dist_km":12.3,"city":false,"warm_m2":22.42,"own_value":true,"m2_median":44,"share_median":0.407,"m2_p25":34,"share_p25":0.53},"geometry":{"type":"Polygon","coordinates":[[[11.4877,48.2321],[11.4895,48.2379],[11.4915,48.2382],[11.4907,48.2457],[11.5006,48.253],[11.4698,48.2553],[11.4691,48.2415],[11.4584,48.2413],[11.443,48.2323],[11.4333,48.2296],[11.429,48.2219],[11.4283,48.212],[11.4261,48.2042],[11.4308,48.2048],[11.4567,48.2088],[11.4609,48.215],[11.4891,48.2227],[11.4877,48.2321]]]}},{"type":"Feature","properties":{"ags":"09174131","name":"Markt Indersdorf","ewz":10468,"dist_km":29.6,"city":false,"warm_m2":19.18,"own_value":true,"m2_median":52,"share_median":0.345,"m2_p25":40,"share_p25":0.449},"geometry":{"type":"Polygon","coordinates":[[[11.4051,48.4233],[11.3999,48.4279],[11.3837,48.424],[11.3605,48.4177],[11.3443,48.4111],[11.3317,48.4104],[11.3271,48.4082],[11.3077,48.4036],[11.3043,48.3927],[11.2952,48.3894],[11.2874,48.3845],[11.2838,48.3832],[11.2884,48.3743],[11.2907,48.3735],[11.309,48.3652],[11.3209,48.3638],[11.3194,48.3616],[11.3117,48.3474],[11.3185,48.3392],[11.3229,48.3415],[11.3608,48.347],[11.3626,48.3144],[11.3731,48.3061],[11.3877,48.3126],[11.3959,48.3207],[11.4015,48.3208],[11.426,48.3465],[11.4286,48.3502],[11.4263,48.3541],[11.4233,48.3544],[11.4202,48.3563],[11.4135,48.3548],[11.4098,48.3553],[11.4028,48.3717],[11.391,48.38],[11.3838,48.4083],[11.4085,48.4062],[11.4109,48.4109],[11.4016,48.4151],[11.4051,48.4233]]]}},{"type":"Feature","properties":{"ags":"09174135","name":"Odelzhausen","ewz":5723,"dist_km":32.5,"city":false,"warm_m2":17.46,"own_value":true,"m2_median":57,"share_median":0.313,"m2_p25":44,"share_p25":0.408},"geometry":{"type":"Polygon","coordinates":[[[11.2266,48.3444],[11.219,48.3473],[11.2148,48.3424],[11.1711,48.3432],[11.1667,48.343],[11.163,48.3264],[11.1598,48.3264],[11.1629,48.3208],[11.1807,48.3156],[11.1774,48.3068],[11.1832,48.2999],[11.1773,48.2967],[11.193,48.2896],[11.198,48.2829],[11.2138,48.2818],[11.2355,48.2861],[11.2385,48.2864],[11.238,48.2898],[11.2204,48.2973],[11.2182,48.3081],[11.2388,48.3148],[11.2377,48.317],[11.2547,48.3302],[11.2504,48.3425],[11.2414,48.3439],[11.2367,48.3419],[11.2266,48.3444]]]}},{"type":"Feature","properties":{"ags":"09174136","name":"Petershausen","ewz":6721,"dist_km":31,"city":false,"warm_m2":18.17,"own_value":true,"m2_median":55,"share_median":0.327,"m2_p25":42,"share_p25":0.425},"geometry":{"type":"Polygon","coordinates":[[[11.528,48.4004],[11.516,48.4035],[11.5008,48.4158],[11.505,48.4334],[11.4932,48.4405],[11.4735,48.4411],[11.4557,48.4337],[11.4452,48.4317],[11.4372,48.4196],[11.421,48.4095],[11.4449,48.4016],[11.4552,48.3918],[11.4499,48.3874],[11.4626,48.379],[11.5039,48.3771],[11.506,48.3831],[11.5107,48.387],[11.5123,48.3883],[11.5107,48.3908],[11.5155,48.3929],[11.5304,48.3914],[11.528,48.4004]]]}},{"type":"Feature","properties":{"ags":"09174137","name":"Pfaffenhofen a.d.Glonn","ewz":2301,"dist_km":35.2,"city":false,"warm_m2":16.35,"own_value":true,"m2_median":61,"share_median":0.293,"m2_p25":47,"share_p25":0.381},"geometry":{"type":"Polygon","coordinates":[[[11.1629,48.3208],[11.1623,48.3233],[11.1598,48.3264],[11.1556,48.3263],[11.127,48.3203],[11.1209,48.3146],[11.1223,48.3141],[11.1233,48.299],[11.1139,48.2977],[11.117,48.2782],[11.1143,48.2693],[11.1208,48.2698],[11.137,48.2713],[11.1373,48.2694],[11.1438,48.2717],[11.1464,48.2714],[11.1587,48.279],[11.1537,48.2898],[11.1561,48.2893],[11.1832,48.2999],[11.1774,48.3068],[11.1807,48.3156],[11.1629,48.3208]]]}},{"type":"Feature","properties":{"ags":"09174141","name":"Röhrmoos","ewz":6721,"dist_km":22.5,"city":false,"warm_m2":19.04,"own_value":true,"m2_median":52,"share_median":0.344,"m2_p25":40,"share_p25":0.449},"geometry":{"type":"Polygon","coordinates":[[[11.5087,48.3564],[11.4951,48.3496],[11.472,48.3551],[11.4403,48.3495],[11.4405,48.3444],[11.434,48.344],[11.4311,48.3448],[11.4261,48.3472],[11.426,48.3465],[11.4015,48.3208],[11.3985,48.3167],[11.4011,48.3166],[11.4043,48.3108],[11.4056,48.3115],[11.4063,48.3102],[11.4141,48.311],[11.4165,48.3094],[11.4279,48.3098],[11.4405,48.3079],[11.4387,48.3127],[11.4596,48.3152],[11.4607,48.3057],[11.4759,48.3069],[11.4936,48.3256],[11.5068,48.324],[11.5063,48.3361],[11.5203,48.3403],[11.5163,48.349],[11.5146,48.3516],[11.5148,48.3548],[11.5091,48.3539],[11.5087,48.3564]]]}},{"type":"Feature","properties":{"ags":"09174143","name":"Schwabhausen","ewz":6546,"dist_km":25,"city":false,"warm_m2":18.45,"own_value":true,"m2_median":54,"share_median":0.333,"m2_p25":41,"share_p25":0.434},"geometry":{"type":"Polygon","coordinates":[[[11.3731,48.3061],[11.3626,48.3144],[11.3608,48.347],[11.3229,48.3415],[11.3198,48.3385],[11.3295,48.3287],[11.329,48.3175],[11.3107,48.3091],[11.2902,48.3061],[11.2912,48.3038],[11.2898,48.2985],[11.29,48.2876],[11.2928,48.2869],[11.3279,48.2804],[11.3516,48.2787],[11.3653,48.2932],[11.371,48.2951],[11.3761,48.2965],[11.3844,48.2937],[11.4003,48.3087],[11.4043,48.3108],[11.4011,48.3166],[11.3985,48.3167],[11.3959,48.3207],[11.3877,48.3126],[11.3731,48.3061]]]}},{"type":"Feature","properties":{"ags":"09174146","name":"Sulzemoos","ewz":3030,"dist_km":27.4,"city":false,"warm_m2":16.98,"own_value":true,"m2_median":59,"share_median":0.306,"m2_p25":45,"share_p25":0.398},"geometry":{"type":"Polygon","coordinates":[[[11.2388,48.3148],[11.2182,48.3081],[11.2204,48.2973],[11.238,48.2898],[11.2385,48.2864],[11.2355,48.2861],[11.2263,48.2817],[11.2324,48.2769],[11.2481,48.27],[11.2467,48.2655],[11.2522,48.2612],[11.2811,48.2623],[11.2855,48.2623],[11.288,48.2653],[11.2813,48.2663],[11.2792,48.2693],[11.2763,48.2836],[11.2862,48.2875],[11.29,48.2876],[11.2898,48.2985],[11.2907,48.302],[11.2794,48.302],[11.2631,48.298],[11.2407,48.3119],[11.2388,48.3148]]]}},{"type":"Feature","properties":{"ags":"09174147","name":"Hilgertshausen-Tandern","ewz":3414,"dist_km":36.6,"city":false,"warm_m2":20.8,"own_value":true,"m2_median":48,"share_median":0.372,"m2_p25":37,"share_p25":0.484},"geometry":{"type":"Polygon","coordinates":[[[11.358,48.443],[11.3496,48.4532],[11.3357,48.4553],[11.3342,48.4508],[11.3243,48.4481],[11.3136,48.4505],[11.301,48.4497],[11.2643,48.4444],[11.2565,48.4405],[11.2627,48.4404],[11.2818,48.4329],[11.2834,48.4169],[11.3119,48.4122],[11.3257,48.4133],[11.3317,48.4104],[11.3443,48.4111],[11.3605,48.4177],[11.3809,48.4241],[11.3884,48.4301],[11.3876,48.4342],[11.3848,48.4382],[11.3621,48.4427],[11.358,48.443]]]}},{"type":"Feature","properties":{"ags":"09174150","name":"Vierkirchen","ewz":4719,"dist_km":25.9,"city":false,"warm_m2":17.72,"own_value":true,"m2_median":56,"share_median":0.32,"m2_p25":43,"share_p25":0.416},"geometry":{"type":"Polygon","coordinates":[[[11.5039,48.3771],[11.4626,48.379],[11.4499,48.3874],[11.4397,48.3809],[11.4301,48.3754],[11.4192,48.3566],[11.4233,48.3544],[11.4263,48.3541],[11.4286,48.3502],[11.4261,48.3472],[11.4311,48.3448],[11.434,48.344],[11.4405,48.3444],[11.4403,48.3495],[11.472,48.3551],[11.4951,48.3496],[11.5087,48.3564],[11.5088,48.36],[11.5119,48.3689],[11.5039,48.3771]]]}},{"type":"Feature","properties":{"ags":"09174151","name":"Weichs","ewz":3595,"dist_km":29.3,"city":false,"warm_m2":17.21,"own_value":true,"m2_median":58,"share_median":0.31,"m2_p25":45,"share_p25":0.403},"geometry":{"type":"Polygon","coordinates":[[[11.4552,48.3918],[11.4449,48.4016],[11.421,48.4095],[11.4171,48.4102],[11.4131,48.4062],[11.4116,48.4086],[11.4093,48.4095],[11.4085,48.4062],[11.3838,48.4083],[11.391,48.38],[11.4028,48.3717],[11.4098,48.3553],[11.4118,48.3548],[11.4202,48.3563],[11.4192,48.3566],[11.4301,48.3754],[11.4397,48.3809],[11.4552,48.3918]]]}},{"type":"Feature","properties":{"ags":"09175111","name":"Anzing","ewz":4475,"dist_km":22,"city":false,"warm_m2":18.63,"own_value":true,"m2_median":53,"share_median":0.337,"m2_p25":41,"share_p25":0.439},"geometry":{"type":"Polygon","coordinates":[[[11.8571,48.1816],[11.8478,48.1782],[11.8377,48.1772],[11.8267,48.1676],[11.8239,48.1634],[11.8223,48.1631],[11.8237,48.1547],[11.8351,48.1466],[11.8336,48.1373],[11.8437,48.1326],[11.8447,48.131],[11.8595,48.137],[11.8778,48.1535],[11.888,48.1561],[11.8853,48.1631],[11.8861,48.1668],[11.8827,48.1736],[11.8846,48.1778],[11.8818,48.1775],[11.881,48.1741],[11.8673,48.1736],[11.8571,48.1816]]]}},{"type":"Feature","properties":{"ags":"09175115","name":"Ebersberg","ewz":12527,"dist_km":31.4,"city":false,"warm_m2":18.47,"own_value":true,"m2_median":54,"share_median":0.332,"m2_p25":42,"share_p25":0.432},"geometry":{"type":"Polygon","coordinates":[[[11.9978,48.1185],[11.9877,48.1242],[11.9808,48.118],[11.9543,48.1113],[11.9307,48.0873],[11.9213,48.0844],[11.9273,48.0774],[11.9295,48.0735],[11.92,48.0588],[11.9275,48.056],[11.94,48.0597],[11.9414,48.0614],[11.9622,48.0632],[11.9681,48.0638],[11.9825,48.0669],[11.9956,48.0585],[11.9946,48.0502],[11.9989,48.0484],[12.0258,48.0515],[12.0376,48.0607],[12.0435,48.0614],[12.0264,48.0835],[12.0083,48.0878],[11.998,48.1065],[11.9978,48.1185]]]}},{"type":"Feature","properties":{"ags":"09175118","name":"Forstinning","ewz":3895,"dist_km":26.2,"city":false,"warm_m2":18.42,"own_value":true,"m2_median":54,"share_median":0.332,"m2_p25":42,"share_p25":0.433},"geometry":{"type":"Polygon","coordinates":[[[11.8957,48.1971],[11.8909,48.1933],[11.886,48.1919],[11.8883,48.1906],[11.8879,48.183],[11.8874,48.1839],[11.8818,48.1775],[11.8846,48.1778],[11.8827,48.1736],[11.8861,48.1668],[11.8853,48.1631],[11.888,48.1561],[11.8952,48.1583],[11.9167,48.1554],[11.9359,48.163],[11.9433,48.1615],[11.9457,48.1669],[11.9411,48.1654],[11.9245,48.1795],[11.9273,48.1859],[11.9262,48.1886],[11.918,48.1901],[11.9064,48.1976],[11.8957,48.1971]]]}},{"type":"Feature","properties":{"ags":"09175122","name":"Grafing b.München","ewz":14348,"dist_km":33,"city":false,"warm_m2":18.67,"own_value":true,"m2_median":54,"share_median":0.335,"m2_p25":41,"share_p25":0.436},"geometry":{"type":"Polygon","coordinates":[[[11.9946,48.0502],[11.9956,48.0585],[11.9825,48.0669],[11.9681,48.0638],[11.9622,48.0632],[11.9414,48.0614],[11.94,48.0597],[11.9275,48.056],[11.9316,48.0528],[11.9368,48.0374],[11.9523,48.027],[11.9512,48.0135],[11.9619,48.0113],[11.9877,48.0084],[12.0022,48.0119],[12.0102,48.0198],[12.0221,48.0211],[12.0258,48.0318],[12.0089,48.0406],[12.0007,48.0436],[11.9999,48.046],[11.9946,48.0502]]]}},{"type":"Feature","properties":{"ags":"09175123","name":"Hohenlinden","ewz":3390,"dist_km":33.9,"city":false,"warm_m2":16.32,"own_value":true,"m2_median":61,"share_median":0.293,"m2_p25":47,"share_p25":0.381},"geometry":{"type":"Polygon","coordinates":[[[12.0045,48.1703],[12.0062,48.173],[11.9934,48.1698],[11.9855,48.1635],[11.9759,48.1713],[11.9577,48.1726],[11.9475,48.1683],[11.9457,48.1669],[11.9433,48.1615],[11.959,48.1563],[11.9772,48.1548],[12.0005,48.1402],[12.0057,48.1409],[11.9877,48.1242],[11.9978,48.1185],[12.0304,48.1357],[12.0503,48.1276],[12.0432,48.1417],[12.0268,48.1479],[12.0144,48.1635],[12.0091,48.1716],[12.0045,48.1703]]]}},{"type":"Feature","properties":{"ags":"09175124","name":"Kirchseeon","ewz":10801,"dist_km":25.6,"city":false,"warm_m2":18.77,"own_value":true,"m2_median":53,"share_median":0.339,"m2_p25":41,"share_p25":0.441},"geometry":{"type":"Polygon","coordinates":[[[11.8634,48.0841],[11.8533,48.0903],[11.8435,48.0881],[11.8513,48.0739],[11.8408,48.0654],[11.834,48.0481],[11.8557,48.0494],[11.8665,48.0469],[11.8695,48.058],[11.89,48.0559],[11.9043,48.0624],[11.9113,48.0566],[11.917,48.0556],[11.919,48.0575],[11.92,48.0588],[11.9295,48.0735],[11.9273,48.0774],[11.9213,48.0844],[11.915,48.085],[11.9039,48.0784],[11.8966,48.0746],[11.8812,48.0798],[11.8634,48.0841]]]}},{"type":"Feature","properties":{"ags":"09175127","name":"Markt Schwaben","ewz":13901,"dist_km":23.5,"city":false,"warm_m2":20.33,"own_value":true,"m2_median":49,"share_median":0.367,"m2_p25":38,"share_p25":0.479},"geometry":{"type":"Polygon","coordinates":[[[11.8543,48.2079],[11.8493,48.2089],[11.8491,48.2065],[11.8473,48.2066],[11.8361,48.1986],[11.842,48.193],[11.8395,48.181],[11.8324,48.182],[11.8316,48.1777],[11.8377,48.1772],[11.8478,48.1782],[11.8571,48.1816],[11.8673,48.1736],[11.881,48.1741],[11.8818,48.1809],[11.8874,48.1839],[11.8879,48.183],[11.8883,48.1906],[11.8811,48.1962],[11.8768,48.2048],[11.8543,48.2079]]]}},{"type":"Feature","properties":{"ags":"09175132","name":"Vaterstetten","ewz":25596,"dist_km":17.9,"city":false,"warm_m2":21.92,"own_value":true,"m2_median":45,"share_median":0.398,"m2_p25":35,"share_p25":0.518},"geometry":{"type":"Polygon","coordinates":[[[11.7876,48.1518],[11.7856,48.1595],[11.7757,48.1572],[11.7715,48.1547],[11.7498,48.1438],[11.7526,48.1407],[11.7565,48.1268],[11.758,48.1188],[11.7593,48.1083],[11.7684,48.0989],[11.7665,48.0965],[11.7816,48.0913],[11.7803,48.0882],[11.7828,48.088],[11.7961,48.0894],[11.8061,48.0943],[11.8042,48.107],[11.8171,48.1181],[11.8356,48.1178],[11.8434,48.1268],[11.8437,48.1326],[11.8336,48.1373],[11.8351,48.1466],[11.8237,48.1547],[11.8229,48.1536],[11.8192,48.1567],[11.7876,48.1518]]]}},{"type":"Feature","properties":{"ags":"09175133","name":"Pliening","ewz":5982,"dist_km":19.1,"city":false,"warm_m2":19.78,"own_value":true,"m2_median":50,"share_median":0.359,"m2_p25":39,"share_p25":0.467},"geometry":{"type":"Polygon","coordinates":[[[11.7689,48.22],[11.7657,48.2269],[11.7641,48.2227],[11.7562,48.2211],[11.76,48.2176],[11.7624,48.2012],[11.7551,48.1891],[11.7704,48.1743],[11.7744,48.1747],[11.7963,48.1859],[11.814,48.1793],[11.823,48.1823],[11.8395,48.181],[11.842,48.193],[11.8361,48.1986],[11.8473,48.2066],[11.8429,48.2069],[11.8428,48.2092],[11.8334,48.2076],[11.8249,48.208],[11.8135,48.2081],[11.8005,48.2126],[11.797,48.2198],[11.7689,48.22]]]}},{"type":"Feature","properties":{"ags":"09175135","name":"Poing","ewz":16666,"dist_km":18.3,"city":false,"warm_m2":20.64,"own_value":true,"m2_median":48,"share_median":0.374,"m2_p25":37,"share_p25":0.488},"geometry":{"type":"Polygon","coordinates":[[[11.823,48.1823],[11.814,48.1793],[11.7963,48.1859],[11.7744,48.1747],[11.7694,48.1741],[11.7758,48.1619],[11.7715,48.1547],[11.7757,48.1572],[11.7856,48.1595],[11.7876,48.1518],[11.8192,48.1567],[11.8229,48.1536],[11.8223,48.1631],[11.8239,48.1634],[11.8267,48.1676],[11.8377,48.1772],[11.8316,48.1777],[11.8324,48.182],[11.823,48.1823]]]}},{"type":"Feature","properties":{"ags":"09175137","name":"Steinhöring","ewz":4078,"dist_km":36,"city":false,"warm_m2":15.76,"own_value":true,"m2_median":64,"share_median":0.282,"m2_p25":49,"share_p25":0.367},"geometry":{"type":"Polygon","coordinates":[[[12.0503,48.1276],[12.0304,48.1357],[11.9978,48.1185],[11.998,48.1065],[12.0083,48.0878],[12.0264,48.0835],[12.0435,48.0614],[12.0421,48.059],[12.0434,48.0484],[12.0621,48.0573],[12.0758,48.0552],[12.0745,48.0861],[12.0625,48.099],[12.081,48.0994],[12.0735,48.1086],[12.0849,48.1213],[12.0859,48.1253],[12.079,48.1265],[12.0498,48.1294],[12.0503,48.1276]]]}},{"type":"Feature","properties":{"ags":"09175139","name":"Zorneding","ewz":9570,"dist_km":20.3,"city":false,"warm_m2":19.91,"own_value":true,"m2_median":50,"share_median":0.361,"m2_p25":38,"share_p25":0.47},"geometry":{"type":"Polygon","coordinates":[[[11.8356,48.1178],[11.8171,48.1181],[11.8042,48.107],[11.8061,48.0943],[11.7961,48.0894],[11.7829,48.0886],[11.782,48.087],[11.7855,48.0726],[11.8027,48.0654],[11.8087,48.0617],[11.8068,48.056],[11.8127,48.0548],[11.8338,48.0457],[11.834,48.0501],[11.8408,48.0654],[11.8513,48.0739],[11.8435,48.0881],[11.8353,48.1024],[11.8378,48.1107],[11.8356,48.1178]]]}},{"type":"Feature","properties":{"ags":"09175112","name":"Aßling","ewz":4631,"dist_km":36.2,"city":false,"warm_m2":16.26,"own_value":true,"m2_median":62,"share_median":0.291,"m2_p25":48,"share_p25":0.379},"geometry":{"type":"Polygon","coordinates":[[[12.0202,48.0204],[12.0102,48.0198],[12.0022,48.0119],[11.9877,48.0084],[11.9619,48.0113],[11.9566,48.0082],[11.9217,48.0011],[11.9347,47.9932],[11.9358,47.9941],[11.9388,47.9929],[11.9513,47.9849],[11.9547,47.984],[11.9578,47.9846],[11.9596,47.9835],[11.9686,47.9835],[11.9764,47.9737],[11.9877,47.9711],[11.997,47.9597],[12.0221,47.9613],[12.0242,47.9689],[12.0285,47.9725],[12.0284,47.99],[12.0374,47.9921],[12.0404,48.0052],[12.0272,48.0112],[12.0202,48.0204]]]}},{"type":"Feature","properties":{"ags":"09175119","name":"Frauenneuharting","ewz":1577,"dist_km":38.7,"city":false,"warm_m2":16.52,"own_value":true,"m2_median":61,"share_median":0.295,"m2_p25":47,"share_p25":0.384},"geometry":{"type":"Polygon","coordinates":[[[12.0434,48.0484],[12.0421,48.059],[12.0376,48.0607],[12.0258,48.0515],[11.9989,48.0484],[11.9999,48.046],[12.0007,48.0436],[12.0089,48.0406],[12.0258,48.0318],[12.0221,48.0211],[12.0202,48.0204],[12.0272,48.0112],[12.0404,48.0052],[12.0442,48.0037],[12.0513,48.005],[12.0665,48.0163],[12.0829,48.0211],[12.0854,48.0202],[12.083,48.0247],[12.0814,48.0329],[12.0758,48.0552],[12.0621,48.0573],[12.0434,48.0484]]]}},{"type":"Feature","properties":{"ags":"09175136","name":"Emmering","ewz":1505,"dist_km":41.1,"city":false,"warm_m2":15.21,"own_value":true,"m2_median":66,"share_median":0.271,"m2_p25":51,"share_p25":0.353},"geometry":{"type":"Polygon","coordinates":[[[12.077,48.0181],[12.0665,48.0163],[12.0513,48.005],[12.0442,48.0037],[12.0404,48.0052],[12.0374,47.9921],[12.0284,47.99],[12.0285,47.9725],[12.0271,47.9712],[12.048,47.97],[12.0647,47.9739],[12.0729,47.9757],[12.0719,47.9804],[12.0729,47.9886],[12.0918,47.9894],[12.0941,47.9952],[12.0988,47.9928],[12.0987,47.9964],[12.0944,47.9981],[12.097,48.0014],[12.0965,48.0091],[12.0984,48.0115],[12.0931,48.0133],[12.077,48.0181]]]}},{"type":"Feature","properties":{"ags":"09175113","name":"Baiern","ewz":1531,"dist_km":32.6,"city":false,"warm_m2":16.67,"own_value":true,"m2_median":60,"share_median":0.299,"m2_p25":46,"share_p25":0.39},"geometry":{"type":"Polygon","coordinates":[[[11.9217,48.0011],[11.9075,47.9991],[11.9009,47.9963],[11.8994,47.9877],[11.9041,47.9783],[11.8921,47.9755],[11.8962,47.9648],[11.8819,47.9542],[11.8844,47.9531],[11.886,47.9489],[11.9159,47.9349],[11.9296,47.9319],[11.9281,47.9389],[11.946,47.9435],[11.9369,47.9515],[11.932,47.9761],[11.9266,47.9839],[11.9347,47.9932],[11.9217,48.0011]]]}},{"type":"Feature","properties":{"ags":"09175114","name":"Bruck","ewz":1353,"dist_km":29.4,"city":false,"warm_m2":17.4,"own_value":true,"m2_median":57,"share_median":0.313,"m2_p25":44,"share_p25":0.408},"geometry":{"type":"Polygon","coordinates":[[[11.919,48.0575],[11.917,48.0556],[11.9166,48.0541],[11.9138,48.0543],[11.9128,48.0513],[11.9057,48.0437],[11.8949,48.0401],[11.884,48.0305],[11.8793,48.0287],[11.8842,48.0231],[11.8828,48.02],[11.8765,48.0196],[11.8778,48.018],[11.8756,48.017],[11.8782,48.0141],[11.8847,48.0072],[11.9075,47.9991],[11.9217,48.0011],[11.9566,48.0082],[11.9512,48.0135],[11.9523,48.027],[11.9368,48.0374],[11.9316,48.0528],[11.919,48.0575]]]}},{"type":"Feature","properties":{"ags":"09175116","name":"Egmating","ewz":2391,"dist_km":23.9,"city":false,"warm_m2":18.8,"own_value":true,"m2_median":53,"share_median":0.34,"m2_p25":41,"share_p25":0.442},"geometry":{"type":"Polygon","coordinates":[[[11.7852,48.0225],[11.7668,48.0225],[11.769,48.0003],[11.7596,47.9971],[11.7621,47.9919],[11.7838,47.9908],[11.8015,47.9793],[11.8194,47.9733],[11.8281,47.962],[11.8383,47.963],[11.8402,47.9649],[11.8447,47.9648],[11.8465,47.9695],[11.8461,47.9755],[11.8235,47.9886],[11.8186,47.9928],[11.8294,48.0076],[11.8081,48.0105],[11.8054,48.0166],[11.7994,48.0196],[11.7915,48.0198],[11.7852,48.0225]]]}},{"type":"Feature","properties":{"ags":"09175121","name":"Glonn","ewz":5329,"dist_km":28.8,"city":false,"warm_m2":18.35,"own_value":true,"m2_median":54,"share_median":0.33,"m2_p25":42,"share_p25":0.43},"geometry":{"type":"Polygon","coordinates":[[[11.8738,48.0194],[11.8614,48.0086],[11.8528,48.0087],[11.8421,48.018],[11.8334,48.0147],[11.8351,48.0131],[11.8322,48.0086],[11.8294,48.0076],[11.8186,47.9928],[11.8235,47.9886],[11.8461,47.9755],[11.8465,47.9695],[11.8447,47.9648],[11.84,47.9643],[11.8481,47.9612],[11.8506,47.9497],[11.848,47.9483],[11.8493,47.9468],[11.8613,47.9484],[11.874,47.9544],[11.8819,47.9542],[11.8962,47.9648],[11.8921,47.9755],[11.9041,47.9783],[11.8994,47.9877],[11.9009,47.9963],[11.9075,47.9991],[11.8847,48.0072],[11.8782,48.0141],[11.8738,48.0194]]]}},{"type":"Feature","properties":{"ags":"09175128","name":"Moosach","ewz":1510,"dist_km":25.6,"city":false,"warm_m2":16.7,"own_value":true,"m2_median":60,"share_median":0.301,"m2_p25":46,"share_p25":0.392},"geometry":{"type":"Polygon","coordinates":[[[11.9113,48.0566],[11.9043,48.0624],[11.89,48.0559],[11.8695,48.058],[11.8665,48.0469],[11.8557,48.0494],[11.834,48.0481],[11.8352,48.0406],[11.8484,48.0307],[11.8428,48.0209],[11.8421,48.018],[11.8528,48.0087],[11.8614,48.0086],[11.8738,48.0194],[11.8756,48.017],[11.8778,48.018],[11.8765,48.0196],[11.8828,48.02],[11.8842,48.0231],[11.8793,48.0287],[11.884,48.0305],[11.8949,48.0401],[11.9057,48.0437],[11.9128,48.0513],[11.9138,48.0543],[11.9166,48.0541],[11.9113,48.0566]]]}},{"type":"Feature","properties":{"ags":"09175131","name":"Oberpframmern","ewz":2503,"dist_km":22.3,"city":false,"warm_m2":18.11,"own_value":true,"m2_median":55,"share_median":0.328,"m2_p25":42,"share_p25":0.427},"geometry":{"type":"Polygon","coordinates":[[[11.8127,48.0548],[11.8077,48.0556],[11.7985,48.0584],[11.7879,48.0572],[11.7836,48.0397],[11.7877,48.0266],[11.7887,48.0204],[11.8054,48.0166],[11.8081,48.0105],[11.8294,48.0076],[11.8322,48.0086],[11.8351,48.0131],[11.8334,48.0147],[11.8428,48.0209],[11.8484,48.0307],[11.8352,48.0406],[11.8338,48.0457],[11.8127,48.0548]]]}},{"type":"Feature","properties":{"ags":"09175451","name":"Anzinger Forst","ewz":0,"dist_km":25.2,"city":false},"geometry":{"type":"Polygon","coordinates":[[[11.9359,48.163],[11.9167,48.1554],[11.8952,48.1583],[11.8778,48.1535],[11.8595,48.137],[11.8447,48.131],[11.8434,48.1268],[11.8398,48.1225],[11.9326,48.1081],[11.9498,48.1592],[11.9359,48.163]]]}},{"type":"Feature","properties":{"ags":"09175452","name":"Ebersberger Forst","ewz":0,"dist_km":30.4,"city":false},"geometry":{"type":"Polygon","coordinates":[[[11.9772,48.1548],[11.959,48.1563],[11.9498,48.1592],[11.9326,48.1081],[11.9482,48.1057],[11.9543,48.1113],[11.9808,48.118],[12.0057,48.1409],[12.0005,48.1402],[11.9772,48.1548]]]}},{"type":"Feature","properties":{"ags":"09175453","name":"Eglhartinger Forst","ewz":0,"dist_km":25,"city":false},"geometry":{"type":"Polygon","coordinates":[[[11.9307,48.0873],[11.9482,48.1057],[11.8398,48.1225],[11.8356,48.1178],[11.8378,48.1107],[11.8353,48.1024],[11.8435,48.0881],[11.8533,48.0903],[11.8634,48.0841],[11.8812,48.0798],[11.8966,48.0746],[11.9039,48.0784],[11.915,48.085],[11.9213,48.0844],[11.9307,48.0873]]]}},{"type":"Feature","properties":{"ags":"09177113","name":"Bockhorn","ewz":4216,"dist_km":37.9,"city":false,"warm_m2":15.67,"own_value":true,"m2_median":64,"share_median":0.28,"m2_p25":49,"share_p25":0.365},"geometry":{"type":"Polygon","coordinates":[[[12.0139,48.3393],[12.0018,48.344],[11.9923,48.3447],[11.9762,48.3324],[11.9596,48.3323],[11.9611,48.3303],[11.954,48.3257],[11.9532,48.3197],[11.9546,48.3121],[11.9454,48.3039],[11.9455,48.2972],[11.9464,48.2792],[11.946,48.278],[11.9505,48.2771],[11.9559,48.2772],[11.9628,48.2735],[11.9769,48.2789],[11.9843,48.2762],[11.9975,48.274],[12.0066,48.2775],[12.0116,48.2824],[12.022,48.2861],[12.034,48.2846],[12.0465,48.2978],[12.0509,48.2996],[12.0586,48.3127],[12.0486,48.318],[12.0465,48.3247],[12.0476,48.329],[12.0458,48.3287],[12.0417,48.3315],[12.0416,48.3369],[12.0298,48.3398],[12.0139,48.3393]]]}},{"type":"Feature","properties":{"ags":"09177115","name":"Dorfen","ewz":15197,"dist_km":46.2,"city":false,"warm_m2":15.91,"own_value":true,"m2_median":64,"share_median":0.283,"m2_p25":49,"share_p25":0.368},"geometry":{"type":"Polygon","coordinates":[[[12.2188,48.3205],[12.2188,48.3256],[12.2057,48.319],[12.1604,48.3225],[12.1492,48.3212],[12.1323,48.3183],[12.1069,48.305],[12.1014,48.2977],[12.0846,48.2956],[12.0774,48.293],[12.075,48.2937],[12.0743,48.292],[12.0724,48.2923],[12.0741,48.2908],[12.0739,48.2865],[12.0703,48.2816],[12.0743,48.2651],[12.0832,48.2573],[12.092,48.2413],[12.0968,48.2405],[12.101,48.2383],[12.1145,48.2429],[12.127,48.2386],[12.1477,48.2486],[12.1488,48.2559],[12.1646,48.2612],[12.1689,48.2546],[12.1763,48.2505],[12.1673,48.2427],[12.1795,48.2341],[12.1819,48.2253],[12.1872,48.2293],[12.1879,48.2295],[12.2151,48.2298],[12.2219,48.2442],[12.2283,48.2483],[12.2342,48.2495],[12.2327,48.252],[12.2217,48.262],[12.2275,48.2775],[12.2425,48.2778],[12.2461,48.2894],[12.2474,48.2877],[12.2549,48.295],[12.2517,48.2986],[12.2545,48.3092],[12.2488,48.3198],[12.2503,48.3232],[12.2461,48.3237],[12.2406,48.3189],[12.2382,48.3217],[12.2207,48.322],[12.2188,48.3205]]]}},{"type":"Feature","properties":{"ags":"09177117","name":"Erding","ewz":37169,"dist_km":32.5,"city":false,"warm_m2":17.8,"own_value":true,"m2_median":56,"share_median":0.32,"m2_p25":43,"share_p25":0.416},"geometry":{"type":"Polygon","coordinates":[[[11.9339,48.3629],[11.9252,48.363],[11.9217,48.3677],[11.9037,48.3668],[11.9012,48.368],[11.9001,48.3664],[11.8982,48.3408],[11.8949,48.3296],[11.8923,48.3296],[11.8828,48.3122],[11.8807,48.3065],[11.8804,48.3031],[11.8814,48.2984],[11.8769,48.2932],[11.8702,48.2839],[11.8684,48.2689],[11.887,48.2569],[11.8863,48.2558],[11.8905,48.2556],[11.889,48.2535],[11.8967,48.255],[11.898,48.2571],[11.906,48.2669],[11.9259,48.2606],[11.9345,48.2533],[11.9452,48.275],[11.9464,48.2792],[11.9455,48.2972],[11.9454,48.3039],[11.9546,48.3121],[11.9532,48.3197],[11.954,48.3257],[11.9611,48.3303],[11.9576,48.3349],[11.9545,48.3344],[11.954,48.3397],[11.934,48.358],[11.9339,48.3629]]]}},{"type":"Feature","properties":{"ags":"09177118","name":"Finsing","ewz":4769,"dist_km":20,"city":false,"warm_m2":17.72,"own_value":true,"m2_median":56,"share_median":0.321,"m2_p25":43,"share_p25":0.418},"geometry":{"type":"Polygon","coordinates":[[[11.7792,48.2525],[11.7786,48.2665],[11.7615,48.2654],[11.7509,48.2658],[11.7483,48.2645],[11.7522,48.2631],[11.7595,48.2544],[11.7538,48.2418],[11.7494,48.24],[11.7481,48.237],[11.7562,48.2211],[11.7641,48.2227],[11.7657,48.2269],[11.7689,48.22],[11.797,48.2198],[11.8005,48.2126],[11.8135,48.2081],[11.8249,48.208],[11.8334,48.2076],[11.8428,48.2092],[11.8429,48.2069],[11.8491,48.2065],[11.8493,48.2089],[11.8551,48.2112],[11.8523,48.2112],[11.854,48.2171],[11.858,48.2173],[11.8526,48.2232],[11.8407,48.2231],[11.8206,48.2368],[11.7988,48.237],[11.7827,48.2436],[11.7807,48.2526],[11.7792,48.2525]]]}},{"type":"Feature","properties":{"ags":"09177119","name":"Forstern","ewz":3735,"dist_km":31.4,"city":false,"warm_m2":24.71,"own_value":true,"m2_median":41,"share_median":0.444,"m2_p25":31,"share_p25":0.578},"geometry":{"type":"Polygon","coordinates":[[[12.0194,48.1867],[12.0038,48.1831],[11.9918,48.1914],[11.9922,48.1981],[11.9806,48.1988],[11.9802,48.1952],[11.9443,48.1844],[11.9327,48.1873],[11.9262,48.1886],[11.9273,48.1859],[11.9245,48.1795],[11.9411,48.1654],[11.9475,48.1683],[11.9577,48.1726],[11.9759,48.1713],[11.9855,48.1635],[11.9934,48.1698],[12.0062,48.173],[12.0045,48.1703],[12.0091,48.1716],[12.0105,48.1725],[12.0261,48.1797],[12.022,48.1871],[12.0194,48.1867]]]}},{"type":"Feature","properties":{"ags":"09177120","name":"Fraunberg","ewz":3966,"dist_km":40.8,"city":false,"warm_m2":15.9,"own_value":true,"m2_median":63,"share_median":0.284,"m2_p25":49,"share_p25":0.369},"geometry":{"type":"Polygon","coordinates":[[[12.0478,48.3853],[12.0358,48.3917],[12.0331,48.3898],[11.9938,48.3877],[11.9848,48.3816],[11.9462,48.372],[11.9454,48.3695],[11.9333,48.366],[11.934,48.358],[11.954,48.3397],[11.9545,48.3344],[11.9576,48.3349],[11.9596,48.3323],[11.9762,48.3324],[11.9923,48.3447],[12.0018,48.344],[12.0139,48.3393],[12.0298,48.3398],[12.0555,48.3375],[12.0579,48.3483],[12.0619,48.3515],[12.0634,48.3513],[12.0648,48.3543],[12.062,48.3618],[12.0633,48.3648],[12.0601,48.3647],[12.0491,48.3657],[12.0444,48.374],[12.0465,48.3803],[12.0478,48.3853]]]}},{"type":"Feature","properties":{"ags":"09177123","name":"Isen","ewz":5780,"dist_km":38.1,"city":false,"warm_m2":15.67,"own_value":true,"m2_median":64,"share_median":0.28,"m2_p25":49,"share_p25":0.365},"geometry":{"type":"Polygon","coordinates":[[[12.0773,48.2338],[12.0607,48.2335],[12.0468,48.2334],[12.0345,48.2256],[12.0369,48.2155],[12.0349,48.2111],[12.0216,48.2048],[12.0243,48.2017],[12.0225,48.1941],[12.0216,48.1886],[12.0162,48.1871],[12.022,48.1871],[12.0261,48.1797],[12.0105,48.1725],[12.0144,48.1635],[12.0268,48.1479],[12.0432,48.1417],[12.0321,48.1588],[12.0432,48.1543],[12.0579,48.1642],[12.0993,48.1692],[12.0993,48.1721],[12.1092,48.1785],[12.1113,48.1857],[12.1103,48.1876],[12.0993,48.2005],[12.0932,48.2067],[12.0833,48.2136],[12.0796,48.2304],[12.0818,48.2305],[12.0773,48.2338]]]}},{"type":"Feature","properties":{"ags":"09177127","name":"Lengdorf","ewz":2777,"dist_km":38.7,"city":false,"warm_m2":15.12,"own_value":true,"m2_median":67,"share_median":0.27,"m2_p25":51,"share_p25":0.352},"geometry":{"type":"Polygon","coordinates":[[[12.0675,48.2946],[12.0677,48.2992],[12.0512,48.2972],[12.0465,48.2978],[12.034,48.2846],[12.022,48.2861],[12.0116,48.2824],[12.0066,48.2775],[12.0043,48.2715],[12.0133,48.2642],[12.0121,48.2426],[12.0077,48.2426],[12.011,48.235],[12.032,48.2296],[12.0314,48.2246],[12.0345,48.2256],[12.0468,48.2334],[12.0607,48.2335],[12.0773,48.2338],[12.0818,48.2305],[12.0898,48.2306],[12.0979,48.2393],[12.0968,48.2405],[12.092,48.2413],[12.0832,48.2573],[12.0743,48.2651],[12.0703,48.2816],[12.0739,48.2865],[12.0741,48.2908],[12.0724,48.2923],[12.0743,48.292],[12.075,48.2937],[12.0675,48.2946]]]}},{"type":"Feature","properties":{"ags":"09177130","name":"Moosinning","ewz":6265,"dist_km":23.8,"city":false,"warm_m2":17.34,"own_value":true,"m2_median":57,"share_median":0.313,"m2_p25":44,"share_p25":0.408},"geometry":{"type":"Polygon","coordinates":[[[11.8724,48.2971],[11.8698,48.3004],[11.8621,48.2963],[11.8125,48.2931],[11.7882,48.2989],[11.7602,48.2971],[11.7391,48.296],[11.7368,48.2842],[11.7448,48.2699],[11.7483,48.2645],[11.7509,48.2658],[11.7615,48.2654],[11.7786,48.2665],[11.7792,48.2525],[11.7869,48.2529],[11.806,48.2552],[11.8395,48.2648],[11.8591,48.2605],[11.862,48.2494],[11.8714,48.2495],[11.8721,48.2517],[11.885,48.2513],[11.887,48.2569],[11.8684,48.2689],[11.8702,48.2839],[11.8769,48.2932],[11.8794,48.2966],[11.8724,48.2971]]]}},{"type":"Feature","properties":{"ags":"09177137","name":"Sankt Wolfgang","ewz":4594,"dist_km":45.1,"city":false,"warm_m2":16.02,"own_value":true,"m2_median":63,"share_median":0.285,"m2_p25":49,"share_p25":0.371},"geometry":{"type":"Polygon","coordinates":[[[12.1763,48.2505],[12.1689,48.2546],[12.1646,48.2612],[12.1488,48.2559],[12.1477,48.2486],[12.127,48.2386],[12.1145,48.2429],[12.101,48.2383],[12.0979,48.2393],[12.0898,48.2306],[12.0796,48.2304],[12.0833,48.2136],[12.0932,48.2067],[12.0993,48.2005],[12.1103,48.1876],[12.1179,48.1826],[12.1252,48.183],[12.1252,48.185],[12.127,48.1859],[12.127,48.1851],[12.1322,48.184],[12.1372,48.1907],[12.1584,48.2006],[12.1708,48.2075],[12.1794,48.2073],[12.1782,48.2021],[12.1866,48.2175],[12.2011,48.2169],[12.2026,48.2096],[12.2141,48.2019],[12.2193,48.2],[12.2244,48.2014],[12.2324,48.2017],[12.2272,48.2051],[12.2304,48.2136],[12.2151,48.2298],[12.1879,48.2295],[12.1872,48.2293],[12.1819,48.2253],[12.1795,48.2341],[12.1673,48.2427],[12.1763,48.2505]]]}},{"type":"Feature","properties":{"ags":"09177139","name":"Taufkirchen (Vils)","ewz":10826,"dist_km":50.4,"city":false,"warm_m2":15.18,"own_value":true,"m2_median":67,"share_median":0.269,"m2_p25":51,"share_p25":0.35},"geometry":{"type":"Polygon","coordinates":[[[12.1967,48.3649],[12.1873,48.3713],[12.196,48.377],[12.1857,48.3838],[12.1887,48.3901],[12.17,48.3982],[12.1526,48.3912],[12.1621,48.3744],[12.1311,48.3641],[12.1271,48.3665],[12.1207,48.3671],[12.1167,48.3674],[12.1113,48.3677],[12.1115,48.364],[12.1196,48.3581],[12.105,48.3494],[12.0979,48.3527],[12.0965,48.3514],[12.0978,48.3488],[12.1029,48.3472],[12.1003,48.3321],[12.0718,48.3267],[12.0536,48.3276],[12.0476,48.329],[12.0465,48.3247],[12.0486,48.318],[12.0586,48.3127],[12.0509,48.2996],[12.0512,48.2972],[12.0677,48.2992],[12.0675,48.2946],[12.0774,48.293],[12.0846,48.2956],[12.1014,48.2977],[12.1069,48.305],[12.1323,48.3183],[12.1492,48.3212],[12.1604,48.3225],[12.2057,48.319],[12.2188,48.3256],[12.2188,48.3205],[12.2207,48.322],[12.2382,48.3217],[12.2406,48.3189],[12.2461,48.3237],[12.2417,48.3247],[12.233,48.3313],[12.2338,48.3443],[12.2261,48.3528],[12.2189,48.3498],[12.2023,48.3637],[12.1967,48.3649]]]}},{"type":"Feature","properties":{"ags":"09177114","name":"Buch a.Buchrain","ewz":1652,"dist_km":34.2,"city":false,"warm_m2":15.69,"own_value":true,"m2_median":64,"share_median":0.281,"m2_p25":49,"share_p25":0.366},"geometry":{"type":"Polygon","coordinates":[[[12.0077,48.2426],[11.9911,48.2445],[11.9765,48.2377],[11.97,48.2383],[11.9622,48.2315],[11.9658,48.2167],[11.9741,48.2143],[11.9836,48.2012],[11.9806,48.1988],[11.9922,48.1981],[11.9918,48.1914],[12.0038,48.1831],[12.0194,48.1867],[12.0162,48.1871],[12.0216,48.1886],[12.0225,48.1941],[12.0243,48.2017],[12.0216,48.2048],[12.0349,48.2111],[12.0369,48.2155],[12.0314,48.2246],[12.032,48.2296],[12.011,48.235],[12.0077,48.2426]]]}},{"type":"Feature","properties":{"ags":"09177135","name":"Pastetten","ewz":2834,"dist_km":29.6,"city":false,"warm_m2":16.9,"own_value":true,"m2_median":59,"share_median":0.304,"m2_p25":45,"share_p25":0.396},"geometry":{"type":"Polygon","coordinates":[[[11.9622,48.2315],[11.9461,48.2321],[11.9397,48.2309],[11.933,48.2244],[11.9061,48.2276],[11.9113,48.2241],[11.9029,48.1985],[11.9064,48.1976],[11.918,48.1901],[11.9209,48.1899],[11.9327,48.1873],[11.9443,48.1844],[11.9802,48.1952],[11.9806,48.1994],[11.9836,48.2012],[11.9741,48.2143],[11.9658,48.2167],[11.9622,48.2315]]]}},{"type":"Feature","properties":{"ags":"09177142","name":"Walpertskirchen","ewz":2190,"dist_km":33.7,"city":false,"warm_m2":15.81,"own_value":true,"m2_median":63,"share_median":0.284,"m2_p25":49,"share_p25":0.369},"geometry":{"type":"Polygon","coordinates":[[[11.9843,48.2762],[11.9769,48.2789],[11.9628,48.2735],[11.9559,48.2772],[11.9505,48.2771],[11.946,48.278],[11.9452,48.275],[11.9345,48.2533],[11.934,48.2522],[11.9477,48.2451],[11.963,48.2451],[11.97,48.2383],[11.9765,48.2377],[11.9911,48.2445],[12.0121,48.2426],[12.0133,48.2642],[12.0043,48.2715],[11.9975,48.274],[11.9843,48.2762]]]}},{"type":"Feature","properties":{"ags":"09177144","name":"Wörth","ewz":4483,"dist_km":29.2,"city":false,"warm_m2":17.04,"own_value":true,"m2_median":59,"share_median":0.307,"m2_p25":45,"share_p25":0.399},"geometry":{"type":"Polygon","coordinates":[[[11.9259,48.2606],[11.906,48.2669],[11.898,48.2571],[11.8967,48.255],[11.889,48.2535],[11.8905,48.2556],[11.8863,48.2558],[11.885,48.2513],[11.8721,48.2517],[11.8721,48.2475],[11.8743,48.2342],[11.8753,48.2264],[11.8803,48.2225],[11.9077,48.2258],[11.9061,48.2276],[11.933,48.2244],[11.9397,48.2309],[11.9461,48.2321],[11.9622,48.2315],[11.97,48.2383],[11.963,48.2451],[11.9477,48.2451],[11.934,48.2522],[11.9259,48.2606]]]}},{"type":"Feature","properties":{"ags":"09177116","name":"Eitting","ewz":3082,"dist_km":35.2,"city":false,"warm_m2":16.77,"own_value":true,"m2_median":60,"share_median":0.3,"m2_p25":46,"share_p25":0.391},"geometry":{"type":"Polygon","coordinates":[[[11.9023,48.4234],[11.8848,48.4161],[11.8626,48.4122],[11.8481,48.414],[11.8398,48.4118],[11.843,48.4002],[11.8397,48.3953],[11.8196,48.3934],[11.8077,48.389],[11.8089,48.3812],[11.849,48.3858],[11.8558,48.3634],[11.851,48.3577],[11.8586,48.3448],[11.8628,48.3398],[11.8775,48.3311],[11.8949,48.3296],[11.8982,48.3408],[11.8999,48.3528],[11.9006,48.3691],[11.9009,48.3843],[11.8953,48.3872],[11.8958,48.4027],[11.9023,48.4234]]]}},{"type":"Feature","properties":{"ags":"09177133","name":"Oberding","ewz":6792,"dist_km":29.3,"city":false,"warm_m2":19.32,"own_value":true,"m2_median":52,"share_median":0.348,"m2_p25":40,"share_p25":0.453},"geometry":{"type":"Polygon","coordinates":[[[11.8586,48.3448],[11.851,48.3577],[11.8558,48.3634],[11.849,48.3858],[11.8089,48.3812],[11.7822,48.3588],[11.7805,48.3534],[11.7702,48.3317],[11.7644,48.3257],[11.7682,48.305],[11.7662,48.2978],[11.7882,48.2989],[11.8125,48.2931],[11.8621,48.2963],[11.8698,48.3004],[11.8724,48.2971],[11.8794,48.2966],[11.8804,48.3031],[11.8807,48.3065],[11.8828,48.3122],[11.8923,48.3296],[11.8775,48.3311],[11.8628,48.3398],[11.8586,48.3448]]]}},{"type":"Feature","properties":{"ags":"09177131","name":"Neuching","ewz":2780,"dist_km":23.2,"city":false,"warm_m2":17.21,"own_value":true,"m2_median":58,"share_median":0.311,"m2_p25":44,"share_p25":0.405},"geometry":{"type":"Polygon","coordinates":[[[11.8714,48.2495],[11.862,48.2494],[11.8591,48.2605],[11.8395,48.2648],[11.806,48.2552],[11.7869,48.2529],[11.7807,48.2526],[11.7827,48.2436],[11.7988,48.237],[11.8206,48.2368],[11.8407,48.2231],[11.8526,48.2232],[11.8591,48.2212],[11.8745,48.2241],[11.8743,48.2342],[11.8721,48.2475],[11.8714,48.2495]]]}},{"type":"Feature","properties":{"ags":"09177134","name":"Ottenhofen","ewz":1949,"dist_km":25.1,"city":false,"warm_m2":18.35,"own_value":true,"m2_median":54,"share_median":0.331,"m2_p25":42,"share_p25":0.431},"geometry":{"type":"Polygon","coordinates":[[[11.8803,48.2225],[11.8753,48.2264],[11.8745,48.2241],[11.8591,48.2212],[11.858,48.2173],[11.854,48.2171],[11.8523,48.2112],[11.8551,48.2112],[11.8543,48.2079],[11.8768,48.2048],[11.8811,48.1962],[11.886,48.1919],[11.8909,48.1933],[11.8957,48.1971],[11.9029,48.1985],[11.9113,48.2241],[11.9077,48.2258],[11.8803,48.2225]]]}},{"type":"Feature","properties":{"ags":"09177122","name":"Inning a.Holz","ewz":1570,"dist_km":44.8,"city":false,"warm_m2":14.89,"own_value":true,"m2_median":68,"share_median":0.265,"m2_p25":52,"share_p25":0.345},"geometry":{"type":"Polygon","coordinates":[[[12.0756,48.3652],[12.0722,48.366],[12.0695,48.3649],[12.0633,48.3648],[12.0647,48.3562],[12.064,48.3523],[12.0579,48.3483],[12.0555,48.3375],[12.0416,48.3369],[12.0417,48.3315],[12.0458,48.3287],[12.0485,48.3293],[12.0536,48.3276],[12.0718,48.3267],[12.1003,48.3321],[12.1029,48.3472],[12.0978,48.3488],[12.0965,48.3514],[12.0979,48.3527],[12.0934,48.3516],[12.0837,48.3647],[12.076,48.3643],[12.0756,48.3652]]]}},{"type":"Feature","properties":{"ags":"09177138","name":"Steinkirchen","ewz":1349,"dist_km":46.7,"city":false,"warm_m2":13.83,"own_value":true,"m2_median":73,"share_median":0.246,"m2_p25":56,"share_p25":0.32},"geometry":{"type":"Polygon","coordinates":[[[12.0911,48.3998],[12.0901,48.4017],[12.0675,48.3987],[12.0574,48.392],[12.0523,48.3866],[12.0478,48.3853],[12.0465,48.3803],[12.0444,48.374],[12.0491,48.3657],[12.0601,48.3647],[12.0695,48.3649],[12.0722,48.366],[12.0756,48.3652],[12.076,48.3643],[12.0837,48.3647],[12.0934,48.3516],[12.097,48.3531],[12.105,48.3494],[12.1196,48.3581],[12.1115,48.364],[12.1113,48.3677],[12.1084,48.3677],[12.1122,48.385],[12.0911,48.3998]]]}},{"type":"Feature","properties":{"ags":"09177112","name":"Berglern","ewz":3068,"dist_km":39.1,"city":false,"warm_m2":16.56,"own_value":true,"m2_median":61,"share_median":0.296,"m2_p25":47,"share_p25":0.385},"geometry":{"type":"Polygon","coordinates":[[[11.9134,48.4272],[11.9116,48.4276],[11.9023,48.4234],[11.8958,48.4027],[11.8953,48.3872],[11.9009,48.3843],[11.9006,48.3691],[11.9001,48.3664],[11.9012,48.368],[11.9037,48.3668],[11.9217,48.3677],[11.9252,48.363],[11.9339,48.3629],[11.9333,48.366],[11.9454,48.3695],[11.9464,48.3733],[11.949,48.3822],[11.943,48.3895],[11.9501,48.4008],[11.9488,48.4011],[11.9275,48.41],[11.9134,48.4272]]]}},{"type":"Feature","properties":{"ags":"09177126","name":"Langenpreising","ewz":2938,"dist_km":44.3,"city":false,"warm_m2":15.8,"own_value":true,"m2_median":64,"share_median":0.281,"m2_p25":49,"share_p25":0.366},"geometry":{"type":"Polygon","coordinates":[[[11.9756,48.4527],[11.9658,48.4548],[11.9602,48.4548],[11.9498,48.4505],[11.9357,48.4419],[11.9341,48.4352],[11.92,48.4275],[11.9134,48.4272],[11.9275,48.41],[11.9488,48.4011],[11.9554,48.4034],[11.982,48.4139],[11.9857,48.4144],[11.9957,48.4148],[12.0004,48.4093],[12.025,48.4068],[12.0185,48.4149],[12.0208,48.4163],[12.0221,48.4202],[12.0214,48.4277],[12.0171,48.4307],[12.006,48.4292],[11.9948,48.4392],[11.9784,48.4446],[11.9756,48.4527]]]}},{"type":"Feature","properties":{"ags":"09177143","name":"Wartenberg","ewz":5744,"dist_km":42.7,"city":false,"warm_m2":16.92,"own_value":true,"m2_median":60,"share_median":0.302,"m2_p25":46,"share_p25":0.392},"geometry":{"type":"Polygon","coordinates":[[[12.0004,48.4093],[11.9957,48.4148],[11.9857,48.4144],[11.982,48.4139],[11.9554,48.4034],[11.9501,48.4008],[11.943,48.3895],[11.949,48.3822],[11.9464,48.3733],[11.9462,48.372],[11.9848,48.3816],[11.9938,48.3877],[12.0331,48.3898],[12.0368,48.3966],[12.025,48.4068],[12.0004,48.4093]]]}},{"type":"Feature","properties":{"ags":"09178116","name":"Au i.d.Hallertau","ewz":6348,"dist_km":47.4,"city":false,"warm_m2":16.04,"own_value":true,"m2_median":63,"share_median":0.285,"m2_p25":49,"share_p25":0.37},"geometry":{"type":"Polygon","coordinates":[[[11.7211,48.5863],[11.7192,48.5898],[11.7082,48.5947],[11.7086,48.5937],[11.7039,48.5836],[11.6762,48.5749],[11.6579,48.5626],[11.6623,48.551],[11.6594,48.549],[11.6615,48.5481],[11.66,48.5413],[11.6617,48.5144],[11.6636,48.5101],[11.6838,48.5117],[11.7021,48.5205],[11.706,48.5194],[11.7097,48.5238],[11.7287,48.5226],[11.7373,48.5257],[11.763,48.5245],[11.7666,48.5259],[11.7753,48.535],[11.7699,48.5399],[11.7755,48.5499],[11.7915,48.5536],[11.7975,48.5608],[11.7868,48.5687],[11.7709,48.5679],[11.7596,48.5739],[11.7337,48.5707],[11.7347,48.5852],[11.7211,48.5863]]]}},{"type":"Feature","properties":{"ags":"09178120","name":"Eching","ewz":14475,"dist_km":18.3,"city":false,"warm_m2":21.09,"own_value":true,"m2_median":47,"share_median":0.382,"m2_p25":36,"share_p25":0.498},"geometry":{"type":"Polygon","coordinates":[[[11.6044,48.3313],[11.5945,48.3309],[11.5944,48.3298],[11.5818,48.3295],[11.5744,48.3275],[11.5732,48.3098],[11.5821,48.3015],[11.5787,48.2995],[11.5815,48.2949],[11.5917,48.2874],[11.5937,48.2825],[11.5945,48.2748],[11.6002,48.2807],[11.615,48.27],[11.6378,48.2706],[11.6411,48.2727],[11.6548,48.2726],[11.6849,48.27],[11.6881,48.2725],[11.6838,48.2737],[11.6933,48.2798],[11.6969,48.2882],[11.6941,48.2965],[11.6957,48.2988],[11.6898,48.299],[11.6886,48.2948],[11.6803,48.2948],[11.6738,48.2903],[11.6554,48.291],[11.644,48.3051],[11.6501,48.3076],[11.6366,48.3222],[11.6163,48.3194],[11.6121,48.3279],[11.6096,48.3292],[11.6046,48.3307],[11.6044,48.3313]]]}},{"type":"Feature","properties":{"ags":"09178123","name":"Fahrenzhausen","ewz":5138,"dist_km":24.8,"city":false,"warm_m2":17.58,"own_value":true,"m2_median":57,"share_median":0.317,"m2_p25":44,"share_p25":0.413},"geometry":{"type":"Polygon","coordinates":[[[11.5576,48.3875],[11.5497,48.3943],[11.5442,48.3934],[11.5497,48.3905],[11.5318,48.3896],[11.5304,48.3914],[11.5155,48.3929],[11.5107,48.3908],[11.5123,48.3883],[11.5107,48.387],[11.506,48.3831],[11.5119,48.3689],[11.5088,48.36],[11.5091,48.3539],[11.5148,48.3548],[11.5154,48.3509],[11.5222,48.352],[11.5238,48.3493],[11.5339,48.3456],[11.5534,48.3415],[11.5673,48.3364],[11.5744,48.3275],[11.5818,48.3295],[11.5944,48.3298],[11.5945,48.3309],[11.6044,48.3313],[11.6035,48.3335],[11.5961,48.3539],[11.6175,48.3571],[11.6251,48.3679],[11.6209,48.3743],[11.6131,48.3755],[11.5872,48.383],[11.5785,48.3775],[11.5613,48.3814],[11.5576,48.3875]]]}},{"type":"Feature","properties":{"ags":"09178124","name":"Freising","ewz":49939,"dist_km":30.1,"city":false,"warm_m2":19.94,"own_value":true,"m2_median":50,"share_median":0.359,"m2_p25":39,"share_p25":0.467},"geometry":{"type":"Polygon","coordinates":[[[11.7222,48.449],[11.7148,48.4483],[11.7033,48.447],[11.7004,48.4276],[11.7026,48.4256],[11.6912,48.4103],[11.6823,48.4135],[11.6811,48.4117],[11.6835,48.4059],[11.6514,48.4034],[11.6412,48.3945],[11.6412,48.3874],[11.6489,48.3811],[11.649,48.3764],[11.6523,48.3749],[11.6491,48.3724],[11.6631,48.3686],[11.6699,48.3733],[11.6829,48.3664],[11.6781,48.3587],[11.6984,48.3309],[11.7085,48.3306],[11.7255,48.3467],[11.7433,48.3505],[11.7639,48.3497],[11.7793,48.3546],[11.7816,48.3579],[11.792,48.3661],[11.7856,48.3677],[11.7886,48.3713],[11.7781,48.3763],[11.7851,48.3824],[11.7904,48.4097],[11.7831,48.4134],[11.7811,48.4294],[11.7883,48.4394],[11.7834,48.4427],[11.7549,48.4426],[11.7222,48.449]]]}},{"type":"Feature","properties":{"ags":"09178130","name":"Hallbergmoos","ewz":12140,"dist_km":23.4,"city":false,"warm_m2":20.48,"own_value":true,"m2_median":49,"share_median":0.37,"m2_p25":37,"share_p25":0.482},"geometry":{"type":"Polygon","coordinates":[[[11.7702,48.3317],[11.7805,48.3534],[11.7816,48.3579],[11.7793,48.3546],[11.7639,48.3497],[11.7433,48.3505],[11.7255,48.3467],[11.7085,48.3306],[11.7054,48.3311],[11.7038,48.3286],[11.7041,48.3229],[11.7,48.3087],[11.6941,48.2965],[11.6969,48.2882],[11.6933,48.2798],[11.6838,48.2737],[11.6986,48.2697],[11.7022,48.2763],[11.7351,48.2789],[11.7382,48.2763],[11.7368,48.2842],[11.7391,48.296],[11.7602,48.2971],[11.7662,48.2978],[11.7682,48.305],[11.7644,48.3257],[11.7702,48.3317]]]}},{"type":"Feature","properties":{"ags":"09178133","name":"Hohenkammer","ewz":2716,"dist_km":32.1,"city":false,"warm_m2":18.04,"own_value":true,"m2_median":56,"share_median":0.324,"m2_p25":43,"share_p25":0.422},"geometry":{"type":"Polygon","coordinates":[[[11.5435,48.4604],[11.5353,48.4602],[11.518,48.4524],[11.5086,48.4417],[11.4932,48.4405],[11.505,48.4334],[11.5008,48.4158],[11.516,48.4035],[11.528,48.4004],[11.5318,48.3896],[11.5497,48.3905],[11.5442,48.3934],[11.5497,48.3943],[11.5539,48.3969],[11.5622,48.4034],[11.5632,48.406],[11.557,48.4208],[11.5632,48.4244],[11.5564,48.4443],[11.5535,48.4578],[11.5435,48.4604]]]}},{"type":"Feature","properties":{"ags":"09178136","name":"Kirchdorf a.d.Amper","ewz":3303,"dist_km":36.5,"city":false,"warm_m2":16.39,"own_value":true,"m2_median":61,"share_median":0.293,"m2_p25":47,"share_p25":0.382},"geometry":{"type":"Polygon","coordinates":[[[11.6571,48.4972],[11.6534,48.499],[11.6368,48.4866],[11.6377,48.4804],[11.6194,48.4639],[11.6129,48.4624],[11.6105,48.4565],[11.6122,48.4525],[11.6212,48.445],[11.6342,48.4457],[11.6391,48.4436],[11.6432,48.4431],[11.6425,48.4379],[11.6594,48.4322],[11.6712,48.4358],[11.6889,48.4252],[11.7004,48.4276],[11.7033,48.447],[11.7148,48.4483],[11.7191,48.449],[11.6989,48.4545],[11.6913,48.4626],[11.6883,48.4704],[11.6863,48.4705],[11.6763,48.4814],[11.6769,48.4929],[11.6676,48.4945],[11.6624,48.4985],[11.6571,48.4972]]]}},{"type":"Feature","properties":{"ags":"09178137","name":"Kranzberg","ewz":4263,"dist_km":30.4,"city":false,"warm_m2":16.38,"own_value":true,"m2_median":61,"share_median":0.295,"m2_p25":47,"share_p25":0.383},"geometry":{"type":"Polygon","coordinates":[[[11.6432,48.4431],[11.6391,48.4436],[11.6376,48.4442],[11.636,48.4354],[11.6197,48.422],[11.6075,48.4254],[11.5971,48.4165],[11.5925,48.4005],[11.5722,48.4005],[11.5639,48.4039],[11.5622,48.4034],[11.5539,48.3969],[11.5576,48.3875],[11.5613,48.3814],[11.5785,48.3775],[11.5872,48.383],[11.6131,48.3755],[11.6262,48.3739],[11.6467,48.3732],[11.6491,48.3724],[11.6523,48.3749],[11.649,48.3764],[11.6489,48.3811],[11.6412,48.3874],[11.6412,48.3945],[11.6514,48.4034],[11.6835,48.4059],[11.6811,48.4117],[11.6823,48.4135],[11.6912,48.4103],[11.7026,48.4256],[11.6889,48.4252],[11.6712,48.4358],[11.6594,48.4322],[11.6425,48.4379],[11.6432,48.4431]]]}},{"type":"Feature","properties":{"ags":"09178138","name":"Langenbach","ewz":4110,"dist_km":39.4,"city":false,"warm_m2":17.01,"own_value":true,"m2_median":59,"share_median":0.304,"m2_p25":46,"share_p25":0.395},"geometry":{"type":"Polygon","coordinates":[[[11.8833,48.4554],[11.8589,48.4545],[11.8154,48.4468],[11.8075,48.4494],[11.7982,48.4402],[11.801,48.4389],[11.8078,48.4374],[11.8077,48.4336],[11.8187,48.4187],[11.8391,48.4216],[11.8481,48.414],[11.8626,48.4122],[11.8848,48.4161],[11.9023,48.4234],[11.9116,48.4276],[11.8946,48.4374],[11.8833,48.4554]]]}},{"type":"Feature","properties":{"ags":"09178140","name":"Marzling","ewz":3311,"dist_km":35.1,"city":false,"warm_m2":19.84,"own_value":true,"m2_median":51,"share_median":0.356,"m2_p25":39,"share_p25":0.463},"geometry":{"type":"Polygon","coordinates":[[[11.801,48.4389],[11.7883,48.4394],[11.7811,48.4294],[11.7831,48.4134],[11.7904,48.4097],[11.7851,48.3824],[11.7781,48.3763],[11.7886,48.3713],[11.7856,48.3677],[11.792,48.3661],[11.8085,48.3807],[11.808,48.3894],[11.8196,48.3934],[11.8397,48.3953],[11.843,48.4002],[11.8398,48.4118],[11.8481,48.414],[11.8391,48.4216],[11.8187,48.4187],[11.8077,48.4336],[11.8078,48.4374],[11.801,48.4389]]]}},{"type":"Feature","properties":{"ags":"09178143","name":"Moosburg a.d.Isar","ewz":20027,"dist_km":45.8,"city":false,"warm_m2":16.58,"own_value":true,"m2_median":61,"share_median":0.295,"m2_p25":47,"share_p25":0.383},"geometry":{"type":"Polygon","coordinates":[[[12.0084,48.4849],[11.9855,48.4805],[11.9691,48.475],[11.9612,48.4746],[11.9539,48.4918],[11.9393,48.4922],[11.9278,48.4826],[11.91,48.4811],[11.8857,48.4868],[11.8769,48.485],[11.8738,48.4823],[11.8672,48.4768],[11.8752,48.4705],[11.8881,48.4579],[11.8833,48.4554],[11.8946,48.4374],[11.9116,48.4276],[11.92,48.4275],[11.9341,48.4352],[11.9351,48.4411],[11.9429,48.4465],[11.9602,48.4548],[11.9658,48.4548],[11.9756,48.4527],[11.9784,48.4446],[11.9948,48.4392],[12.006,48.4292],[12.0193,48.431],[12.0135,48.4444],[11.9953,48.4584],[12.0019,48.4711],[12.0015,48.4749],[12.0038,48.4763],[12.004,48.4787],[12.0084,48.4849]]]}},{"type":"Feature","properties":{"ags":"09178144","name":"Nandlstadt","ewz":5643,"dist_km":47.3,"city":false,"warm_m2":15.05,"own_value":true,"m2_median":67,"share_median":0.267,"m2_p25":52,"share_p25":0.348},"geometry":{"type":"Polygon","coordinates":[[[11.8319,48.5583],[11.8282,48.5628],[11.8153,48.5598],[11.7975,48.5608],[11.7915,48.5536],[11.7755,48.5499],[11.7699,48.5399],[11.7753,48.535],[11.7666,48.5259],[11.7649,48.5243],[11.7613,48.5171],[11.7669,48.508],[11.7837,48.5033],[11.7863,48.5011],[11.7908,48.5028],[11.7933,48.5044],[11.806,48.5117],[11.8139,48.5078],[11.8299,48.5057],[11.8368,48.5101],[11.8447,48.5089],[11.8496,48.5116],[11.8584,48.5086],[11.8638,48.5193],[11.869,48.5196],[11.8649,48.5217],[11.8553,48.5242],[11.8584,48.5339],[11.8569,48.5361],[11.8471,48.548],[11.8319,48.5583]]]}},{"type":"Feature","properties":{"ags":"09178145","name":"Neufahrn b.Freising","ewz":20819,"dist_km":22.4,"city":false,"warm_m2":20.82,"own_value":true,"m2_median":48,"share_median":0.377,"m2_p25":37,"share_p25":0.491},"geometry":{"type":"Polygon","coordinates":[[[11.6467,48.3732],[11.6262,48.3739],[11.6209,48.3743],[11.6251,48.3679],[11.6175,48.3571],[11.5961,48.3539],[11.6035,48.3335],[11.6046,48.3307],[11.6096,48.3292],[11.6121,48.3279],[11.6163,48.3194],[11.6366,48.3222],[11.6501,48.3076],[11.644,48.3051],[11.6554,48.291],[11.6738,48.2903],[11.6803,48.2948],[11.6886,48.2948],[11.6898,48.299],[11.6957,48.2988],[11.7,48.3087],[11.7041,48.3229],[11.7038,48.3286],[11.7054,48.3311],[11.6984,48.3309],[11.6781,48.3587],[11.6829,48.3664],[11.6699,48.3733],[11.6631,48.3686],[11.6467,48.3732]]]}},{"type":"Feature","properties":{"ags":"09178113","name":"Allershausen","ewz":6271,"dist_km":32.4,"city":false,"warm_m2":18.24,"own_value":true,"m2_median":55,"share_median":0.328,"m2_p25":42,"share_p25":0.426},"geometry":{"type":"Polygon","coordinates":[[[11.6063,48.4653],[11.6033,48.4671],[11.5944,48.4607],[11.555,48.4543],[11.5564,48.4443],[11.5632,48.4244],[11.557,48.4208],[11.5632,48.406],[11.5639,48.4039],[11.5722,48.4005],[11.5925,48.4005],[11.5971,48.4165],[11.6075,48.4254],[11.6197,48.422],[11.636,48.4354],[11.6376,48.4442],[11.6342,48.4457],[11.6212,48.445],[11.6122,48.4525],[11.6105,48.4565],[11.6129,48.4624],[11.614,48.4632],[11.6083,48.4661],[11.6063,48.4653]]]}},{"type":"Feature","properties":{"ags":"09178150","name":"Paunzhausen","ewz":1605,"dist_km":37.1,"city":false,"warm_m2":14.19,"own_value":true,"m2_median":71,"share_median":0.254,"m2_p25":54,"share_p25":0.33},"geometry":{"type":"Polygon","coordinates":[[[11.576,48.4826],[11.5736,48.4856],[11.5766,48.4874],[11.5699,48.4899],[11.56,48.4908],[11.5487,48.4824],[11.5492,48.4791],[11.5441,48.4765],[11.5353,48.4716],[11.5356,48.4692],[11.5291,48.469],[11.5346,48.464],[11.5435,48.4604],[11.5535,48.4578],[11.555,48.4543],[11.5944,48.4607],[11.6033,48.4671],[11.5959,48.4718],[11.5933,48.4785],[11.576,48.4826]]]}},{"type":"Feature","properties":{"ags":"09178155","name":"Wang","ewz":2551,"dist_km":46.3,"city":false,"warm_m2":15.18,"own_value":true,"m2_median":67,"share_median":0.27,"m2_p25":51,"share_p25":0.351},"geometry":{"type":"Polygon","coordinates":[[[11.9573,48.5286],[11.9535,48.5325],[11.941,48.5244],[11.9453,48.512],[11.9369,48.5098],[11.927,48.5031],[11.9084,48.4981],[11.8961,48.4934],[11.8825,48.5006],[11.8639,48.517],[11.8638,48.5193],[11.8584,48.5086],[11.8496,48.5116],[11.8447,48.5089],[11.8368,48.5101],[11.8352,48.5048],[11.836,48.4938],[11.8562,48.485],[11.8648,48.476],[11.8663,48.4772],[11.8672,48.4768],[11.8738,48.4823],[11.8769,48.485],[11.8857,48.4868],[11.91,48.4811],[11.9278,48.4826],[11.9393,48.4922],[11.9539,48.4918],[11.9612,48.4746],[11.9691,48.475],[11.9855,48.4805],[12.0084,48.4849],[12.0072,48.4859],[12.0109,48.4954],[12.0077,48.4966],[11.9885,48.4918],[11.9656,48.4964],[11.9573,48.5003],[11.9691,48.5067],[11.9706,48.5139],[11.9668,48.5228],[11.9646,48.5234],[11.9642,48.5268],[11.9614,48.5323],[11.9592,48.5318],[11.9573,48.5286]]]}},{"type":"Feature","properties":{"ags":"09178115","name":"Attenkirchen","ewz":2774,"dist_km":42.9,"city":false,"warm_m2":16.53,"own_value":true,"m2_median":61,"share_median":0.295,"m2_p25":47,"share_p25":0.383},"geometry":{"type":"Polygon","coordinates":[[[11.7287,48.5226],[11.7097,48.5238],[11.706,48.5194],[11.7129,48.5166],[11.7117,48.5122],[11.7227,48.5083],[11.7345,48.5015],[11.7515,48.486],[11.765,48.4832],[11.7771,48.4794],[11.7904,48.4868],[11.7893,48.4962],[11.7837,48.5033],[11.7669,48.508],[11.7613,48.5171],[11.7649,48.5243],[11.763,48.5245],[11.7373,48.5257],[11.7287,48.5226]]]}},{"type":"Feature","properties":{"ags":"09178129","name":"Haag a.d.Amper","ewz":2956,"dist_km":41.9,"city":false,"warm_m2":14.9,"own_value":true,"m2_median":68,"share_median":0.266,"m2_p25":52,"share_p25":0.346},"geometry":{"type":"Polygon","coordinates":[[[11.836,48.4938],[11.8014,48.49],[11.7974,48.4649],[11.8128,48.461],[11.8103,48.4497],[11.8154,48.4468],[11.8589,48.4545],[11.8881,48.4579],[11.8752,48.4705],[11.8663,48.4772],[11.8648,48.476],[11.8562,48.485],[11.836,48.4938]]]}},{"type":"Feature","properties":{"ags":"09178156","name":"Wolfersdorf","ewz":2556,"dist_km":41.1,"city":false,"warm_m2":15.21,"own_value":true,"m2_median":66,"share_median":0.271,"m2_p25":51,"share_p25":0.353},"geometry":{"type":"Polygon","coordinates":[[[11.7129,48.5166],[11.7021,48.5205],[11.6838,48.5117],[11.6636,48.5101],[11.6608,48.5126],[11.6599,48.5015],[11.6676,48.4945],[11.6769,48.4929],[11.6763,48.4814],[11.6863,48.4705],[11.6942,48.4704],[11.7132,48.4709],[11.7507,48.4756],[11.7515,48.486],[11.7345,48.5015],[11.7227,48.5083],[11.7117,48.5122],[11.7129,48.5166]]]}},{"type":"Feature","properties":{"ags":"09178157","name":"Zolling","ewz":5090,"dist_km":40.8,"city":false,"warm_m2":16.06,"own_value":true,"m2_median":63,"share_median":0.287,"m2_p25":48,"share_p25":0.373},"geometry":{"type":"Polygon","coordinates":[[[11.806,48.5117],[11.7933,48.5044],[11.7908,48.5028],[11.7863,48.5011],[11.7893,48.4962],[11.7904,48.4868],[11.7771,48.4794],[11.765,48.4832],[11.7507,48.4756],[11.7132,48.4709],[11.6942,48.4704],[11.6883,48.4704],[11.6913,48.4626],[11.6989,48.4545],[11.7191,48.449],[11.7222,48.449],[11.7549,48.4426],[11.7834,48.4427],[11.7883,48.4394],[11.7982,48.4402],[11.8075,48.4494],[11.8103,48.4497],[11.8128,48.461],[11.7974,48.4649],[11.8014,48.49],[11.836,48.4938],[11.8352,48.5048],[11.8299,48.5057],[11.8139,48.5078],[11.806,48.5117]]]}},{"type":"Feature","properties":{"ags":"09179113","name":"Alling","ewz":4072,"dist_km":21,"city":false,"warm_m2":20.7,"own_value":true,"m2_median":48,"share_median":0.375,"m2_p25":37,"share_p25":0.488},"geometry":{"type":"Polygon","coordinates":[[[11.276,48.1627],[11.2734,48.1641],[11.2616,48.1648],[11.2511,48.1537],[11.2305,48.146],[11.2234,48.1351],[11.2344,48.1291],[11.2427,48.1308],[11.2632,48.1362],[11.2749,48.1304],[11.288,48.1311],[11.3038,48.1258],[11.3061,48.1201],[11.31,48.1209],[11.3124,48.1195],[11.319,48.1235],[11.3208,48.1326],[11.3298,48.1366],[11.3173,48.1524],[11.2989,48.1541],[11.2882,48.1618],[11.2843,48.1628],[11.276,48.1627]]]}},{"type":"Feature","properties":{"ags":"09179117","name":"Egenhofen","ewz":3542,"dist_km":30.9,"city":false,"warm_m2":16.56,"own_value":true,"m2_median":60,"share_median":0.298,"m2_p25":46,"share_p25":0.387},"geometry":{"type":"Polygon","coordinates":[[[11.193,48.2896],[11.1773,48.2967],[11.1561,48.2893],[11.1537,48.2898],[11.1587,48.279],[11.1464,48.2714],[11.1395,48.27],[11.1404,48.2687],[11.134,48.2625],[11.1422,48.259],[11.1428,48.2576],[11.1642,48.2527],[11.168,48.2494],[11.1703,48.2358],[11.163,48.2324],[11.1673,48.2323],[11.1877,48.2186],[11.1999,48.2201],[11.2011,48.2192],[11.2107,48.2307],[11.2106,48.241],[11.2324,48.2745],[11.2324,48.2769],[11.2263,48.2817],[11.2138,48.2818],[11.198,48.2829],[11.193,48.2896]]]}},{"type":"Feature","properties":{"ags":"09179118","name":"Eichenau","ewz":11765,"dist_km":18.5,"city":false,"warm_m2":20.12,"own_value":true,"m2_median":49,"share_median":0.365,"m2_p25":38,"share_p25":0.475},"geometry":{"type":"Polygon","coordinates":[[[11.3288,48.1801],[11.2887,48.1624],[11.2981,48.1544],[11.3199,48.1527],[11.324,48.1548],[11.3313,48.1689],[11.3396,48.1747],[11.3403,48.18],[11.3293,48.1792],[11.3288,48.1801]]]}},{"type":"Feature","properties":{"ags":"09179119","name":"Emmering","ewz":7068,"dist_km":20,"city":false,"warm_m2":20.71,"own_value":true,"m2_median":48,"share_median":0.375,"m2_p25":37,"share_p25":0.489},"geometry":{"type":"Polygon","coordinates":[[[11.2948,48.1929],[11.285,48.198],[11.2809,48.1953],[11.2665,48.1912],[11.2843,48.1628],[11.2887,48.1624],[11.3288,48.1801],[11.3278,48.1863],[11.3137,48.1946],[11.2948,48.1929]]]}},{"type":"Feature","properties":{"ags":"09179121","name":"Fürstenfeldbruck","ewz":38187,"dist_km":25.1,"city":false,"warm_m2":19.78,"own_value":true,"m2_median":50,"share_median":0.357,"m2_p25":39,"share_p25":0.465},"geometry":{"type":"Polygon","coordinates":[[[11.2827,48.2007],[11.233,48.203],[11.2009,48.1971],[11.1956,48.1928],[11.1933,48.1931],[11.1913,48.19],[11.1817,48.189],[11.1809,48.1842],[11.1777,48.1817],[11.1722,48.1814],[11.173,48.1788],[11.1757,48.1792],[11.1754,48.1737],[11.1995,48.1593],[11.2048,48.1533],[11.2149,48.1572],[11.2284,48.1529],[11.2273,48.1469],[11.2305,48.146],[11.2511,48.1537],[11.2616,48.1648],[11.2734,48.1641],[11.276,48.1627],[11.2843,48.1628],[11.2665,48.1912],[11.2809,48.1953],[11.285,48.198],[11.2828,48.1991],[11.2827,48.2007]]]}},{"type":"Feature","properties":{"ags":"09179123","name":"Germering","ewz":41822,"dist_km":15.2,"city":false,"warm_m2":22,"own_value":true,"m2_median":45,"share_median":0.399,"m2_p25":35,"share_p25":0.52},"geometry":{"type":"Polygon","coordinates":[[[11.389,48.1478],[11.3712,48.1584],[11.3609,48.1581],[11.3598,48.1559],[11.3458,48.1384],[11.3298,48.1366],[11.3208,48.1326],[11.319,48.1235],[11.3124,48.1195],[11.31,48.1209],[11.3061,48.1201],[11.3066,48.1192],[11.335,48.1121],[11.3485,48.1058],[11.3712,48.1152],[11.3827,48.1064],[11.3829,48.1098],[11.3899,48.12],[11.4004,48.1165],[11.4125,48.1271],[11.4006,48.1252],[11.3879,48.1291],[11.3914,48.1418],[11.389,48.1478]]]}},{"type":"Feature","properties":{"ags":"09179126","name":"Gröbenzell","ewz":19731,"dist_km":14.9,"city":false,"warm_m2":21.53,"own_value":true,"m2_median":46,"share_median":0.39,"m2_p25":35,"share_p25":0.509},"geometry":{"type":"Polygon","coordinates":[[[11.3935,48.2005],[11.3862,48.206],[11.3618,48.2006],[11.3554,48.188],[11.3594,48.1877],[11.3604,48.1844],[11.3674,48.1846],[11.3675,48.1867],[11.3734,48.1859],[11.3741,48.1782],[11.3924,48.184],[11.3922,48.2005],[11.3935,48.2005]]]}},{"type":"Feature","properties":{"ags":"09179134","name":"Maisach","ewz":14256,"dist_km":24.7,"city":false,"warm_m2":19.31,"own_value":true,"m2_median":52,"share_median":0.349,"m2_p25":40,"share_p25":0.454},"geometry":{"type":"Polygon","coordinates":[[[11.2522,48.2612],[11.2467,48.2655],[11.2481,48.27],[11.2324,48.2745],[11.2106,48.241],[11.2107,48.2307],[11.2011,48.2192],[11.2027,48.2168],[11.1877,48.2062],[11.1903,48.1934],[11.1956,48.1928],[11.2009,48.1971],[11.233,48.203],[11.2827,48.2007],[11.2838,48.1986],[11.2912,48.2031],[11.2937,48.2068],[11.3279,48.2241],[11.3253,48.2261],[11.3238,48.2297],[11.3109,48.2321],[11.2937,48.2605],[11.288,48.2625],[11.2811,48.2623],[11.2522,48.2612]]]}},{"type":"Feature","properties":{"ags":"09179138","name":"Moorenweis","ewz":4244,"dist_km":37.4,"city":false,"warm_m2":16.39,"own_value":true,"m2_median":61,"share_median":0.293,"m2_p25":47,"share_p25":0.381},"geometry":{"type":"Polygon","coordinates":[[[11.0592,48.1961],[11.0553,48.1954],[11.0551,48.1968],[11.0456,48.1972],[11.0368,48.1916],[11.0345,48.193],[11.025,48.1782],[10.9983,48.1775],[10.9951,48.1711],[11.0141,48.1618],[11.0056,48.1551],[11.0276,48.1482],[11.0419,48.1482],[11.0478,48.1372],[11.0605,48.139],[11.0597,48.1251],[11.0598,48.1219],[11.069,48.1203],[11.0846,48.1287],[11.1013,48.1262],[11.1077,48.1275],[11.1087,48.1314],[11.1137,48.1356],[11.126,48.135],[11.1332,48.1353],[11.1359,48.1412],[11.1186,48.1438],[11.1042,48.1533],[11.1023,48.1643],[11.1043,48.1688],[11.0983,48.1778],[11.1014,48.1897],[11.0827,48.1959],[11.063,48.1949],[11.0591,48.1944],[11.0592,48.1961]]]}},{"type":"Feature","properties":{"ags":"09179142","name":"Olching","ewz":28052,"dist_km":17.2,"city":false,"warm_m2":21.01,"own_value":true,"m2_median":47,"share_median":0.381,"m2_p25":36,"share_p25":0.497},"geometry":{"type":"Polygon","coordinates":[[[11.405,48.219],[11.3975,48.227],[11.3842,48.227],[11.3787,48.2353],[11.3683,48.237],[11.3373,48.2337],[11.3249,48.2274],[11.3279,48.2241],[11.2937,48.2068],[11.2912,48.2031],[11.2838,48.1986],[11.2948,48.1929],[11.3137,48.1946],[11.3278,48.1863],[11.3293,48.1792],[11.3403,48.18],[11.3401,48.1781],[11.3496,48.1791],[11.3594,48.1861],[11.3554,48.188],[11.3618,48.2006],[11.3862,48.206],[11.3935,48.2005],[11.402,48.2012],[11.404,48.2083],[11.4081,48.2106],[11.4014,48.21],[11.405,48.219]]]}},{"type":"Feature","properties":{"ags":"09179145","name":"Puchheim","ewz":21410,"dist_km":16.1,"city":false,"warm_m2":20.9,"own_value":true,"m2_median":47,"share_median":0.379,"m2_p25":36,"share_p25":0.494},"geometry":{"type":"Polygon","coordinates":[[[11.3691,48.176],[11.3734,48.1859],[11.3675,48.1867],[11.3674,48.1846],[11.3604,48.1844],[11.3594,48.1861],[11.3496,48.1791],[11.3401,48.1781],[11.3396,48.1747],[11.3313,48.1689],[11.324,48.1548],[11.3173,48.1524],[11.3298,48.1366],[11.3458,48.1384],[11.3598,48.1559],[11.3627,48.1631],[11.3656,48.1644],[11.3691,48.176]]]}},{"type":"Feature","properties":{"ags":"09179149","name":"Türkenfeld","ewz":3727,"dist_km":34.9,"city":false,"warm_m2":18.94,"own_value":true,"m2_median":53,"share_median":0.339,"m2_p25":41,"share_p25":0.442},"geometry":{"type":"Polygon","coordinates":[[[11.0846,48.1287],[11.069,48.1203],[11.0598,48.1219],[11.0616,48.1188],[11.0564,48.1073],[11.0599,48.1017],[11.0685,48.0977],[11.0837,48.0967],[11.0858,48.0926],[11.0893,48.0878],[11.1035,48.0919],[11.1318,48.0951],[11.132,48.0966],[11.137,48.0976],[11.1342,48.0995],[11.1372,48.1032],[11.1403,48.1061],[11.1295,48.1073],[11.1259,48.1102],[11.1074,48.1145],[11.1031,48.1264],[11.0982,48.1261],[11.0957,48.1273],[11.0846,48.1287]]]}},{"type":"Feature","properties":{"ags":"09179111","name":"Adelshofen","ewz":1844,"dist_km":33.5,"city":false,"warm_m2":15.5,"own_value":true,"m2_median":65,"share_median":0.278,"m2_p25":50,"share_p25":0.362},"geometry":{"type":"Polygon","coordinates":[[[11.1171,48.2063],[11.1066,48.2028],[11.0947,48.2077],[11.0897,48.2138],[11.0886,48.2116],[11.0846,48.21],[11.0607,48.2018],[11.0602,48.199],[11.0586,48.1982],[11.0591,48.1944],[11.063,48.1949],[11.0827,48.1959],[11.1014,48.1897],[11.0983,48.1778],[11.1043,48.1688],[11.1029,48.1676],[11.1107,48.1669],[11.12,48.1675],[11.1288,48.1904],[11.1425,48.1924],[11.1428,48.1997],[11.1247,48.2038],[11.1171,48.2063]]]}},{"type":"Feature","properties":{"ags":"09179114","name":"Althegnenberg","ewz":2111,"dist_km":37.8,"city":false,"warm_m2":16.99,"own_value":true,"m2_median":59,"share_median":0.304,"m2_p25":46,"share_p25":0.395},"geometry":{"type":"Polygon","coordinates":[[[11.0634,48.2549],[11.0468,48.2565],[11.0442,48.2499],[11.0571,48.2504],[11.0572,48.2412],[11.0402,48.236],[11.0415,48.2299],[11.049,48.2242],[11.043,48.2224],[11.0386,48.2223],[11.0387,48.2214],[11.0572,48.2123],[11.0605,48.2007],[11.0607,48.2018],[11.0846,48.21],[11.0886,48.2116],[11.0897,48.2138],[11.0947,48.2077],[11.1066,48.2028],[11.1171,48.2063],[11.1155,48.2071],[11.1165,48.2083],[11.1144,48.2098],[11.1044,48.2204],[11.093,48.2205],[11.0863,48.2314],[11.0892,48.2329],[11.0817,48.2411],[11.0631,48.2518],[11.0634,48.2549]]]}},{"type":"Feature","properties":{"ags":"09179128","name":"Hattenhofen","ewz":1606,"dist_km":34.4,"city":false,"warm_m2":16.17,"own_value":true,"m2_median":62,"share_median":0.29,"m2_p25":48,"share_p25":0.377},"geometry":{"type":"Polygon","coordinates":[[[11.1141,48.234],[11.1053,48.2371],[11.0906,48.2335],[11.0863,48.2314],[11.093,48.2205],[11.1044,48.2204],[11.1144,48.2098],[11.1267,48.2082],[11.1343,48.2244],[11.1353,48.2267],[11.1309,48.2278],[11.1174,48.2329],[11.1141,48.234]]]}},{"type":"Feature","properties":{"ags":"09179130","name":"Jesenwang","ewz":1693,"dist_km":32.3,"city":false,"warm_m2":18.32,"own_value":true,"m2_median":55,"share_median":0.329,"m2_p25":42,"share_p25":0.428},"geometry":{"type":"Polygon","coordinates":[[[11.1428,48.1884],[11.1454,48.1946],[11.1429,48.1945],[11.1425,48.1924],[11.1288,48.1904],[11.12,48.1675],[11.1107,48.1669],[11.1029,48.1676],[11.1023,48.1643],[11.1042,48.1533],[11.1186,48.1438],[11.1359,48.1412],[11.1507,48.1476],[11.1535,48.1383],[11.1598,48.1408],[11.1661,48.1457],[11.1677,48.1483],[11.1637,48.1462],[11.1492,48.1551],[11.1523,48.1693],[11.1566,48.1784],[11.1607,48.1818],[11.16,48.1836],[11.1428,48.1884]]]}},{"type":"Feature","properties":{"ags":"09179132","name":"Landsberied","ewz":1621,"dist_km":29,"city":false,"warm_m2":18.19,"own_value":true,"m2_median":55,"share_median":0.327,"m2_p25":42,"share_p25":0.426},"geometry":{"type":"Polygon","coordinates":[[[11.1621,48.1792],[11.1607,48.1818],[11.1566,48.1784],[11.1523,48.1693],[11.1492,48.1551],[11.1637,48.1462],[11.1667,48.1491],[11.17,48.1478],[11.1693,48.1391],[11.2048,48.1533],[11.1995,48.1593],[11.1754,48.1737],[11.1757,48.1792],[11.1642,48.1778],[11.1621,48.1792]]]}},{"type":"Feature","properties":{"ags":"09179136","name":"Mammendorf","ewz":5047,"dist_km":30.9,"city":false,"warm_m2":18.93,"own_value":true,"m2_median":53,"share_median":0.34,"m2_p25":41,"share_p25":0.443},"geometry":{"type":"Polygon","coordinates":[[[11.1522,48.229],[11.1493,48.2333],[11.1364,48.2264],[11.1353,48.2267],[11.1343,48.2244],[11.1267,48.2082],[11.1165,48.2083],[11.1155,48.2071],[11.1247,48.2038],[11.1428,48.1997],[11.1429,48.1945],[11.1454,48.1946],[11.1428,48.1884],[11.16,48.1836],[11.1621,48.1792],[11.1642,48.1778],[11.173,48.1788],[11.1722,48.1814],[11.1777,48.1817],[11.1809,48.1842],[11.1817,48.189],[11.1913,48.19],[11.1933,48.1931],[11.1903,48.1934],[11.1877,48.2062],[11.2027,48.2168],[11.1999,48.2201],[11.1877,48.2186],[11.1673,48.2323],[11.156,48.2274],[11.1522,48.229]]]}},{"type":"Feature","properties":{"ags":"09179137","name":"Mittelstetten","ewz":1727,"dist_km":36.2,"city":false,"warm_m2":16.2,"own_value":true,"m2_median":62,"share_median":0.29,"m2_p25":48,"share_p25":0.377},"geometry":{"type":"Polygon","coordinates":[[[11.1116,48.2665],[11.0962,48.2603],[11.078,48.2784],[11.0637,48.274],[11.0619,48.2742],[11.0611,48.2727],[11.0596,48.2727],[11.0615,48.2682],[11.0666,48.2553],[11.0634,48.2549],[11.0631,48.2518],[11.0817,48.2411],[11.0892,48.2329],[11.0906,48.2335],[11.1053,48.2371],[11.1141,48.234],[11.117,48.2349],[11.121,48.2382],[11.1245,48.2406],[11.1427,48.2539],[11.1422,48.259],[11.134,48.2625],[11.1404,48.2687],[11.1395,48.27],[11.1373,48.2694],[11.137,48.2713],[11.1208,48.2698],[11.1116,48.2665]]]}},{"type":"Feature","properties":{"ags":"09179140","name":"Oberschweinbach","ewz":1809,"dist_km":32.6,"city":false,"warm_m2":16.64,"own_value":true,"m2_median":60,"share_median":0.299,"m2_p25":46,"share_p25":0.389},"geometry":{"type":"Polygon","coordinates":[[[11.1642,48.2527],[11.1428,48.2576],[11.1427,48.2539],[11.1245,48.2406],[11.121,48.2382],[11.117,48.2349],[11.1174,48.2329],[11.1309,48.2278],[11.1364,48.2264],[11.1493,48.2333],[11.1522,48.229],[11.156,48.2274],[11.163,48.2324],[11.1703,48.2358],[11.168,48.2494],[11.1642,48.2527]]]}},{"type":"Feature","properties":{"ags":"09179125","name":"Grafrath","ewz":4052,"dist_km":29.3,"city":false,"warm_m2":19.4,"own_value":true,"m2_median":52,"share_median":0.349,"m2_p25":40,"share_p25":0.455},"geometry":{"type":"Polygon","coordinates":[[[11.1693,48.1391],[11.1677,48.1483],[11.1661,48.1457],[11.1598,48.1408],[11.1535,48.1383],[11.1507,48.1476],[11.1359,48.1412],[11.1332,48.1353],[11.1499,48.1274],[11.1484,48.1152],[11.1432,48.109],[11.1525,48.1046],[11.1848,48.0995],[11.186,48.0968],[11.1902,48.0977],[11.192,48.1006],[11.1957,48.1047],[11.2017,48.1097],[11.1995,48.1107],[11.1962,48.117],[11.1888,48.1149],[11.1807,48.1155],[11.1762,48.1171],[11.188,48.1274],[11.1864,48.1372],[11.1693,48.1391]]]}},{"type":"Feature","properties":{"ags":"09179131","name":"Kottgeisering","ewz":1609,"dist_km":32.2,"city":false,"warm_m2":17.96,"own_value":true,"m2_median":56,"share_median":0.323,"m2_p25":43,"share_p25":0.42},"geometry":{"type":"Polygon","coordinates":[[[11.1332,48.1353],[11.126,48.135],[11.116,48.1359],[11.1121,48.135],[11.1084,48.131],[11.1081,48.1279],[11.1031,48.1264],[11.1074,48.1145],[11.1259,48.1102],[11.1295,48.1073],[11.1403,48.1061],[11.1484,48.1152],[11.1499,48.1274],[11.1332,48.1353]]]}},{"type":"Feature","properties":{"ags":"09179147","name":"Schöngeising","ewz":1937,"dist_km":26.1,"city":false,"warm_m2":19.05,"own_value":true,"m2_median":52,"share_median":0.344,"m2_p25":40,"share_p25":0.448},"geometry":{"type":"Polygon","coordinates":[[[11.2284,48.1529],[11.2149,48.1572],[11.1693,48.1391],[11.1864,48.1372],[11.188,48.1274],[11.1762,48.1171],[11.1807,48.1155],[11.1888,48.1149],[11.1962,48.117],[11.1987,48.1123],[11.2059,48.1157],[11.2115,48.1132],[11.2128,48.1144],[11.2133,48.1167],[11.234,48.1264],[11.2234,48.1351],[11.2305,48.146],[11.2273,48.1469],[11.2284,48.1529]]]}},{"type":"Feature","properties":{"ags":"09181114","name":"Dießen am Ammersee","ewz":10596,"dist_km":43.5,"city":false,"warm_m2":17.6,"own_value":true,"m2_median":57,"share_median":0.313,"m2_p25":44,"share_p25":0.408},"geometry":{"type":"Polygon","coordinates":[[[11.099,47.9952],[11.0974,48.0005],[11.0905,48.0031],[11.053,47.9928],[11.0479,47.9977],[11.0439,47.9936],[11.0178,47.9926],[11.0113,47.9973],[10.9899,47.9914],[10.971,47.9863],[10.9673,47.9814],[10.996,47.9717],[10.9823,47.9646],[10.9777,47.9621],[10.9777,47.9524],[10.9911,47.9487],[10.9904,47.9447],[10.9995,47.9332],[10.9991,47.9305],[11.0217,47.9262],[11.0159,47.9111],[11.019,47.9048],[11.0184,47.9085],[11.0216,47.9091],[11.0352,47.8986],[11.0477,47.9015],[11.0658,47.8986],[11.0846,47.9069],[11.072,47.9202],[11.0859,47.9235],[11.1042,47.9235],[11.1131,47.9255],[11.1226,47.9328],[11.1241,47.9353],[11.1273,47.9368],[11.1305,47.9439],[11.1239,47.9507],[11.1225,47.951],[11.1161,47.949],[11.1071,47.9553],[11.1094,47.9606],[11.0983,47.9813],[11.099,47.9952]]]}},{"type":"Feature","properties":{"ags":"09181116","name":"Egling a.d.Paar","ewz":2451,"dist_km":42.7,"city":false,"warm_m2":14.79,"own_value":true,"m2_median":68,"share_median":0.264,"m2_p25":53,"share_p25":0.343},"geometry":{"type":"Polygon","coordinates":[[[11.0357,48.1948],[10.982,48.2098],[10.961,48.1989],[10.9573,48.1889],[10.9479,48.1835],[10.9525,48.1704],[10.9582,48.1677],[10.972,48.1731],[10.9759,48.1714],[10.9977,48.1562],[11.0047,48.1562],[11.0141,48.1618],[10.9951,48.1711],[10.9983,48.1775],[11.025,48.1782],[11.0345,48.193],[11.0357,48.1948]]]}},{"type":"Feature","properties":{"ags":"09181122","name":"Geltendorf","ewz":6005,"dist_km":41.9,"city":false,"warm_m2":16.86,"own_value":true,"m2_median":60,"share_median":0.301,"m2_p25":46,"share_p25":0.391},"geometry":{"type":"Polygon","coordinates":[[[10.9759,48.1714],[10.972,48.1731],[10.9582,48.1677],[10.9632,48.1529],[10.9606,48.1521],[10.9646,48.1466],[10.9502,48.1445],[10.9444,48.1386],[10.9673,48.1239],[10.9811,48.1258],[10.9919,48.1154],[11.0078,48.1172],[11.0183,48.1103],[11.0215,48.1054],[11.0271,48.1045],[11.0556,48.1037],[11.0564,48.1073],[11.0616,48.1188],[11.0595,48.1213],[11.0597,48.1251],[11.0605,48.139],[11.0478,48.1372],[11.0419,48.1482],[11.0276,48.1482],[11.0056,48.1551],[11.0047,48.1562],[10.9977,48.1562],[10.9759,48.1714]]]}},{"type":"Feature","properties":{"ags":"09181132","name":"Penzing","ewz":4305,"dist_km":46.5,"city":false,"warm_m2":14.41,"own_value":true,"m2_median":70,"share_median":0.256,"m2_p25":54,"share_p25":0.333},"geometry":{"type":"Polygon","coordinates":[[[10.9897,48.0868],[10.9764,48.0941],[10.9458,48.0946],[10.9269,48.1066],[10.9049,48.1087],[10.8861,48.1198],[10.8864,48.1164],[10.898,48.0963],[10.8962,48.0807],[10.8938,48.0757],[10.8969,48.0689],[10.9118,48.0592],[10.9293,48.0651],[10.9457,48.0589],[10.9467,48.0484],[10.9696,48.0405],[10.9727,48.0439],[10.9807,48.0486],[10.985,48.0504],[10.9858,48.0514],[10.9833,48.0742],[10.9856,48.078],[10.9897,48.0868]]]}},{"type":"Feature","properties":{"ags":"09181144","name":"Utting am Ammersee","ewz":4725,"dist_km":38.7,"city":false,"warm_m2":19.05,"own_value":true,"m2_median":53,"share_median":0.34,"m2_p25":41,"share_p25":0.443},"geometry":{"type":"Polygon","coordinates":[[[11.0515,48.042],[11.0487,48.0414],[11.0387,48.0351],[11.0355,48.0357],[11.0487,48.0153],[11.0538,47.9968],[11.053,47.9928],[11.0905,48.0031],[11.0974,48.0005],[11.0961,48.0152],[11.0967,48.0311],[11.0975,48.0344],[11.0936,48.0356],[11.094,48.0396],[11.0862,48.0431],[11.0775,48.0396],[11.0651,48.0396],[11.064,48.0416],[11.0515,48.042]]]}},{"type":"Feature","properties":{"ags":"09181145","name":"Weil","ewz":4018,"dist_km":47.1,"city":false,"warm_m2":15.03,"own_value":true,"m2_median":67,"share_median":0.267,"m2_p25":52,"share_p25":0.347},"geometry":{"type":"Polygon","coordinates":[[[10.9538,48.1682],[10.9312,48.161],[10.9195,48.1597],[10.8958,48.1443],[10.8899,48.1274],[10.8886,48.125],[10.8821,48.1242],[10.8849,48.1224],[10.8861,48.1198],[10.9049,48.1087],[10.9269,48.1066],[10.9458,48.0946],[10.9764,48.0941],[10.9897,48.0868],[10.9985,48.0849],[11.022,48.1042],[11.0183,48.1103],[11.0078,48.1172],[10.9919,48.1154],[10.9811,48.1258],[10.9673,48.1239],[10.9444,48.1386],[10.9502,48.1445],[10.9646,48.1466],[10.9606,48.1521],[10.9632,48.1529],[10.9538,48.1682]]]}},{"type":"Feature","properties":{"ags":"09181134","name":"Prittriching","ewz":2672,"dist_km":47.5,"city":false,"warm_m2":14.56,"own_value":true,"m2_median":70,"share_median":0.259,"m2_p25":54,"share_p25":0.336},"geometry":{"type":"Polygon","coordinates":[[[10.9281,48.2346],[10.9034,48.2367],[10.8998,48.2182],[10.8905,48.1911],[10.9037,48.1904],[10.9245,48.1659],[10.9197,48.1637],[10.9312,48.161],[10.9538,48.1682],[10.9525,48.1704],[10.9479,48.1835],[10.9573,48.1889],[10.961,48.1989],[10.9439,48.2069],[10.947,48.2197],[10.9332,48.2247],[10.9281,48.2346]]]}},{"type":"Feature","properties":{"ags":"09181124","name":"Hofstetten","ewz":1932,"dist_km":46.1,"city":false,"warm_m2":15.36,"own_value":true,"m2_median":66,"share_median":0.273,"m2_p25":51,"share_p25":0.355},"geometry":{"type":"Polygon","coordinates":[[[10.9762,48.0263],[10.9751,48.0286],[10.9719,48.0282],[10.9626,48.0188],[10.9491,48.0166],[10.9426,48.0048],[10.9437,47.9958],[10.9275,47.9877],[10.9306,47.9817],[10.9545,47.9804],[10.9638,47.9886],[10.968,47.9847],[10.971,47.9863],[10.9899,47.9914],[11.007,48.0027],[10.9915,48.0188],[10.9762,48.0263]]]}},{"type":"Feature","properties":{"ags":"09181115","name":"Eching am Ammersee","ewz":1700,"dist_km":33.8,"city":false,"warm_m2":17.67,"own_value":true,"m2_median":57,"share_median":0.317,"m2_p25":44,"share_p25":0.412},"geometry":{"type":"Polygon","coordinates":[[[11.1347,48.0908],[11.1388,48.0953],[11.1388,48.0969],[11.137,48.0976],[11.132,48.0966],[11.1318,48.0951],[11.1035,48.0919],[11.1004,48.0888],[11.1023,48.0884],[11.1003,48.0832],[11.0989,48.0709],[11.0979,48.0683],[11.1033,48.0695],[11.1058,48.0637],[11.1092,48.0687],[11.1131,48.0709],[11.1157,48.0711],[11.1244,48.0758],[11.1344,48.0813],[11.1361,48.0879],[11.1347,48.0908]]]}},{"type":"Feature","properties":{"ags":"09181123","name":"Greifenberg","ewz":2250,"dist_km":36.2,"city":false,"warm_m2":17.26,"own_value":true,"m2_median":58,"share_median":0.309,"m2_p25":45,"share_p25":0.402},"geometry":{"type":"Polygon","coordinates":[[[11.0858,48.0926],[11.0837,48.0967],[11.0782,48.096],[11.0605,48.0782],[11.0554,48.0769],[11.052,48.0717],[11.0648,48.0656],[11.0749,48.0613],[11.0879,48.0664],[11.0979,48.0692],[11.0989,48.0709],[11.1003,48.0832],[11.1023,48.0884],[11.1004,48.0888],[11.0893,48.0878],[11.0858,48.0926]]]}},{"type":"Feature","properties":{"ags":"09181139","name":"Schondorf am Ammersee","ewz":4137,"dist_km":36.5,"city":false,"warm_m2":19.84,"own_value":true,"m2_median":51,"share_median":0.355,"m2_p25":39,"share_p25":0.462},"geometry":{"type":"Polygon","coordinates":[[[11.1058,48.0637],[11.1033,48.0695],[11.0979,48.0683],[11.0979,48.0692],[11.0879,48.0664],[11.0749,48.0613],[11.0734,48.0618],[11.0716,48.0505],[11.0633,48.0464],[11.0651,48.0396],[11.0775,48.0396],[11.0862,48.0431],[11.094,48.0396],[11.0936,48.0356],[11.0975,48.0344],[11.0967,48.038],[11.1012,48.0592],[11.1058,48.0637]]]}},{"type":"Feature","properties":{"ags":"09181118","name":"Eresing","ewz":2043,"dist_km":39.1,"city":false,"warm_m2":16.62,"own_value":true,"m2_median":61,"share_median":0.297,"m2_p25":47,"share_p25":0.386},"geometry":{"type":"Polygon","coordinates":[[[11.0556,48.1037],[11.0271,48.1045],[11.0215,48.1054],[11.022,48.1042],[10.9985,48.0849],[10.9979,48.0804],[11.0021,48.0802],[11.0073,48.0796],[11.014,48.0741],[11.0205,48.0754],[11.0221,48.0791],[11.0272,48.08],[11.0306,48.0762],[11.0544,48.078],[11.0605,48.0782],[11.0782,48.096],[11.0685,48.0977],[11.0599,48.1017],[11.0556,48.1037]]]}},{"type":"Feature","properties":{"ags":"09181120","name":"Finning","ewz":1986,"dist_km":42.7,"city":false,"warm_m2":16.69,"own_value":true,"m2_median":61,"share_median":0.297,"m2_p25":47,"share_p25":0.387},"geometry":{"type":"Polygon","coordinates":[[[11.0392,48.0365],[11.0296,48.0355],[11.0058,48.0469],[10.9955,48.0443],[10.985,48.0504],[10.9807,48.0486],[10.9727,48.0439],[10.9677,48.0369],[10.9754,48.0313],[10.9762,48.0263],[10.9915,48.0188],[11.007,48.0027],[11.0113,47.9973],[11.0178,47.9926],[11.0439,47.9936],[11.0479,47.9977],[11.0538,47.9968],[11.0487,48.0153],[11.0355,48.0357],[11.0392,48.0365]]]}},{"type":"Feature","properties":{"ags":"09181146","name":"Windach","ewz":3874,"dist_km":40.6,"city":false,"warm_m2":16.85,"own_value":true,"m2_median":60,"share_median":0.301,"m2_p25":46,"share_p25":0.391},"geometry":{"type":"Polygon","coordinates":[[[10.9979,48.0804],[10.9985,48.0849],[10.9897,48.0868],[10.9856,48.078],[10.9833,48.0742],[10.9858,48.0514],[10.985,48.0504],[10.9955,48.0443],[11.0058,48.0469],[11.0296,48.0355],[11.0392,48.0365],[11.0387,48.0351],[11.0487,48.0414],[11.0515,48.042],[11.064,48.0416],[11.0633,48.0464],[11.0716,48.0505],[11.0734,48.0618],[11.0648,48.0656],[11.052,48.0717],[11.0554,48.0769],[11.0544,48.078],[11.0306,48.0762],[11.0272,48.08],[11.0221,48.0791],[11.0205,48.0754],[11.014,48.0741],[11.0073,48.0796],[11.0021,48.0802],[10.9979,48.0804]]]}},{"type":"Feature","properties":{"ags":"09181451","name":"Ammersee","ewz":0,"dist_km":35.8,"city":false},"geometry":{"type":"Polygon","coordinates":[[[11.1304,48.0761],[11.1344,48.0813],[11.1244,48.0758],[11.1206,48.0733],[11.1097,48.0691],[11.1076,48.0654],[11.1012,48.0592],[11.0967,48.038],[11.0977,48.035],[11.0967,48.0311],[11.0961,48.0152],[11.1007,48.011],[11.099,47.9952],[11.0983,47.9813],[11.1094,47.9606],[11.1071,47.9553],[11.1161,47.949],[11.1225,47.951],[11.1239,47.9507],[11.1305,47.9439],[11.1318,47.9437],[11.1399,47.9419],[11.1364,47.9357],[11.1394,47.9351],[11.1465,47.9372],[11.1503,47.9425],[11.1491,47.9478],[11.1503,47.9576],[11.1498,47.974],[11.1702,47.9925],[11.1679,47.9998],[11.1536,47.9998],[11.1419,48.0051],[11.1358,48.0145],[11.1292,48.0454],[11.1335,48.0567],[11.1386,48.0653],[11.1363,48.0745],[11.1336,48.0762],[11.1304,48.0761]]]}},{"type":"Feature","properties":{"ags":"09182116","name":"Gmund a.Tegernsee","ewz":6123,"dist_km":44.9,"city":false,"warm_m2":19.27,"own_value":true,"m2_median":52,"share_median":0.343,"m2_p25":40,"share_p25":0.446},"geometry":{"type":"Polygon","coordinates":[[[11.737,47.7854],[11.7316,47.7882],[11.7251,47.7876],[11.7256,47.786],[11.7194,47.7801],[11.7206,47.7693],[11.7068,47.7536],[11.6836,47.7438],[11.6811,47.7285],[11.6794,47.7252],[11.6977,47.7249],[11.6957,47.7428],[11.7119,47.7482],[11.7142,47.7453],[11.7192,47.7391],[11.7217,47.7425],[11.7355,47.7475],[11.7377,47.7331],[11.7483,47.7203],[11.7601,47.7269],[11.7785,47.7303],[11.785,47.7303],[11.7957,47.7294],[11.798,47.7348],[11.7866,47.746],[11.7891,47.7605],[11.7964,47.7644],[11.796,47.7689],[11.7868,47.7708],[11.776,47.7741],[11.7643,47.7708],[11.7485,47.7856],[11.737,47.7854]]]}},{"type":"Feature","properties":{"ags":"09182119","name":"Hausham","ewz":8444,"dist_km":47.5,"city":false,"warm_m2":17.1,"own_value":true,"m2_median":59,"share_median":0.304,"m2_p25":46,"share_p25":0.395},"geometry":{"type":"Polygon","coordinates":[[[11.8881,47.7596],[11.8796,47.7567],[11.8319,47.7735],[11.802,47.7676],[11.796,47.7689],[11.7964,47.7644],[11.7891,47.7605],[11.7866,47.746],[11.798,47.7348],[11.796,47.7271],[11.7985,47.7275],[11.8201,47.7301],[11.8326,47.7353],[11.8524,47.7507],[11.8723,47.7567],[11.8744,47.7487],[11.8875,47.743],[11.8944,47.7473],[11.8928,47.7522],[11.8881,47.7596]]]}},{"type":"Feature","properties":{"ags":"09182120","name":"Holzkirchen","ewz":16719,"dist_km":31.4,"city":false,"warm_m2":20.73,"own_value":true,"m2_median":48,"share_median":0.372,"m2_p25":37,"share_p25":0.485},"geometry":{"type":"Polygon","coordinates":[[[11.7369,47.9111],[11.733,47.9178],[11.7337,47.9188],[11.7049,47.9139],[11.6948,47.8969],[11.6733,47.894],[11.6639,47.889],[11.6628,47.8842],[11.6539,47.8747],[11.6357,47.8645],[11.6277,47.8475],[11.6081,47.8322],[11.6184,47.8291],[11.6341,47.8218],[11.648,47.824],[11.6512,47.8227],[11.6685,47.8215],[11.672,47.8237],[11.6723,47.8225],[11.6744,47.8243],[11.6786,47.8239],[11.6782,47.8283],[11.7055,47.8392],[11.7128,47.8534],[11.7141,47.8659],[11.7206,47.8655],[11.7195,47.8737],[11.7222,47.8816],[11.7345,47.8883],[11.7203,47.8973],[11.7343,47.9021],[11.7369,47.9111]]]}},{"type":"Feature","properties":{"ags":"09182123","name":"Irschenberg","ewz":3331,"dist_km":43.6,"city":false,"warm_m2":17.8,"own_value":true,"m2_median":57,"share_median":0.317,"m2_p25":44,"share_p25":0.412},"geometry":{"type":"Polygon","coordinates":[[[11.8912,47.8625],[11.8834,47.8648],[11.8694,47.859],[11.8601,47.8647],[11.8583,47.8619],[11.8657,47.8579],[11.8646,47.8454],[11.8597,47.8443],[11.8521,47.8456],[11.8391,47.8457],[11.8373,47.8482],[11.8345,47.8478],[11.8326,47.8459],[11.8325,47.8396],[11.8307,47.8376],[11.8428,47.8349],[11.858,47.821],[11.844,47.8116],[11.86,47.7957],[11.8646,47.796],[11.8774,47.7905],[11.878,47.7802],[11.8951,47.7746],[11.9114,47.7755],[11.9373,47.7873],[11.9435,47.7852],[11.946,47.7864],[11.9449,47.7878],[11.9542,47.7875],[11.9547,47.7904],[11.9594,47.7923],[11.9395,47.8004],[11.9276,47.8011],[11.9159,47.8105],[11.9341,47.8182],[11.953,47.8284],[11.9497,47.8289],[11.9458,47.842],[11.9481,47.8449],[11.9382,47.8519],[11.9197,47.8553],[11.9095,47.8553],[11.9017,47.8512],[11.8912,47.8625]]]}},{"type":"Feature","properties":{"ags":"09182125","name":"Miesbach","ewz":12109,"dist_km":44.1,"city":false,"warm_m2":18.06,"own_value":true,"m2_median":56,"share_median":0.322,"m2_p25":43,"share_p25":0.418},"geometry":{"type":"Polygon","coordinates":[[[11.8287,47.8175],[11.8226,47.8182],[11.81,47.8246],[11.8081,47.8201],[11.8071,47.8144],[11.8003,47.8078],[11.7945,47.7932],[11.7861,47.7881],[11.7868,47.7813],[11.776,47.7741],[11.7868,47.7708],[11.802,47.7676],[11.8319,47.7735],[11.8796,47.7567],[11.8881,47.7596],[11.8898,47.7615],[11.8886,47.7701],[11.9025,47.7742],[11.8951,47.7746],[11.878,47.7802],[11.8774,47.7905],[11.8646,47.796],[11.86,47.7957],[11.844,47.8116],[11.8287,47.8175]]]}},{"type":"Feature","properties":{"ags":"09182127","name":"Otterfing","ewz":4806,"dist_km":26.6,"city":false,"warm_m2":19.52,"own_value":true,"m2_median":51,"share_median":0.352,"m2_p25":39,"share_p25":0.458},"geometry":{"type":"Polygon","coordinates":[[[11.7005,47.9389],[11.6808,47.9368],[11.6593,47.9227],[11.6552,47.9279],[11.6267,47.9205],[11.6235,47.9203],[11.6339,47.9114],[11.6501,47.9069],[11.6562,47.9004],[11.6526,47.8859],[11.6567,47.8892],[11.6638,47.8897],[11.6639,47.889],[11.6733,47.894],[11.6948,47.8969],[11.7049,47.9139],[11.7167,47.917],[11.7071,47.9368],[11.7029,47.9362],[11.7005,47.9389]]]}},{"type":"Feature","properties":{"ags":"09182133","name":"Valley","ewz":3446,"dist_km":31.2,"city":false,"warm_m2":17.66,"own_value":true,"m2_median":57,"share_median":0.317,"m2_p25":44,"share_p25":0.413},"geometry":{"type":"Polygon","coordinates":[[[11.7828,47.9325],[11.7817,47.9379],[11.777,47.9426],[11.7577,47.9384],[11.7575,47.9225],[11.7337,47.9188],[11.733,47.9178],[11.7369,47.9111],[11.7343,47.9021],[11.7203,47.8973],[11.7345,47.8883],[11.7222,47.8816],[11.7195,47.8737],[11.7206,47.8655],[11.728,47.866],[11.7427,47.8633],[11.7487,47.8488],[11.7441,47.845],[11.7707,47.8353],[11.7754,47.8391],[11.8062,47.8401],[11.7929,47.8575],[11.7895,47.8603],[11.7835,47.8798],[11.785,47.9124],[11.7824,47.9169],[11.7848,47.9212],[11.7902,47.923],[11.7966,47.9208],[11.8001,47.9223],[11.8018,47.9208],[11.8065,47.9257],[11.8006,47.928],[11.7828,47.9325]]]}},{"type":"Feature","properties":{"ags":"09182134","name":"Waakirchen","ewz":5843,"dist_km":42.5,"city":false,"warm_m2":18.49,"own_value":true,"m2_median":55,"share_median":0.33,"m2_p25":42,"share_p25":0.429},"geometry":{"type":"Polygon","coordinates":[[[11.6685,47.8215],[11.6512,47.8227],[11.6567,47.8189],[11.6655,47.8025],[11.6492,47.7923],[11.6382,47.7943],[11.6401,47.7874],[11.6396,47.7779],[11.6537,47.7657],[11.662,47.7457],[11.6555,47.7392],[11.638,47.7339],[11.6225,47.7275],[11.626,47.7215],[11.6534,47.7246],[11.6546,47.728],[11.6641,47.7144],[11.6726,47.7176],[11.6811,47.7285],[11.6836,47.7438],[11.7068,47.7536],[11.7206,47.7693],[11.7194,47.7801],[11.7256,47.786],[11.7234,47.7931],[11.7094,47.8081],[11.7012,47.8054],[11.6921,47.7958],[11.6851,47.7957],[11.6803,47.8051],[11.6839,47.8145],[11.6823,47.8185],[11.6803,47.8236],[11.6744,47.8243],[11.6723,47.8225],[11.672,47.8237],[11.6685,47.8215]]]}},{"type":"Feature","properties":{"ags":"09182136","name":"Warngau","ewz":3819,"dist_km":37.8,"city":false,"warm_m2":18.85,"own_value":true,"m2_median":53,"share_median":0.337,"m2_p25":41,"share_p25":0.439},"geometry":{"type":"Polygon","coordinates":[[[11.7707,47.8353],[11.7441,47.845],[11.7487,47.8488],[11.7427,47.8633],[11.728,47.866],[11.7214,47.8652],[11.7141,47.8659],[11.7128,47.8534],[11.7055,47.8392],[11.6782,47.8283],[11.6786,47.8239],[11.6803,47.8236],[11.6823,47.8185],[11.6839,47.8145],[11.6803,47.8051],[11.6851,47.7957],[11.6921,47.7958],[11.7012,47.8054],[11.7094,47.8081],[11.7234,47.7931],[11.7251,47.7876],[11.7316,47.7882],[11.737,47.7854],[11.7485,47.7856],[11.7643,47.7708],[11.776,47.7741],[11.7865,47.7809],[11.7861,47.7881],[11.7945,47.7932],[11.8003,47.8078],[11.8004,47.8102],[11.7824,47.808],[11.7747,47.8306],[11.7707,47.8353]]]}},{"type":"Feature","properties":{"ags":"09182137","name":"Weyarn","ewz":3921,"dist_km":36.2,"city":false,"warm_m2":18.28,"own_value":true,"m2_median":55,"share_median":0.327,"m2_p25":42,"share_p25":0.426},"geometry":{"type":"Polygon","coordinates":[[[11.8065,47.913],[11.8041,47.9156],[11.8033,47.9188],[11.8007,47.9222],[11.7959,47.9209],[11.7894,47.9229],[11.784,47.9207],[11.7824,47.9169],[11.785,47.9124],[11.7835,47.8798],[11.7895,47.8603],[11.7929,47.8575],[11.8062,47.8401],[11.7754,47.8391],[11.7747,47.8306],[11.7824,47.808],[11.8004,47.8102],[11.8071,47.8144],[11.8081,47.8201],[11.81,47.8246],[11.8226,47.8182],[11.8287,47.8175],[11.844,47.8116],[11.858,47.821],[11.8428,47.8349],[11.8307,47.8376],[11.8325,47.8396],[11.8326,47.8459],[11.8345,47.8478],[11.8373,47.8482],[11.8391,47.8457],[11.8521,47.8456],[11.8597,47.8443],[11.8646,47.8454],[11.8657,47.8579],[11.8583,47.8619],[11.8594,47.8634],[11.8569,47.8626],[11.8554,47.8631],[11.8553,47.8685],[11.8492,47.8696],[11.8382,47.8802],[11.8313,47.8844],[11.8088,47.9057],[11.8065,47.913]]]}},{"type":"Feature","properties":{"ags":"09183119","name":"Haag i.OB","ewz":6631,"dist_km":46,"city":false,"warm_m2":15.51,"own_value":true,"m2_median":65,"share_median":0.276,"m2_p25":50,"share_p25":0.359},"geometry":{"type":"Polygon","coordinates":[[[12.1403,48.1836],[12.1374,48.1818],[12.127,48.1851],[12.127,48.1859],[12.1252,48.185],[12.1252,48.183],[12.1179,48.1826],[12.1113,48.1857],[12.1092,48.1785],[12.1071,48.1717],[12.1228,48.1573],[12.138,48.1621],[12.1474,48.1561],[12.1537,48.1552],[12.1562,48.1566],[12.1769,48.1445],[12.1799,48.1352],[12.1894,48.131],[12.2097,48.1314],[12.2113,48.1354],[12.2091,48.1432],[12.2043,48.1447],[12.2043,48.1519],[12.2069,48.1553],[12.2091,48.159],[12.2023,48.167],[12.1577,48.1678],[12.1571,48.1758],[12.1403,48.1836]]]}},{"type":"Feature","properties":{"ags":"09183123","name":"Kirchdorf","ewz":1348,"dist_km":46.3,"city":false,"warm_m2":15.53,"own_value":true,"m2_median":65,"share_median":0.276,"m2_p25":50,"share_p25":0.359},"geometry":{"type":"Polygon","coordinates":[[[12.2026,48.2096],[12.2011,48.2169],[12.1866,48.2175],[12.1782,48.2021],[12.1794,48.2073],[12.1708,48.2075],[12.1584,48.2006],[12.1372,48.1907],[12.1322,48.184],[12.1403,48.1836],[12.1571,48.1758],[12.1577,48.1678],[12.2023,48.167],[12.2046,48.1652],[12.2161,48.1686],[12.2046,48.1863],[12.2124,48.1946],[12.2185,48.1985],[12.2193,48.2],[12.2141,48.2019],[12.2026,48.2096]]]}},{"type":"Feature","properties":{"ags":"09183126","name":"Maitenbeth","ewz":2080,"dist_km":39.8,"city":false,"warm_m2":15.88,"own_value":true,"m2_median":63,"share_median":0.284,"m2_p25":49,"share_p25":0.369},"geometry":{"type":"Polygon","coordinates":[[[12.1071,48.1717],[12.0993,48.1721],[12.0993,48.1692],[12.0579,48.1642],[12.0432,48.1543],[12.0321,48.1588],[12.0389,48.1497],[12.0498,48.1294],[12.079,48.1265],[12.0859,48.1253],[12.0857,48.1223],[12.1211,48.1249],[12.1271,48.1312],[12.1231,48.1347],[12.1443,48.1414],[12.1529,48.1528],[12.1537,48.1552],[12.1474,48.1561],[12.138,48.1621],[12.1228,48.1573],[12.1071,48.1717]]]}},{"type":"Feature","properties":{"ags":"09183139","name":"Rechtmehring","ewz":2078,"dist_km":45.5,"city":false,"warm_m2":15.22,"own_value":true,"m2_median":66,"share_median":0.271,"m2_p25":51,"share_p25":0.352},"geometry":{"type":"Polygon","coordinates":[[[12.2097,48.1314],[12.1894,48.131],[12.1799,48.1352],[12.1769,48.1445],[12.1562,48.1566],[12.1529,48.1528],[12.1443,48.1414],[12.1231,48.1347],[12.1292,48.1308],[12.1307,48.132],[12.1315,48.1305],[12.1342,48.1308],[12.1372,48.1264],[12.1443,48.1171],[12.1446,48.1071],[12.1343,48.0978],[12.1456,48.0851],[12.147,48.0851],[12.1501,48.0886],[12.1566,48.0847],[12.1626,48.0831],[12.1692,48.0863],[12.1818,48.099],[12.1824,48.1067],[12.198,48.1225],[12.2098,48.1289],[12.2097,48.1314]]]}},{"type":"Feature","properties":{"ags":"09184112","name":"Aschheim","ewz":9567,"dist_km":12.7,"city":false,"warm_m2":22.45,"own_value":true,"m2_median":44,"share_median":0.407,"m2_p25":34,"share_p25":0.531},"geometry":{"type":"Polygon","coordinates":[[[11.7328,48.185],[11.7293,48.1967],[11.741,48.2138],[11.7556,48.222],[11.7481,48.237],[11.7494,48.24],[11.7434,48.2347],[11.7407,48.2301],[11.7182,48.2217],[11.7181,48.2167],[11.6995,48.2063],[11.6901,48.2053],[11.6967,48.1947],[11.691,48.1828],[11.696,48.1745],[11.6741,48.156],[11.6781,48.1449],[11.7087,48.1487],[11.7052,48.1508],[11.7248,48.1575],[11.7346,48.1572],[11.7354,48.1563],[11.7418,48.1589],[11.743,48.1618],[11.7404,48.1701],[11.7328,48.185]]]}},{"type":"Feature","properties":{"ags":"09184113","name":"Baierbrunn","ewz":3426,"dist_km":15,"city":false,"warm_m2":22.19,"own_value":true,"m2_median":45,"share_median":0.402,"m2_p25":34,"share_p25":0.524},"geometry":{"type":"Polygon","coordinates":[[[11.5089,48.0361],[11.4991,48.0373],[11.495,48.0316],[11.4712,48.0295],[11.4665,48.0104],[11.4608,48.0096],[11.4695,48.0016],[11.4647,47.9898],[11.4716,47.986],[11.4714,47.9877],[11.4757,47.9998],[11.4759,48.0025],[11.4806,48.0096],[11.4961,48.0222],[11.5046,48.0264],[11.5089,48.0361]]]}},{"type":"Feature","properties":{"ags":"09184114","name":"Brunnthal","ewz":5650,"dist_km":19.8,"city":false,"warm_m2":20.34,"own_value":true,"m2_median":49,"share_median":0.369,"m2_p25":37,"share_p25":0.48},"geometry":{"type":"Polygon","coordinates":[[[11.69,48.0309],[11.6757,48.0447],[11.6559,48.0395],[11.6569,48.0229],[11.6667,48.0087],[11.6574,48.0037],[11.653,48.0082],[11.6398,48.0076],[11.6301,48.0056],[11.6268,48.0064],[11.6244,48.0049],[11.631,47.9951],[11.6383,47.9984],[11.6496,47.9976],[11.6678,47.9944],[11.6695,47.9831],[11.6866,47.9783],[11.6842,47.9706],[11.6897,47.9556],[11.7029,47.9362],[11.7261,47.9399],[11.7217,47.9519],[11.7437,47.9556],[11.7383,47.9691],[11.7241,47.9817],[11.7246,47.998],[11.7094,47.9975],[11.6942,48.0181],[11.6939,48.0305],[11.69,48.0309]]]}},{"type":"Feature","properties":{"ags":"09184118","name":"Feldkirchen","ewz":7689,"dist_km":13,"city":false,"warm_m2":21.53,"own_value":true,"m2_median":46,"share_median":0.39,"m2_p25":35,"share_p25":0.509},"geometry":{"type":"Polygon","coordinates":[[[11.7346,48.1572],[11.7248,48.1575],[11.7052,48.1508],[11.7134,48.1456],[11.7203,48.139],[11.7284,48.1326],[11.7393,48.1366],[11.7421,48.1359],[11.7526,48.1407],[11.7498,48.1438],[11.7583,48.1487],[11.7414,48.1516],[11.7346,48.1572]]]}},{"type":"Feature","properties":{"ags":"09184119","name":"Garching b.München","ewz":17577,"dist_km":12.2,"city":false,"warm_m2":26.14,"own_value":true,"m2_median":38,"share_median":0.474,"m2_p25":29,"share_p25":0.618},"geometry":{"type":"Polygon","coordinates":[[[11.6849,48.27],[11.6548,48.2726],[11.6411,48.2727],[11.6378,48.2706],[11.6141,48.2699],[11.6126,48.2645],[11.5989,48.2614],[11.6044,48.2472],[11.6001,48.2302],[11.6032,48.2256],[11.602,48.2168],[11.607,48.219],[11.6119,48.2189],[11.6151,48.2292],[11.6379,48.2262],[11.6403,48.2214],[11.6504,48.2173],[11.6521,48.221],[11.6595,48.2238],[11.6746,48.2441],[11.6822,48.2496],[11.6835,48.2522],[11.6789,48.2629],[11.6849,48.27]]]}},{"type":"Feature","properties":{"ags":"09184120","name":"Gräfelfing","ewz":13673,"dist_km":9.4,"city":false,"warm_m2":22.2,"own_value":true,"m2_median":45,"share_median":0.403,"m2_p25":34,"share_p25":0.525},"geometry":{"type":"Polygon","coordinates":[[[11.4372,48.1365],[11.43,48.1376],[11.4233,48.1328],[11.4125,48.1271],[11.4004,48.1165],[11.4136,48.1155],[11.4418,48.1068],[11.4505,48.1158],[11.4652,48.1155],[11.4645,48.1292],[11.4372,48.1365]]]}},{"type":"Feature","properties":{"ags":"09184121","name":"Grasbrunn","ewz":6813,"dist_km":17,"city":false,"warm_m2":21.5,"own_value":true,"m2_median":46,"share_median":0.39,"m2_p25":35,"share_p25":0.508},"geometry":{"type":"Polygon","coordinates":[[[11.7665,48.0965],[11.7684,48.0989],[11.7593,48.1083],[11.7479,48.1037],[11.7231,48.0999],[11.7234,48.0938],[11.719,48.0878],[11.7332,48.0746],[11.731,48.0682],[11.7341,48.0605],[11.7486,48.0609],[11.754,48.0387],[11.7746,48.0409],[11.7842,48.0345],[11.7836,48.0397],[11.7879,48.0572],[11.7985,48.0584],[11.8068,48.056],[11.8087,48.0617],[11.8027,48.0654],[11.7855,48.0726],[11.7825,48.083],[11.7828,48.088],[11.7803,48.0882],[11.7816,48.0913],[11.7665,48.0965]]]}},{"type":"Feature","properties":{"ags":"09184122","name":"Grünwald","ewz":11442,"dist_km":10.1,"city":false,"warm_m2":23.73,"own_value":true,"m2_median":42,"share_median":0.43,"m2_p25":32,"share_p25":0.561},"geometry":{"type":"Polygon","coordinates":[[[11.543,48.0684],[11.5391,48.0583],[11.5266,48.0565],[11.5089,48.0361],[11.5302,48.0296],[11.5341,48.0334],[11.5419,48.037],[11.5528,48.0344],[11.5575,48.0351],[11.5603,48.0404],[11.5589,48.0434],[11.5522,48.0444],[11.5516,48.0628],[11.5584,48.0634],[11.5517,48.0678],[11.543,48.0684]]]}},{"type":"Feature","properties":{"ags":"09184123","name":"Haar","ewz":23056,"dist_km":13.3,"city":false,"warm_m2":21.43,"own_value":true,"m2_median":46,"share_median":0.389,"m2_p25":36,"share_p25":0.506},"geometry":{"type":"Polygon","coordinates":[[[11.7565,48.1268],[11.7421,48.1359],[11.7393,48.1366],[11.7284,48.1326],[11.7231,48.1368],[11.7128,48.1328],[11.7103,48.115],[11.7131,48.105],[11.7231,48.0999],[11.7479,48.1037],[11.7593,48.1083],[11.758,48.1188],[11.7565,48.1268]]]}},{"type":"Feature","properties":{"ags":"09184127","name":"Höhenkirchen-Siegertsbrunn","ewz":11417,"dist_km":18.6,"city":false,"warm_m2":21.36,"own_value":true,"m2_median":46,"share_median":0.387,"m2_p25":36,"share_p25":0.505},"geometry":{"type":"Polygon","coordinates":[[[11.7746,48.0409],[11.7489,48.0371],[11.7235,48.0397],[11.6986,48.0309],[11.6939,48.0305],[11.6942,48.0181],[11.7094,47.9975],[11.7236,47.9978],[11.768,48.0034],[11.7668,48.0225],[11.7852,48.0225],[11.7887,48.0204],[11.7877,48.0266],[11.7842,48.0345],[11.7746,48.0409]]]}},{"type":"Feature","properties":{"ags":"09184129","name":"Hohenbrunn","ewz":9018,"dist_km":15.1,"city":false,"warm_m2":21.08,"own_value":true,"m2_median":47,"share_median":0.382,"m2_p25":36,"share_p25":0.498},"geometry":{"type":"Polygon","coordinates":[[[11.7341,48.0605],[11.728,48.0717],[11.72,48.0654],[11.7007,48.0664],[11.6938,48.0662],[11.6951,48.0648],[11.6673,48.0584],[11.6757,48.0447],[11.69,48.0309],[11.6986,48.0309],[11.7235,48.0397],[11.7489,48.0371],[11.754,48.0387],[11.7486,48.0609],[11.7341,48.0605]]]}},{"type":"Feature","properties":{"ags":"09184130","name":"Ismaning","ewz":18043,"dist_km":15.6,"city":false,"warm_m2":23.3,"own_value":true,"m2_median":43,"share_median":0.423,"m2_p25":33,"share_p25":0.551},"geometry":{"type":"Polygon","coordinates":[[[11.7382,48.2763],[11.7351,48.2789],[11.7022,48.2763],[11.6986,48.2697],[11.6881,48.2725],[11.6789,48.2629],[11.6831,48.2552],[11.6829,48.2506],[11.6746,48.2441],[11.6595,48.2238],[11.6515,48.2204],[11.6495,48.2121],[11.6452,48.2083],[11.6463,48.2075],[11.6435,48.204],[11.6489,48.2021],[11.6656,48.2052],[11.6995,48.2063],[11.7181,48.2167],[11.7182,48.2217],[11.7407,48.2301],[11.7434,48.2347],[11.7509,48.2411],[11.7538,48.2418],[11.7595,48.2544],[11.7522,48.2631],[11.7471,48.2656],[11.7448,48.2699],[11.7382,48.2763]]]}},{"type":"Feature","properties":{"ags":"09184131","name":"Kirchheim b.München","ewz":13094,"dist_km":14.8,"city":false,"warm_m2":21.28,"own_value":true,"m2_median":47,"share_median":0.386,"m2_p25":36,"share_p25":0.503},"geometry":{"type":"Polygon","coordinates":[[[11.76,48.2176],[11.7584,48.2198],[11.7568,48.2198],[11.7556,48.222],[11.741,48.2138],[11.7293,48.1967],[11.7328,48.185],[11.7404,48.1701],[11.743,48.1618],[11.7418,48.1589],[11.7354,48.1563],[11.7414,48.1516],[11.7583,48.1487],[11.7715,48.1547],[11.7758,48.1619],[11.7694,48.1741],[11.7704,48.1743],[11.7551,48.1891],[11.7624,48.2012],[11.76,48.2176]]]}},{"type":"Feature","properties":{"ags":"09184132","name":"Neuried","ewz":9038,"dist_km":11.6,"city":false,"warm_m2":22.94,"own_value":true,"m2_median":43,"share_median":0.416,"m2_p25":33,"share_p25":0.542},"geometry":{"type":"Polygon","coordinates":[[[11.471,48.0831],[11.4739,48.1048],[11.463,48.1052],[11.4603,48.0952],[11.4364,48.0904],[11.4201,48.0785],[11.4114,48.0814],[11.4022,48.0728],[11.4133,48.0685],[11.4189,48.0534],[11.422,48.0526],[11.4444,48.0798],[11.4569,48.0853],[11.471,48.0831]]]}},{"type":"Feature","properties":{"ags":"09184134","name":"Oberhaching","ewz":13900,"dist_km":15.4,"city":false,"warm_m2":22.03,"own_value":true,"m2_median":45,"share_median":0.4,"m2_p25":35,"share_p25":0.521},"geometry":{"type":"Polygon","coordinates":[[[11.5848,48.0436],[11.5705,48.0429],[11.5638,48.0207],[11.5466,48.019],[11.55,48.0116],[11.5671,48.0116],[11.5588,48.0005],[11.5482,47.9999],[11.5434,47.9983],[11.54,47.9923],[11.5443,47.9857],[11.5383,47.9729],[11.5517,47.9704],[11.5619,47.9634],[11.5685,47.9614],[11.5832,47.9778],[11.5981,47.976],[11.6081,47.9824],[11.617,48.006],[11.6244,48.0049],[11.6292,48.0073],[11.6279,48.0127],[11.6111,48.0151],[11.6058,48.0252],[11.6086,48.0379],[11.5848,48.0436]]]}},{"type":"Feature","properties":{"ags":"09184135","name":"Oberschleißheim","ewz":11984,"dist_km":12,"city":false,"warm_m2":20.65,"own_value":true,"m2_median":48,"share_median":0.374,"m2_p25":37,"share_p25":0.488},"geometry":{"type":"Polygon","coordinates":[[[11.6126,48.2645],[11.6133,48.2669],[11.615,48.27],[11.6002,48.2807],[11.5909,48.271],[11.5953,48.2594],[11.5831,48.2551],[11.5521,48.2761],[11.5477,48.2613],[11.5121,48.2684],[11.4998,48.2624],[11.5025,48.2569],[11.4998,48.2481],[11.5262,48.2411],[11.5307,48.2321],[11.5339,48.2315],[11.534,48.2306],[11.5471,48.2282],[11.5813,48.2298],[11.5853,48.2137],[11.6018,48.2136],[11.6032,48.2256],[11.6001,48.2302],[11.6044,48.2472],[11.5989,48.2614],[11.6126,48.2645]]]}},{"type":"Feature","properties":{"ags":"09184136","name":"Ottobrunn","ewz":22510,"dist_km":11.8,"city":false,"warm_m2":22.2,"own_value":true,"m2_median":45,"share_median":0.403,"m2_p25":34,"share_p25":0.525},"geometry":{"type":"Polygon","coordinates":[[[11.6636,48.0732],[11.6507,48.0764],[11.6504,48.0747],[11.6465,48.0755],[11.6449,48.0708],[11.6505,48.0699],[11.6463,48.0541],[11.6537,48.0541],[11.6623,48.0506],[11.6712,48.0523],[11.6673,48.0584],[11.6951,48.0648],[11.6882,48.0711],[11.6921,48.0721],[11.6912,48.0736],[11.6673,48.0687],[11.6636,48.0732]]]}},{"type":"Feature","properties":{"ags":"09184137","name":"Aying","ewz":5613,"dist_km":26.8,"city":false,"warm_m2":19.19,"own_value":true,"m2_median":52,"share_median":0.346,"m2_p25":40,"share_p25":0.451},"geometry":{"type":"Polygon","coordinates":[[[11.7621,47.9919],[11.7596,47.9971],[11.769,48.0003],[11.768,48.0034],[11.7246,47.998],[11.7241,47.9817],[11.7383,47.9691],[11.7437,47.9556],[11.7217,47.9519],[11.7261,47.9399],[11.7071,47.9368],[11.7167,47.917],[11.7575,47.9225],[11.7577,47.9384],[11.777,47.9426],[11.7817,47.9379],[11.7828,47.9325],[11.8006,47.928],[11.809,47.9248],[11.8272,47.9251],[11.8298,47.9388],[11.839,47.9387],[11.8471,47.9476],[11.8506,47.9497],[11.8481,47.9612],[11.84,47.9643],[11.8383,47.963],[11.8281,47.962],[11.8194,47.9733],[11.8015,47.9793],[11.7838,47.9908],[11.7621,47.9919]]]}},{"type":"Feature","properties":{"ags":"09184138","name":"Planegg","ewz":11088,"dist_km":9.9,"city":false,"warm_m2":25.82,"own_value":true,"m2_median":38,"share_median":0.468,"m2_p25":29,"share_p25":0.61},"geometry":{"type":"Polygon","coordinates":[[[11.4004,48.1165],[11.3899,48.12],[11.3852,48.112],[11.4213,48.1014],[11.4166,48.0863],[11.4163,48.0857],[11.4114,48.0814],[11.4201,48.0785],[11.4364,48.0904],[11.4603,48.0952],[11.463,48.1052],[11.4633,48.1154],[11.4505,48.1158],[11.4418,48.1068],[11.4136,48.1155],[11.4004,48.1165]]]}},{"type":"Feature","properties":{"ags":"09184139","name":"Pullach i.Isartal","ewz":8989,"dist_km":10.4,"city":false,"warm_m2":21.72,"own_value":true,"m2_median":46,"share_median":0.394,"m2_p25":35,"share_p25":0.513},"geometry":{"type":"Polygon","coordinates":[[[11.5391,48.0583],[11.5431,48.0668],[11.5443,48.0718],[11.5114,48.0642],[11.5066,48.0574],[11.4996,48.0566],[11.4961,48.0491],[11.4979,48.0382],[11.5089,48.0361],[11.5266,48.0565],[11.5391,48.0583]]]}},{"type":"Feature","properties":{"ags":"09184140","name":"Putzbrunn","ewz":6896,"dist_km":12.3,"city":false,"warm_m2":21.09,"own_value":true,"m2_median":47,"share_median":0.382,"m2_p25":36,"share_p25":0.498},"geometry":{"type":"Polygon","coordinates":[[[11.719,48.0878],[11.7234,48.0938],[11.7231,48.0999],[11.7131,48.105],[11.7092,48.1022],[11.6875,48.0936],[11.683,48.0921],[11.6814,48.082],[11.6857,48.0775],[11.6907,48.0764],[11.6921,48.0721],[11.6882,48.0711],[11.6938,48.0662],[11.7007,48.0664],[11.72,48.0654],[11.728,48.0717],[11.731,48.0682],[11.7332,48.0746],[11.719,48.0878]]]}},{"type":"Feature","properties":{"ags":"09184141","name":"Sauerlach","ewz":8210,"dist_km":20.1,"city":false,"warm_m2":19.51,"own_value":true,"m2_median":51,"share_median":0.354,"m2_p25":39,"share_p25":0.461},"geometry":{"type":"Polygon","coordinates":[[[11.631,47.9951],[11.6244,48.0049],[11.617,48.006],[11.6081,47.9824],[11.5981,47.976],[11.5832,47.9778],[11.5685,47.9614],[11.5649,47.9581],[11.582,47.9502],[11.5899,47.9421],[11.5941,47.9413],[11.6054,47.9341],[11.6035,47.924],[11.6081,47.9243],[11.6131,47.9202],[11.6267,47.9205],[11.6552,47.9279],[11.6593,47.9227],[11.6808,47.9368],[11.7005,47.9389],[11.6897,47.9556],[11.6842,47.9706],[11.6866,47.9783],[11.6695,47.9831],[11.6678,47.9944],[11.6496,47.9976],[11.6383,47.9984],[11.631,47.9951]]]}},{"type":"Feature","properties":{"ags":"09184142","name":"Schäftlarn","ewz":5975,"dist_km":19.4,"city":false,"warm_m2":19.8,"own_value":true,"m2_median":50,"share_median":0.359,"m2_p25":38,"share_p25":0.468},"geometry":{"type":"Polygon","coordinates":[[[11.4376,48.0117],[11.4301,48.0136],[11.4207,48.0013],[11.4119,47.9982],[11.4079,47.9989],[11.4063,47.9894],[11.4228,47.9792],[11.4302,47.9802],[11.4464,47.974],[11.4549,47.9685],[11.4532,47.9565],[11.4663,47.9614],[11.4743,47.9694],[11.4749,47.9795],[11.4716,47.986],[11.4647,47.9898],[11.4695,48.0016],[11.4608,48.0096],[11.4376,48.0117]]]}},{"type":"Feature","properties":{"ags":"09184144","name":"Straßlach-Dingharting","ewz":3321,"dist_km":17.9,"city":false,"warm_m2":20.14,"own_value":true,"m2_median":49,"share_median":0.365,"m2_p25":38,"share_p25":0.476},"geometry":{"type":"Polygon","coordinates":[[[11.5416,48.002],[11.5279,48.0123],[11.5124,48.0129],[11.4919,48.0124],[11.4828,48.0027],[11.4805,47.9953],[11.4714,47.9877],[11.4749,47.9795],[11.4798,47.9747],[11.4822,47.97],[11.5178,47.9624],[11.5099,47.9522],[11.5198,47.9493],[11.5454,47.9515],[11.5618,47.9583],[11.5619,47.9634],[11.5517,47.9704],[11.5383,47.9729],[11.5443,47.9857],[11.54,47.9923],[11.5434,47.9983],[11.5482,47.9999],[11.5432,48.0004],[11.5416,48.002]]]}},{"type":"Feature","properties":{"ags":"09184145","name":"Taufkirchen","ewz":18176,"dist_km":13.3,"city":false,"warm_m2":20.6,"own_value":true,"m2_median":48,"share_median":0.374,"m2_p25":37,"share_p25":0.487},"geometry":{"type":"Polygon","coordinates":[[[11.6214,48.0526],[11.6199,48.0543],[11.5914,48.0546],[11.5848,48.0436],[11.6086,48.0379],[11.6058,48.0252],[11.6111,48.0151],[11.6279,48.0127],[11.6292,48.0073],[11.6268,48.0064],[11.6301,48.0056],[11.6398,48.0076],[11.653,48.0082],[11.6574,48.0037],[11.6667,48.0087],[11.6569,48.0229],[11.6559,48.0395],[11.6757,48.0447],[11.6712,48.0523],[11.6623,48.0506],[11.6537,48.0541],[11.6279,48.0538],[11.6214,48.0526]]]}},{"type":"Feature","properties":{"ags":"09184146","name":"Neubiberg","ewz":14618,"dist_km":9.4,"city":false,"warm_m2":25.33,"own_value":true,"m2_median":39,"share_median":0.459,"m2_p25":30,"share_p25":0.599},"geometry":{"type":"Polygon","coordinates":[[[11.6446,48.0833],[11.633,48.0845],[11.6066,48.0867],[11.6095,48.0754],[11.6335,48.0776],[11.6504,48.0747],[11.6507,48.0764],[11.6636,48.0732],[11.6673,48.0687],[11.6912,48.0736],[11.6907,48.0764],[11.6738,48.0788],[11.6446,48.0833]]]}},{"type":"Feature","properties":{"ags":"09184147","name":"Unterföhring","ewz":11957,"dist_km":9.5,"city":false,"warm_m2":22.21,"own_value":true,"m2_median":45,"share_median":0.403,"m2_p25":34,"share_p25":0.525},"geometry":{"type":"Polygon","coordinates":[[[11.6489,48.2021],[11.6435,48.204],[11.6463,48.2075],[11.6452,48.2083],[11.6391,48.2044],[11.6283,48.1839],[11.6411,48.1735],[11.6483,48.175],[11.6612,48.1798],[11.691,48.1828],[11.6967,48.1947],[11.6901,48.2053],[11.6656,48.2052],[11.6489,48.2021]]]}},{"type":"Feature","properties":{"ags":"09184148","name":"Unterhaching","ewz":26079,"dist_km":9.8,"city":false,"warm_m2":22.22,"own_value":true,"m2_median":45,"share_median":0.403,"m2_p25":34,"share_p25":0.525},"geometry":{"type":"Polygon","coordinates":[[[11.6066,48.0867],[11.5913,48.0843],[11.5933,48.0803],[11.5958,48.0734],[11.5914,48.0546],[11.6199,48.0543],[11.6214,48.0526],[11.6279,48.0538],[11.6463,48.0541],[11.6505,48.0699],[11.6449,48.0708],[11.6465,48.0755],[11.6335,48.0776],[11.6095,48.0754],[11.6066,48.0867]]]}},{"type":"Feature","properties":{"ags":"09184149","name":"Unterschleißheim","ewz":29661,"dist_km":15.2,"city":false,"warm_m2":22.09,"own_value":true,"m2_median":45,"share_median":0.401,"m2_p25":34,"share_p25":0.522},"geometry":{"type":"Polygon","coordinates":[[[11.5945,48.2748],[11.5934,48.2835],[11.591,48.2882],[11.5815,48.2949],[11.5787,48.2995],[11.5748,48.2986],[11.5572,48.2938],[11.5298,48.2817],[11.5185,48.279],[11.5151,48.2684],[11.5477,48.2613],[11.5521,48.2761],[11.5831,48.2551],[11.5953,48.2594],[11.5909,48.271],[11.5945,48.2748]]]}},{"type":"Feature","properties":{"ags":"09184452","name":"Forstenrieder Park","ewz":0,"dist_km":12.9,"city":false},"geometry":{"type":"Polygon","coordinates":[[[11.471,48.0831],[11.4569,48.0853],[11.4444,48.0798],[11.422,48.0526],[11.4189,48.0534],[11.4201,48.0418],[11.4034,48.0322],[11.418,48.0322],[11.429,48.0289],[11.4273,48.0193],[11.4341,48.0126],[11.4376,48.0117],[11.4665,48.0104],[11.4712,48.0295],[11.495,48.0316],[11.4991,48.0373],[11.4979,48.0382],[11.4961,48.0491],[11.4996,48.0566],[11.5066,48.0574],[11.5087,48.0616],[11.5038,48.0692],[11.4728,48.0811],[11.471,48.0831]]]}},{"type":"Feature","properties":{"ags":"09184454","name":"Grünwalder Forst","ewz":0,"dist_km":12.6,"city":false},"geometry":{"type":"Polygon","coordinates":[[[11.5584,48.0634],[11.5516,48.0628],[11.5522,48.0444],[11.5589,48.0434],[11.5603,48.0404],[11.5575,48.0351],[11.5528,48.0344],[11.5419,48.037],[11.5341,48.0334],[11.5302,48.0296],[11.5089,48.0361],[11.5046,48.0264],[11.4958,48.0219],[11.4798,48.0087],[11.4759,48.0025],[11.4757,47.9998],[11.4805,47.9953],[11.4828,48.0027],[11.4919,48.0124],[11.5273,48.0125],[11.5313,48.0082],[11.5316,48.0056],[11.5416,48.002],[11.5432,48.0004],[11.5588,48.0005],[11.5671,48.0116],[11.55,48.0116],[11.5466,48.019],[11.5638,48.0207],[11.5713,48.0428],[11.5721,48.0547],[11.5584,48.0634]]]}},{"type":"Feature","properties":{"ags":"09184457","name":"Perlacher Forst","ewz":0,"dist_km":7.8,"city":false},"geometry":{"type":"Polygon","coordinates":[[[11.5933,48.0803],[11.586,48.0937],[11.5554,48.0848],[11.5441,48.0683],[11.5517,48.0678],[11.5721,48.0547],[11.5713,48.0428],[11.5848,48.0436],[11.5914,48.0546],[11.5958,48.0734],[11.5933,48.0803]]]}},{"type":"Feature","properties":{"ags":"09185113","name":"Aresing","ewz":3054,"dist_km":47,"city":false,"warm_m2":14.05,"own_value":true,"m2_median":72,"share_median":0.25,"m2_p25":55,"share_p25":0.324},"geometry":{"type":"Polygon","coordinates":[[[11.2951,48.5483],[11.2926,48.5532],[11.2918,48.5473],[11.2686,48.5374],[11.2557,48.5431],[11.2493,48.5383],[11.245,48.529],[11.2514,48.5162],[11.2612,48.5074],[11.2823,48.5065],[11.294,48.5001],[11.2992,48.4865],[11.3143,48.4839],[11.3188,48.5052],[11.3139,48.5164],[11.3241,48.5178],[11.3412,48.5323],[11.3396,48.5415],[11.3234,48.552],[11.3092,48.5475],[11.2951,48.5483]]]}},{"type":"Feature","properties":{"ags":"09185131","name":"Gachenbach","ewz":2592,"dist_km":46.5,"city":false,"warm_m2":13.57,"own_value":true,"m2_median":75,"share_median":0.241,"m2_p25":57,"share_p25":0.314},"geometry":{"type":"Polygon","coordinates":[[[11.249,48.5442],[11.2482,48.5485],[11.2239,48.5439],[11.2204,48.5374],[11.2037,48.5314],[11.2027,48.5294],[11.2087,48.5275],[11.2101,48.5003],[11.2204,48.491],[11.2486,48.4859],[11.248,48.4773],[11.2522,48.4757],[11.2657,48.4642],[11.2729,48.4665],[11.2795,48.4725],[11.2884,48.4736],[11.2954,48.4746],[11.2965,48.4788],[11.3012,48.482],[11.2992,48.4865],[11.294,48.5001],[11.2823,48.5065],[11.2612,48.5074],[11.2514,48.5162],[11.245,48.529],[11.2493,48.5383],[11.2516,48.54],[11.249,48.5442]]]}},{"type":"Feature","properties":{"ags":"09186125","name":"Gerolsbach","ewz":3852,"dist_km":41.5,"city":false,"warm_m2":15.99,"own_value":true,"m2_median":63,"share_median":0.285,"m2_p25":49,"share_p25":0.371},"geometry":{"type":"Polygon","coordinates":[[[11.3787,48.5351],[11.3649,48.542],[11.3505,48.5369],[11.3412,48.5323],[11.3241,48.5178],[11.3139,48.5164],[11.3188,48.5052],[11.3143,48.4839],[11.3012,48.482],[11.2965,48.4788],[11.2954,48.4746],[11.3003,48.4591],[11.3013,48.4527],[11.3109,48.4529],[11.3136,48.4505],[11.3243,48.4481],[11.3342,48.4508],[11.3357,48.4553],[11.3496,48.4532],[11.358,48.443],[11.3642,48.4466],[11.3803,48.4642],[11.3835,48.4669],[11.3892,48.462],[11.397,48.4547],[11.4105,48.4546],[11.4179,48.4614],[11.411,48.4697],[11.4049,48.4961],[11.3982,48.5066],[11.3877,48.5083],[11.3915,48.5091],[11.3903,48.5272],[11.3837,48.5346],[11.3827,48.537],[11.3787,48.5351]]]}},{"type":"Feature","properties":{"ags":"09186132","name":"Jetzendorf","ewz":3179,"dist_km":34.5,"city":false,"warm_m2":16.09,"own_value":true,"m2_median":62,"share_median":0.288,"m2_p25":48,"share_p25":0.375},"geometry":{"type":"Polygon","coordinates":[[[11.3892,48.462],[11.3835,48.4669],[11.3803,48.4642],[11.3642,48.4466],[11.3621,48.4427],[11.3848,48.4382],[11.3876,48.4342],[11.3884,48.4301],[11.3809,48.4241],[11.3837,48.424],[11.3999,48.4279],[11.4051,48.4233],[11.4016,48.4151],[11.4109,48.4109],[11.4093,48.4095],[11.4116,48.4086],[11.4131,48.4062],[11.4171,48.4102],[11.421,48.4095],[11.4372,48.4196],[11.4452,48.4317],[11.4497,48.4325],[11.4457,48.4334],[11.4368,48.4456],[11.4271,48.4422],[11.4166,48.4466],[11.4315,48.4542],[11.4347,48.4611],[11.4314,48.4603],[11.4188,48.4634],[11.4179,48.4614],[11.4105,48.4546],[11.397,48.4547],[11.3892,48.462]]]}},{"type":"Feature","properties":{"ags":"09186143","name":"Pfaffenhofen a.d.Ilm","ewz":27143,"dist_km":46.1,"city":false,"warm_m2":17.35,"own_value":true,"m2_median":58,"share_median":0.308,"m2_p25":45,"share_p25":0.401},"geometry":{"type":"Polygon","coordinates":[[[11.518,48.5944],[11.5129,48.595],[11.4945,48.5923],[11.4911,48.5925],[11.4885,48.5836],[11.4631,48.5892],[11.4566,48.5857],[11.4136,48.5757],[11.4093,48.5681],[11.389,48.5638],[11.3853,48.556],[11.3926,48.5499],[11.4027,48.5458],[11.3908,48.547],[11.396,48.5414],[11.3998,48.5377],[11.3972,48.5364],[11.3984,48.5345],[11.422,48.5301],[11.4318,48.5331],[11.4457,48.5255],[11.4537,48.528],[11.4719,48.5237],[11.4789,48.5086],[11.4949,48.5115],[11.5127,48.5194],[11.5419,48.5173],[11.5559,48.5171],[11.5621,48.5121],[11.5701,48.5105],[11.5794,48.5356],[11.5703,48.5568],[11.5832,48.5585],[11.5849,48.5647],[11.5492,48.5796],[11.5493,48.5826],[11.5429,48.5857],[11.5193,48.593],[11.5168,48.5921],[11.518,48.5944]]]}},{"type":"Feature","properties":{"ags":"09186146","name":"Reichertshausen","ewz":5200,"dist_km":35.4,"city":false,"warm_m2":15,"own_value":true,"m2_median":67,"share_median":0.269,"m2_p25":51,"share_p25":0.35},"geometry":{"type":"Polygon","coordinates":[[[11.5161,48.4723],[11.497,48.4733],[11.4942,48.4681],[11.4667,48.474],[11.4624,48.4713],[11.4355,48.4633],[11.4347,48.4611],[11.4315,48.4542],[11.4166,48.4466],[11.4271,48.4422],[11.4368,48.4456],[11.4457,48.4334],[11.4497,48.4325],[11.4557,48.4337],[11.4735,48.4411],[11.4932,48.4405],[11.5086,48.4417],[11.518,48.4524],[11.5353,48.4602],[11.5346,48.464],[11.5291,48.469],[11.5161,48.4723]]]}},{"type":"Feature","properties":{"ags":"09186151","name":"Scheyern","ewz":5070,"dist_km":40.7,"city":false,"warm_m2":16.5,"own_value":true,"m2_median":61,"share_median":0.294,"m2_p25":47,"share_p25":0.383},"geometry":{"type":"Polygon","coordinates":[[[11.3984,48.5345],[11.3972,48.5364],[11.3998,48.5377],[11.3979,48.5395],[11.3834,48.5354],[11.3837,48.5346],[11.3903,48.5272],[11.3915,48.5091],[11.3877,48.5083],[11.3982,48.5066],[11.4049,48.4961],[11.411,48.4697],[11.4188,48.4634],[11.4314,48.4603],[11.4355,48.4633],[11.4624,48.4713],[11.4657,48.4735],[11.4556,48.4809],[11.4606,48.4874],[11.4792,48.4961],[11.4794,48.4995],[11.4828,48.5091],[11.4789,48.5086],[11.4719,48.5237],[11.4537,48.528],[11.4457,48.5255],[11.4318,48.5331],[11.422,48.5301],[11.3984,48.5345]]]}},{"type":"Feature","properties":{"ags":"09186152","name":"Schweitenkirchen","ewz":5689,"dist_km":41.5,"city":false,"warm_m2":16.61,"own_value":true,"m2_median":61,"share_median":0.296,"m2_p25":47,"share_p25":0.385},"geometry":{"type":"Polygon","coordinates":[[[11.6066,48.5599],[11.5844,48.5613],[11.5832,48.5585],[11.5703,48.5568],[11.5794,48.5356],[11.5701,48.5105],[11.5672,48.5098],[11.5698,48.4912],[11.5766,48.4874],[11.5736,48.4856],[11.576,48.4826],[11.5933,48.4785],[11.5959,48.4718],[11.6063,48.4653],[11.6083,48.4661],[11.614,48.4632],[11.6194,48.4639],[11.6377,48.4804],[11.6368,48.4866],[11.6534,48.499],[11.6571,48.4972],[11.6624,48.4985],[11.6599,48.5015],[11.6608,48.5126],[11.6617,48.5144],[11.66,48.5413],[11.6615,48.5481],[11.6594,48.549],[11.6595,48.5518],[11.6322,48.5502],[11.6273,48.5499],[11.6226,48.5415],[11.6145,48.5419],[11.6066,48.5599]]]}},{"type":"Feature","properties":{"ags":"09186162","name":"Wolnzach","ewz":11983,"dist_km":51.9,"city":false,"warm_m2":15.74,"own_value":true,"m2_median":65,"share_median":0.279,"m2_p25":50,"share_p25":0.362},"geometry":{"type":"Polygon","coordinates":[[[11.6267,48.6595],[11.6086,48.6627],[11.5933,48.6549],[11.5858,48.6436],[11.5812,48.6326],[11.5784,48.6255],[11.5849,48.6092],[11.5815,48.5992],[11.5692,48.5923],[11.5605,48.5946],[11.5528,48.5852],[11.5493,48.5826],[11.5492,48.5796],[11.5849,48.5647],[11.5844,48.5613],[11.6066,48.5599],[11.6145,48.5419],[11.6226,48.5415],[11.6273,48.5499],[11.6322,48.5502],[11.6595,48.5518],[11.6623,48.551],[11.6579,48.5626],[11.6762,48.5749],[11.7039,48.5836],[11.7086,48.5937],[11.7085,48.5955],[11.6981,48.6103],[11.7041,48.6151],[11.7066,48.617],[11.6974,48.6264],[11.6921,48.6303],[11.6702,48.633],[11.6554,48.6389],[11.6486,48.6552],[11.6267,48.6595]]]}},{"type":"Feature","properties":{"ags":"09186126","name":"Hettenshausen","ewz":2247,"dist_km":40.5,"city":false,"warm_m2":14.42,"own_value":true,"m2_median":70,"share_median":0.257,"m2_p25":54,"share_p25":0.335},"geometry":{"type":"Polygon","coordinates":[[[11.5419,48.5173],[11.5127,48.5194],[11.4949,48.5115],[11.4828,48.5091],[11.4794,48.4995],[11.4847,48.4938],[11.4875,48.495],[11.4962,48.4932],[11.5051,48.4937],[11.53,48.4901],[11.5324,48.4843],[11.5445,48.4826],[11.5487,48.4824],[11.56,48.4908],[11.5699,48.4899],[11.5698,48.4912],[11.5672,48.5098],[11.5621,48.5121],[11.5559,48.5171],[11.5419,48.5173]]]}},{"type":"Feature","properties":{"ags":"09186130","name":"Ilmmünster","ewz":2198,"dist_km":38.2,"city":false,"warm_m2":15.76,"own_value":true,"m2_median":64,"share_median":0.282,"m2_p25":49,"share_p25":0.367},"geometry":{"type":"Polygon","coordinates":[[[11.4847,48.4938],[11.4792,48.4961],[11.4606,48.4874],[11.4556,48.4809],[11.4657,48.4735],[11.4681,48.4741],[11.4942,48.4681],[11.497,48.4733],[11.5161,48.4723],[11.5356,48.4692],[11.5353,48.4716],[11.5441,48.4765],[11.5492,48.4791],[11.5445,48.4826],[11.5324,48.4843],[11.53,48.4901],[11.5051,48.4937],[11.4962,48.4932],[11.4875,48.495],[11.4847,48.4938]]]}},{"type":"Feature","properties":{"ags":"09187117","name":"Bad Aibling","ewz":19745,"dist_km":45.4,"city":false,"warm_m2":20,"own_value":true,"m2_median":51,"share_median":0.356,"m2_p25":39,"share_p25":0.463},"geometry":{"type":"Polygon","coordinates":[[[12.0331,47.9107],[12.0332,47.9114],[12.0137,47.9106],[12.0075,47.8969],[11.9994,47.891],[11.9808,47.8945],[11.9796,47.8835],[11.9766,47.8711],[11.9648,47.8666],[11.9603,47.8562],[11.9596,47.846],[11.9497,47.8436],[11.9458,47.842],[11.9497,47.8289],[11.9585,47.8286],[11.9631,47.8296],[11.9748,47.834],[11.9998,47.8228],[12.0307,47.8193],[12.0276,47.8378],[12.0035,47.8414],[12.0063,47.8546],[12.0334,47.8485],[12.0405,47.8632],[12.0533,47.8648],[12.0544,47.8705],[12.0496,47.8743],[12.0523,47.8837],[12.034,47.8908],[12.0278,47.904],[12.0331,47.9107]]]}},{"type":"Feature","properties":{"ags":"09187122","name":"Bruckmühl","ewz":16984,"dist_km":39.2,"city":false,"warm_m2":16.57,"own_value":true,"m2_median":61,"share_median":0.296,"m2_p25":47,"share_p25":0.385},"geometry":{"type":"Polygon","coordinates":[[[11.9697,47.8979],[11.9751,47.9084],[11.9533,47.9229],[11.946,47.9435],[11.9281,47.9389],[11.9296,47.9319],[11.9247,47.9276],[11.9205,47.9265],[11.9155,47.9267],[11.9158,47.9194],[11.9024,47.9033],[11.8823,47.8898],[11.8854,47.8831],[11.8935,47.8788],[11.8915,47.8648],[11.8912,47.8625],[11.9017,47.8512],[11.9095,47.8553],[11.9197,47.8553],[11.9382,47.8519],[11.9481,47.8449],[11.9497,47.8436],[11.9596,47.846],[11.9603,47.8562],[11.9648,47.8666],[11.9766,47.8711],[11.9796,47.8835],[11.9808,47.8922],[11.9758,47.8935],[11.9697,47.8979]]]}},{"type":"Feature","properties":{"ags":"09187124","name":"Edling","ewz":4639,"dist_km":45.9,"city":false,"warm_m2":15.27,"own_value":true,"m2_median":66,"share_median":0.272,"m2_p25":51,"share_p25":0.353},"geometry":{"type":"Polygon","coordinates":[[[12.1566,48.0847],[12.1501,48.0886],[12.147,48.0851],[12.142,48.0823],[12.133,48.0881],[12.1199,48.0835],[12.1114,48.0871],[12.1089,48.0885],[12.108,48.0824],[12.1317,48.0615],[12.146,48.0606],[12.15,48.0471],[12.1385,48.035],[12.1416,48.0328],[12.1426,48.0297],[12.1471,48.0266],[12.1599,48.0206],[12.1678,48.0228],[12.1733,48.0334],[12.17,48.037],[12.1704,48.0399],[12.1739,48.0563],[12.1688,48.0677],[12.1712,48.0753],[12.1751,48.0768],[12.1652,48.08],[12.1642,48.0835],[12.1626,48.0831],[12.1566,48.0847]]]}},{"type":"Feature","properties":{"ags":"09187130","name":"Feldkirchen-Westerham","ewz":11138,"dist_km":34,"city":false,"warm_m2":17.09,"own_value":true,"m2_median":59,"share_median":0.306,"m2_p25":45,"share_p25":0.399},"geometry":{"type":"Polygon","coordinates":[[[11.874,47.9544],[11.8613,47.9484],[11.8512,47.9467],[11.8489,47.947],[11.848,47.9483],[11.8471,47.9476],[11.839,47.9387],[11.8298,47.9388],[11.8272,47.9251],[11.809,47.9248],[11.8065,47.9257],[11.8018,47.9208],[11.8065,47.913],[11.8088,47.9057],[11.8313,47.8844],[11.8382,47.8802],[11.8492,47.8696],[11.8553,47.8685],[11.8554,47.8631],[11.8569,47.8626],[11.8594,47.8634],[11.8601,47.8647],[11.8694,47.859],[11.8834,47.8648],[11.8915,47.8648],[11.8935,47.8788],[11.8854,47.8831],[11.8823,47.8898],[11.9024,47.9033],[11.9158,47.9194],[11.9155,47.9267],[11.9205,47.9265],[11.9247,47.9276],[11.9159,47.9349],[11.886,47.9489],[11.8844,47.9531],[11.874,47.9544]]]}},{"type":"Feature","properties":{"ags":"09187137","name":"Großkarolinenfeld","ewz":7484,"dist_km":46.4,"city":false,"warm_m2":17.05,"own_value":true,"m2_median":59,"share_median":0.303,"m2_p25":46,"share_p25":0.394},"geometry":{"type":"Polygon","coordinates":[[[12.0985,47.9355],[12.0995,47.9366],[12.0883,47.9347],[12.0813,47.9349],[12.0771,47.9338],[12.0638,47.9262],[12.0408,47.927],[12.0348,47.9197],[12.0331,47.9107],[12.0278,47.904],[12.034,47.8908],[12.0523,47.8837],[12.0496,47.8743],[12.0612,47.8641],[12.0797,47.8679],[12.0906,47.8686],[12.0981,47.871],[12.1004,47.8842],[12.1029,47.8853],[12.1019,47.8883],[12.0909,47.9012],[12.0822,47.9029],[12.0947,47.917],[12.0925,47.9261],[12.0985,47.9355]]]}},{"type":"Feature","properties":{"ags":"09187179","name":"Tuntenhausen","ewz":7461,"dist_km":40.6,"city":false,"warm_m2":16.74,"own_value":true,"m2_median":60,"share_median":0.299,"m2_p25":46,"share_p25":0.389},"geometry":{"type":"Polygon","coordinates":[[[11.9388,47.9929],[11.9358,47.9941],[11.9266,47.9839],[11.932,47.9761],[11.9369,47.9515],[11.946,47.9435],[11.9533,47.9229],[11.9751,47.9084],[11.9697,47.8979],[11.9783,47.8923],[11.9808,47.8922],[11.9808,47.8945],[11.9994,47.891],[12.0075,47.8969],[12.0137,47.9106],[12.0332,47.9114],[12.0348,47.9197],[12.0408,47.927],[12.0638,47.9262],[12.0771,47.9338],[12.0844,47.9447],[12.0724,47.95],[12.071,47.9589],[12.0752,47.9591],[12.0869,47.9645],[12.0846,47.974],[12.073,47.9797],[12.0729,47.9757],[12.0647,47.9739],[12.048,47.97],[12.0271,47.9712],[12.0242,47.9689],[12.0221,47.9613],[11.997,47.9597],[11.9877,47.9711],[11.9764,47.9737],[11.9686,47.9835],[11.9529,47.9843],[11.9388,47.9929]]]}},{"type":"Feature","properties":{"ags":"09187164","name":"Ramerberg","ewz":1437,"dist_km":46.1,"city":false,"warm_m2":13.71,"own_value":true,"m2_median":74,"share_median":0.244,"m2_p25":57,"share_p25":0.317},"geometry":{"type":"Polygon","coordinates":[[[12.1471,48.0266],[12.1431,48.0292],[12.1407,48.0335],[12.1411,48.0306],[12.1333,48.0302],[12.1218,48.0157],[12.123,48.0108],[12.1307,48.0044],[12.1541,48.0044],[12.1573,47.9987],[12.1628,47.9996],[12.172,48.0095],[12.1753,48.0218],[12.1599,48.0206],[12.1471,48.0266]]]}},{"type":"Feature","properties":{"ags":"09187170","name":"Rott a.Inn","ewz":4257,"dist_km":45.7,"city":false,"warm_m2":15.4,"own_value":true,"m2_median":66,"share_median":0.274,"m2_p25":51,"share_p25":0.356},"geometry":{"type":"Polygon","coordinates":[[[12.1222,48.0141],[12.1013,48.0112],[12.0984,48.0115],[12.0965,48.0091],[12.097,48.0014],[12.0944,47.9981],[12.0987,47.9964],[12.0988,47.9928],[12.1015,47.9918],[12.1057,47.9859],[12.1057,47.9686],[12.1106,47.9667],[12.1179,47.9611],[12.1261,47.969],[12.1268,47.9667],[12.1406,47.9614],[12.1504,47.963],[12.1495,47.9785],[12.1542,47.9911],[12.1628,47.9996],[12.1573,47.9987],[12.1541,48.0044],[12.1307,48.0044],[12.123,48.0108],[12.1222,48.0141]]]}},{"type":"Feature","properties":{"ags":"09187159","name":"Pfaffing","ewz":4265,"dist_km":42.2,"city":false,"warm_m2":15.22,"own_value":true,"m2_median":66,"share_median":0.271,"m2_p25":51,"share_p25":0.353},"geometry":{"type":"Polygon","coordinates":[[[12.0906,48.0974],[12.0879,48.1012],[12.0784,48.0987],[12.0625,48.099],[12.0745,48.0861],[12.0758,48.0552],[12.0814,48.0329],[12.083,48.0247],[12.0854,48.0202],[12.0829,48.0211],[12.077,48.0181],[12.0931,48.0133],[12.1013,48.0112],[12.1222,48.0141],[12.1218,48.0157],[12.1333,48.0302],[12.1411,48.0306],[12.1407,48.0335],[12.1385,48.035],[12.15,48.0471],[12.146,48.0606],[12.1317,48.0615],[12.108,48.0824],[12.1089,48.0885],[12.0885,48.0967],[12.0906,48.0974]]]}},{"type":"Feature","properties":{"ags":"09187186","name":"Albaching","ewz":1780,"dist_km":41.2,"city":false,"warm_m2":15.35,"own_value":true,"m2_median":66,"share_median":0.274,"m2_p25":51,"share_p25":0.356},"geometry":{"type":"Polygon","coordinates":[[[12.1315,48.1305],[12.1307,48.132],[12.1292,48.1308],[12.1271,48.1312],[12.1211,48.1249],[12.0857,48.1223],[12.0849,48.1213],[12.0735,48.1086],[12.081,48.0994],[12.0879,48.1012],[12.0906,48.0974],[12.0885,48.0967],[12.0938,48.0966],[12.1114,48.0871],[12.1199,48.0835],[12.133,48.0881],[12.142,48.0823],[12.1456,48.0851],[12.1343,48.0978],[12.1446,48.1071],[12.1443,48.1171],[12.1372,48.1264],[12.1342,48.1308],[12.1315,48.1305]]]}},{"type":"Feature","properties":{"ags":"09187451","name":"Rotter Forst-Nord","ewz":0,"dist_km":43.7,"city":false},"geometry":{"type":"Polygon","coordinates":[[[12.1015,47.9918],[12.0966,47.993],[12.0941,47.9952],[12.0918,47.9894],[12.0729,47.9886],[12.0719,47.9804],[12.073,47.9797],[12.0846,47.974],[12.0869,47.9645],[12.0752,47.9591],[12.0964,47.9545],[12.1049,47.9598],[12.1106,47.9667],[12.1057,47.9686],[12.1057,47.9859],[12.1015,47.9918]]]}},{"type":"Feature","properties":{"ags":"09187452","name":"Rotter Forst-Süd","ewz":0,"dist_km":45,"city":false},"geometry":{"type":"Polygon","coordinates":[[[12.1009,47.9532],[12.071,47.9589],[12.0724,47.95],[12.0844,47.9447],[12.0813,47.9349],[12.0883,47.9347],[12.0944,47.9378],[12.1009,47.9532]]]}},{"type":"Feature","properties":{"ags":"09188113","name":"Berg","ewz":8321,"dist_km":24.2,"city":false,"warm_m2":21.22,"own_value":true,"m2_median":47,"share_median":0.383,"m2_p25":36,"share_p25":0.499},"geometry":{"type":"Polygon","coordinates":[[[11.4079,47.9989],[11.4097,47.999],[11.4005,47.9988],[11.4002,47.9935],[11.3862,47.9932],[11.3758,47.9931],[11.3588,47.9943],[11.3589,47.98],[11.3504,47.9715],[11.3413,47.9481],[11.334,47.9336],[11.3372,47.9279],[11.3637,47.9272],[11.3723,47.9305],[11.3749,47.9239],[11.3892,47.9196],[11.3939,47.9202],[11.406,47.931],[11.3961,47.9399],[11.4234,47.9727],[11.4228,47.9792],[11.4063,47.9894],[11.4079,47.9989]]]}},{"type":"Feature","properties":{"ags":"09188117","name":"Andechs","ewz":3865,"dist_km":32.6,"city":false,"warm_m2":17.55,"own_value":true,"m2_median":57,"share_median":0.315,"m2_p25":44,"share_p25":0.41},"geometry":{"type":"Polygon","coordinates":[[[11.2154,48.0214],[11.2113,48.0224],[11.2124,48.0194],[11.211,48.0105],[11.179,47.989],[11.1672,47.9647],[11.1531,47.9601],[11.1531,47.9576],[11.1503,47.9576],[11.1496,47.9534],[11.1574,47.9541],[11.1677,47.9526],[11.1706,47.9548],[11.1678,47.9465],[11.185,47.9468],[11.1909,47.9336],[11.2132,47.9346],[11.2301,47.9217],[11.2344,47.923],[11.2401,47.9268],[11.2442,47.9442],[11.2375,47.9456],[11.2383,47.9471],[11.245,47.9548],[11.2389,47.9549],[11.2307,47.9691],[11.2327,47.9735],[11.2244,47.973],[11.2243,47.9777],[11.2343,47.9843],[11.2386,47.9927],[11.2356,47.9974],[11.2405,48.0054],[11.2336,48.0144],[11.2154,48.0214]]]}},{"type":"Feature","properties":{"ags":"09188118","name":"Feldafing","ewz":4386,"dist_km":29.4,"city":false,"warm_m2":18.78,"own_value":true,"m2_median":53,"share_median":0.338,"m2_p25":41,"share_p25":0.44},"geometry":{"type":"Polygon","coordinates":[[[11.2862,47.9569],[11.2848,47.9632],[11.2785,47.9635],[11.2653,47.9667],[11.2612,47.96],[11.2627,47.9522],[11.2753,47.949],[11.2781,47.9482],[11.2832,47.9382],[11.2824,47.9347],[11.2834,47.9343],[11.2729,47.9279],[11.2903,47.9191],[11.2947,47.9225],[11.3019,47.942],[11.307,47.9481],[11.3054,47.9491],[11.3068,47.9526],[11.2862,47.9569]]]}},{"type":"Feature","properties":{"ags":"09188120","name":"Gauting","ewz":21435,"dist_km":17.7,"city":false,"warm_m2":20.76,"own_value":true,"m2_median":48,"share_median":0.376,"m2_p25":37,"share_p25":0.491},"geometry":{"type":"Polygon","coordinates":[[[11.4043,48.0961],[11.3894,48.1005],[11.3805,48.0996],[11.3783,48.0987],[11.3754,48.0916],[11.358,48.09],[11.3597,48.0772],[11.3468,48.0734],[11.3409,48.0699],[11.3326,48.0781],[11.3136,48.0786],[11.3147,48.0914],[11.311,48.0909],[11.295,48.09],[11.2964,48.0791],[11.2923,48.0702],[11.2913,48.0489],[11.2765,48.0421],[11.2767,48.0386],[11.2806,48.0353],[11.2808,48.0328],[11.2836,48.031],[11.3056,48.0348],[11.3127,48.039],[11.3252,48.0312],[11.3486,48.0306],[11.3887,48.0393],[11.3976,48.0325],[11.4034,48.0322],[11.4155,48.0398],[11.4201,48.0418],[11.4133,48.0685],[11.4022,48.0728],[11.4114,48.0814],[11.4163,48.0857],[11.4146,48.0876],[11.4043,48.0961]]]}},{"type":"Feature","properties":{"ags":"09188121","name":"Gilching","ewz":19296,"dist_km":21.3,"city":false,"warm_m2":20.33,"own_value":true,"m2_median":49,"share_median":0.368,"m2_p25":38,"share_p25":0.479},"geometry":{"type":"Polygon","coordinates":[[[11.3038,48.1258],[11.288,48.1311],[11.2749,48.1304],[11.2632,48.1362],[11.2427,48.1308],[11.2344,48.1291],[11.234,48.1264],[11.2133,48.1167],[11.2128,48.1144],[11.2115,48.1132],[11.21,48.114],[11.2096,48.1133],[11.2157,48.1087],[11.2252,48.1037],[11.2349,48.0967],[11.2668,48.1016],[11.2667,48.0942],[11.2881,48.0887],[11.2983,48.0909],[11.311,48.0909],[11.3147,48.0914],[11.3163,48.0873],[11.3217,48.0868],[11.3208,48.0899],[11.3478,48.1006],[11.3485,48.1058],[11.335,48.1121],[11.3066,48.1192],[11.3038,48.1258]]]}},{"type":"Feature","properties":{"ags":"09188124","name":"Herrsching a.Ammersee","ewz":11045,"dist_km":32.6,"city":false,"warm_m2":21.54,"own_value":true,"m2_median":47,"share_median":0.387,"m2_p25":36,"share_p25":0.503},"geometry":{"type":"Polygon","coordinates":[[[11.1576,48.0332],[11.148,48.0343],[11.1381,48.0461],[11.1293,48.0448],[11.1356,48.0151],[11.1419,48.0051],[11.1531,47.9997],[11.1679,47.9998],[11.1702,47.9925],[11.1498,47.974],[11.1503,47.9576],[11.1531,47.9576],[11.1531,47.9601],[11.1672,47.9647],[11.179,47.989],[11.211,48.0105],[11.2124,48.0194],[11.2073,48.0267],[11.186,48.0148],[11.1639,48.0152],[11.173,48.0318],[11.1576,48.0332]]]}},{"type":"Feature","properties":{"ags":"09188126","name":"Inning a.Ammersee","ewz":4834,"dist_km":31.1,"city":false,"warm_m2":19,"own_value":true,"m2_median":53,"share_median":0.341,"m2_p25":40,"share_p25":0.445},"geometry":{"type":"Polygon","coordinates":[[[11.1848,48.0995],[11.1525,48.1046],[11.1432,48.109],[11.1372,48.1032],[11.1342,48.0995],[11.1391,48.096],[11.1377,48.0931],[11.1347,48.0908],[11.1361,48.0879],[11.1347,48.0815],[11.1304,48.0761],[11.1336,48.0762],[11.1366,48.0741],[11.1386,48.0648],[11.1335,48.0567],[11.1293,48.0448],[11.1381,48.0461],[11.148,48.0343],[11.1576,48.0332],[11.173,48.0318],[11.1736,48.0454],[11.1823,48.055],[11.1737,48.0642],[11.1674,48.0673],[11.175,48.073],[11.1743,48.0861],[11.1833,48.0894],[11.187,48.0962],[11.1848,48.0995]]]}},{"type":"Feature","properties":{"ags":"09188127","name":"Krailling","ewz":7895,"dist_km":16,"city":false,"warm_m2":22.02,"own_value":true,"m2_median":45,"share_median":0.399,"m2_p25":35,"share_p25":0.52},"geometry":{"type":"Polygon","coordinates":[[[11.3827,48.1064],[11.3712,48.1152],[11.3485,48.1058],[11.3478,48.1006],[11.3208,48.0899],[11.3217,48.0868],[11.3163,48.0873],[11.3136,48.0786],[11.3326,48.0781],[11.3409,48.0699],[11.3468,48.0734],[11.3597,48.0772],[11.358,48.09],[11.3754,48.0916],[11.3783,48.0987],[11.3883,48.1006],[11.3973,48.0967],[11.4043,48.0961],[11.4146,48.0876],[11.4166,48.0863],[11.4213,48.1014],[11.3852,48.112],[11.3829,48.1098],[11.3827,48.1064]]]}},{"type":"Feature","properties":{"ags":"09188132","name":"Seefeld","ewz":7768,"dist_km":27.3,"city":false,"warm_m2":19.46,"own_value":true,"m2_median":51,"share_median":0.351,"m2_p25":39,"share_p25":0.457},"geometry":{"type":"Polygon","coordinates":[[[11.2282,48.074],[11.2245,48.0757],[11.2224,48.0739],[11.2175,48.0752],[11.2169,48.072],[11.2198,48.0686],[11.2144,48.0593],[11.2122,48.055],[11.2133,48.0534],[11.2087,48.0508],[11.2064,48.0491],[11.2005,48.0503],[11.1961,48.0494],[11.1907,48.0526],[11.1837,48.0534],[11.1823,48.055],[11.1736,48.0454],[11.173,48.0318],[11.1639,48.0152],[11.186,48.0148],[11.2073,48.0267],[11.2113,48.0224],[11.2154,48.0214],[11.2336,48.0144],[11.2405,48.0054],[11.2356,47.9974],[11.2463,47.9972],[11.2487,48.003],[11.2592,48.0095],[11.2576,48.0208],[11.275,48.0275],[11.2775,48.0349],[11.2807,48.0349],[11.277,48.038],[11.2766,48.0407],[11.2749,48.0408],[11.2732,48.0425],[11.2693,48.0441],[11.2693,48.0473],[11.2605,48.0467],[11.2565,48.0668],[11.2272,48.0689],[11.2282,48.074]]]}},{"type":"Feature","properties":{"ags":"09188137","name":"Pöcking","ewz":5617,"dist_km":28,"city":false,"warm_m2":18.92,"own_value":true,"m2_median":53,"share_median":0.341,"m2_p25":41,"share_p25":0.444},"geometry":{"type":"Polygon","coordinates":[[[11.3017,47.9956],[11.2958,47.998],[11.2889,47.9965],[11.2833,47.9891],[11.263,47.9834],[11.2376,47.9801],[11.234,47.9776],[11.2331,47.9752],[11.2307,47.9691],[11.2389,47.9549],[11.245,47.9548],[11.2476,47.9566],[11.2554,47.9566],[11.2595,47.9552],[11.2612,47.96],[11.2653,47.9667],[11.2785,47.9635],[11.2848,47.9632],[11.2862,47.9569],[11.3068,47.9526],[11.3054,47.9491],[11.307,47.9481],[11.3237,47.9668],[11.3318,47.979],[11.3273,47.9803],[11.3199,47.9874],[11.3083,47.9865],[11.3017,47.9956]]]}},{"type":"Feature","properties":{"ags":"09188139","name":"Starnberg","ewz":23940,"dist_km":22.2,"city":false,"warm_m2":20.82,"own_value":true,"m2_median":48,"share_median":0.377,"m2_p25":37,"share_p25":0.491},"geometry":{"type":"Polygon","coordinates":[[[11.3976,48.0325],[11.3887,48.0393],[11.3486,48.0306],[11.3252,48.0312],[11.3127,48.039],[11.3056,48.0348],[11.2836,48.031],[11.2808,48.0328],[11.2807,48.0349],[11.2775,48.0349],[11.275,48.0275],[11.2576,48.0208],[11.2592,48.0095],[11.2487,48.003],[11.2463,47.9972],[11.2386,47.9927],[11.2343,47.9843],[11.2243,47.9777],[11.2244,47.973],[11.2327,47.9735],[11.2331,47.9752],[11.234,47.9776],[11.2376,47.9801],[11.263,47.9834],[11.2833,47.9891],[11.2889,47.9965],[11.2958,47.998],[11.3017,47.9956],[11.3083,47.9865],[11.3199,47.9874],[11.3273,47.9803],[11.3318,47.979],[11.3403,47.9936],[11.3485,47.9973],[11.3588,47.9943],[11.3758,47.9931],[11.3862,47.9932],[11.4002,47.9935],[11.4005,47.9988],[11.4097,47.999],[11.4119,47.9982],[11.4207,48.0013],[11.4301,48.0136],[11.4341,48.0126],[11.4273,48.0193],[11.429,48.0289],[11.418,48.0322],[11.3976,48.0325]]]}},{"type":"Feature","properties":{"ags":"09188141","name":"Tutzing","ewz":9960,"dist_km":33.5,"city":false,"warm_m2":19.29,"own_value":true,"m2_median":52,"share_median":0.346,"m2_p25":40,"share_p25":0.45},"geometry":{"type":"Polygon","coordinates":[[[11.2595,47.9552],[11.2554,47.9566],[11.2476,47.9566],[11.245,47.9548],[11.2383,47.9471],[11.2375,47.9456],[11.2442,47.9442],[11.2401,47.9268],[11.2332,47.9194],[11.2191,47.915],[11.2016,47.9026],[11.1952,47.8998],[11.1933,47.9032],[11.1858,47.8834],[11.2102,47.8853],[11.236,47.8813],[11.2397,47.8821],[11.2416,47.8805],[11.2522,47.8834],[11.2595,47.8751],[11.2741,47.8796],[11.2748,47.8839],[11.2759,47.8963],[11.2783,47.9036],[11.2883,47.9135],[11.2903,47.9191],[11.2729,47.9279],[11.2834,47.9343],[11.2824,47.9347],[11.2832,47.9382],[11.2781,47.9482],[11.2753,47.949],[11.2627,47.9522],[11.2595,47.9552]]]}},{"type":"Feature","properties":{"ags":"09188144","name":"Weßling","ewz":5562,"dist_km":23.5,"city":false,"warm_m2":19.39,"own_value":true,"m2_median":51,"share_median":0.35,"m2_p25":39,"share_p25":0.456},"geometry":{"type":"Polygon","coordinates":[[[11.2667,48.0942],[11.2668,48.1016],[11.2349,48.0967],[11.2349,48.0882],[11.2238,48.0849],[11.2201,48.0768],[11.2282,48.074],[11.2272,48.0689],[11.2565,48.0668],[11.2605,48.0467],[11.2693,48.0473],[11.2693,48.0441],[11.2732,48.0425],[11.2749,48.0408],[11.2766,48.0407],[11.2913,48.0489],[11.2923,48.0702],[11.2964,48.0791],[11.295,48.09],[11.2881,48.0887],[11.2667,48.0942]]]}},{"type":"Feature","properties":{"ags":"09188145","name":"Wörthsee","ewz":5143,"dist_km":27.6,"city":false,"warm_m2":20.4,"own_value":true,"m2_median":49,"share_median":0.368,"m2_p25":38,"share_p25":0.479},"geometry":{"type":"Polygon","coordinates":[[[11.2349,48.0967],[11.2252,48.1037],[11.2157,48.1087],[11.2096,48.1133],[11.21,48.114],[11.2059,48.1157],[11.1987,48.1123],[11.2016,48.1087],[11.192,48.1006],[11.1902,48.0977],[11.186,48.0968],[11.1865,48.0946],[11.185,48.0908],[11.1743,48.0861],[11.175,48.073],[11.1674,48.0673],[11.1737,48.0642],[11.1837,48.0534],[11.1907,48.0526],[11.1961,48.0494],[11.2005,48.0503],[11.2064,48.0491],[11.2087,48.0508],[11.2133,48.0534],[11.2122,48.055],[11.2144,48.0593],[11.2198,48.0686],[11.2169,48.072],[11.2175,48.0752],[11.2224,48.0739],[11.2245,48.0757],[11.2201,48.0768],[11.2238,48.0849],[11.2349,48.0882],[11.2349,48.0967]]]}},{"type":"Feature","properties":{"ags":"09188451","name":"Starnberger See","ewz":0,"dist_km":31.6,"city":false},"geometry":{"type":"Polygon","coordinates":[[[11.3588,47.9943],[11.3485,47.9973],[11.3403,47.9936],[11.3264,47.9703],[11.3108,47.9542],[11.307,47.9481],[11.3019,47.942],[11.2947,47.9225],[11.2883,47.9135],[11.2783,47.9036],[11.2759,47.8963],[11.2748,47.8839],[11.289,47.8785],[11.2892,47.8732],[11.2973,47.8676],[11.3022,47.8594],[11.3009,47.856],[11.2955,47.8536],[11.2915,47.8364],[11.2979,47.828],[11.3159,47.8209],[11.325,47.8219],[11.3302,47.8212],[11.3343,47.823],[11.3361,47.8337],[11.3381,47.837],[11.3379,47.8469],[11.334,47.8679],[11.332,47.8717],[11.3339,47.9067],[11.3303,47.9196],[11.3324,47.9305],[11.3413,47.9481],[11.35,47.9708],[11.3589,47.98],[11.3588,47.9943]]]}},{"type":"Feature","properties":{"ags":"09190115","name":"Bernried am Starnberger See","ewz":2475,"dist_km":37.5,"city":false,"warm_m2":19.02,"own_value":true,"m2_median":53,"share_median":0.34,"m2_p25":41,"share_p25":0.443},"geometry":{"type":"Polygon","coordinates":[[[11.289,47.8785],[11.2741,47.8796],[11.2595,47.8751],[11.2522,47.8834],[11.2416,47.8805],[11.2444,47.877],[11.2414,47.8595],[11.2479,47.8575],[11.2539,47.8581],[11.2571,47.8537],[11.2647,47.8453],[11.2677,47.8428],[11.2918,47.8433],[11.2955,47.8536],[11.3009,47.856],[11.3022,47.859],[11.2983,47.8665],[11.2892,47.8732],[11.289,47.8785]]]}},{"type":"Feature","properties":{"ags":"09190138","name":"Pähl","ewz":2608,"dist_km":37.4,"city":false,"warm_m2":16.55,"own_value":true,"m2_median":61,"share_median":0.296,"m2_p25":47,"share_p25":0.385},"geometry":{"type":"Polygon","coordinates":[[[11.1678,47.9465],[11.1706,47.9548],[11.1677,47.9526],[11.1574,47.9541],[11.1496,47.9534],[11.1491,47.9478],[11.1504,47.943],[11.1475,47.938],[11.1409,47.9353],[11.1364,47.9357],[11.1399,47.9419],[11.1318,47.9437],[11.1305,47.9439],[11.1273,47.9368],[11.1241,47.9353],[11.1226,47.9328],[11.1248,47.9288],[11.1276,47.9277],[11.1408,47.9207],[11.1383,47.914],[11.1434,47.8941],[11.1448,47.8921],[11.1599,47.8955],[11.1607,47.8858],[11.1791,47.8892],[11.1862,47.8884],[11.1933,47.9032],[11.1952,47.8998],[11.2016,47.9026],[11.2191,47.915],[11.2344,47.923],[11.2301,47.9217],[11.2132,47.9346],[11.1909,47.9336],[11.185,47.9468],[11.1678,47.9465]]]}},{"type":"Feature","properties":{"ags":"09190141","name":"Penzberg","ewz":16909,"dist_km":44.2,"city":false,"warm_m2":18.32,"own_value":true,"m2_median":55,"share_median":0.326,"m2_p25":42,"share_p25":0.424},"geometry":{"type":"Polygon","coordinates":[[[11.3916,47.7901],[11.392,47.7963],[11.3761,47.8],[11.3719,47.7938],[11.3627,47.7931],[11.3703,47.7907],[11.3687,47.7766],[11.3391,47.7674],[11.3361,47.7608],[11.3558,47.7444],[11.3536,47.7412],[11.3711,47.7383],[11.3708,47.7282],[11.3878,47.7327],[11.415,47.7405],[11.4155,47.7445],[11.4151,47.7519],[11.4036,47.7647],[11.4004,47.7849],[11.4064,47.7865],[11.4115,47.789],[11.4093,47.7899],[11.3916,47.7901]]]}},{"type":"Feature","properties":{"ags":"09190144","name":"Raisting","ewz":2358,"dist_km":42.7,"city":false,"warm_m2":15.71,"own_value":true,"m2_median":64,"share_median":0.28,"m2_p25":49,"share_p25":0.364},"geometry":{"type":"Polygon","coordinates":[[[11.1248,47.9288],[11.1131,47.9255],[11.1042,47.9235],[11.0859,47.9235],[11.072,47.9202],[11.0846,47.9069],[11.0658,47.8986],[11.0606,47.8991],[11.0664,47.8871],[11.0741,47.8845],[11.0777,47.8854],[11.0851,47.8853],[11.0937,47.8827],[11.1072,47.8867],[11.143,47.8884],[11.1434,47.8941],[11.1383,47.914],[11.1408,47.9207],[11.1276,47.9277],[11.1248,47.9288]]]}},{"type":"Feature","properties":{"ags":"09190157","name":"Weilheim i.OB","ewz":23378,"dist_km":44.9,"city":false,"warm_m2":18.6,"own_value":true,"m2_median":54,"share_median":0.331,"m2_p25":42,"share_p25":0.43},"geometry":{"type":"Polygon","coordinates":[[[11.0741,47.8845],[11.0646,47.8824],[11.0661,47.8665],[11.0693,47.8556],[11.0622,47.8496],[11.0625,47.844],[11.0678,47.8454],[11.0698,47.8488],[11.1208,47.8333],[11.1294,47.8221],[11.1665,47.8185],[11.1775,47.8083],[11.1904,47.809],[11.2221,47.8046],[11.2241,47.8004],[11.23,47.7992],[11.2379,47.8072],[11.2365,47.812],[11.2323,47.8147],[11.2118,47.8273],[11.2147,47.8415],[11.212,47.8445],[11.2111,47.85],[11.2073,47.8495],[11.1828,47.8479],[11.176,47.8579],[11.1626,47.8611],[11.1349,47.8787],[11.0939,47.8758],[11.0782,47.8778],[11.0779,47.8812],[11.0808,47.8828],[11.0819,47.8854],[11.0741,47.8845]]]}},{"type":"Feature","properties":{"ags":"09190159","name":"Wielenbach","ewz":3385,"dist_km":40.6,"city":false,"warm_m2":17.36,"own_value":true,"m2_median":58,"share_median":0.31,"m2_p25":45,"share_p25":0.403},"geometry":{"type":"Polygon","coordinates":[[[11.1791,47.8892],[11.1607,47.8858],[11.1599,47.8955],[11.1448,47.8921],[11.143,47.8884],[11.1072,47.8867],[11.0937,47.8827],[11.0819,47.8854],[11.0808,47.8828],[11.0779,47.8812],[11.0782,47.8778],[11.0939,47.8758],[11.1349,47.8787],[11.1626,47.8611],[11.176,47.8579],[11.1828,47.8479],[11.2073,47.8495],[11.2089,47.8501],[11.2142,47.8483],[11.2318,47.8441],[11.2436,47.8462],[11.2425,47.8488],[11.248,47.8507],[11.2414,47.8595],[11.2444,47.877],[11.2397,47.8821],[11.236,47.8813],[11.2102,47.8853],[11.1858,47.8834],[11.1862,47.8884],[11.1791,47.8892]]]}},{"type":"Feature","properties":{"ags":"09190113","name":"Antdorf","ewz":1379,"dist_km":46.4,"city":false,"warm_m2":16.39,"own_value":true,"m2_median":62,"share_median":0.291,"m2_p25":48,"share_p25":0.379},"geometry":{"type":"Polygon","coordinates":[[[11.2767,47.7868],[11.2733,47.7878],[11.2697,47.787],[11.2714,47.7856],[11.2703,47.7838],[11.2627,47.7873],[11.2608,47.7834],[11.2538,47.7774],[11.2502,47.7738],[11.2669,47.7522],[11.2664,47.7486],[11.2702,47.7505],[11.2716,47.7482],[11.2814,47.7373],[11.3056,47.738],[11.3264,47.7379],[11.3447,47.7405],[11.3558,47.7444],[11.3361,47.7608],[11.3048,47.7671],[11.2918,47.7645],[11.2938,47.7771],[11.2777,47.7838],[11.2767,47.7868]]]}},{"type":"Feature","properties":{"ags":"09190120","name":"Eberfing","ewz":1508,"dist_km":46.5,"city":false,"warm_m2":16.34,"own_value":true,"m2_median":62,"share_median":0.29,"m2_p25":48,"share_p25":0.378},"geometry":{"type":"Polygon","coordinates":[[[11.2395,47.8111],[11.2365,47.812],[11.2379,47.8072],[11.23,47.7992],[11.2241,47.8004],[11.2221,47.8046],[11.1904,47.809],[11.1794,47.8056],[11.184,47.8042],[11.1869,47.7793],[11.1897,47.7736],[11.1856,47.773],[11.1886,47.7709],[11.1892,47.7685],[11.1934,47.7677],[11.1997,47.7611],[11.2155,47.764],[11.2324,47.7624],[11.247,47.7723],[11.2538,47.7774],[11.2608,47.7834],[11.2627,47.7873],[11.2703,47.7838],[11.2714,47.7856],[11.2634,47.792],[11.2566,47.8023],[11.2541,47.8094],[11.2463,47.8117],[11.2395,47.8111]]]}},{"type":"Feature","properties":{"ags":"09190132","name":"Iffeldorf","ewz":2765,"dist_km":42.8,"city":false,"warm_m2":17.52,"own_value":true,"m2_median":58,"share_median":0.312,"m2_p25":44,"share_p25":0.406},"geometry":{"type":"Polygon","coordinates":[[[11.3194,47.8152],[11.3173,47.8171],[11.2998,47.8036],[11.2874,47.8019],[11.2755,47.7947],[11.2767,47.7868],[11.2777,47.7838],[11.2938,47.7771],[11.2918,47.7645],[11.3048,47.7671],[11.3361,47.7608],[11.3391,47.7674],[11.3687,47.7766],[11.3703,47.7907],[11.3627,47.7931],[11.3602,47.7966],[11.3521,47.7987],[11.3417,47.8018],[11.3378,47.8041],[11.333,47.8093],[11.3276,47.813],[11.3295,47.8149],[11.3288,47.8156],[11.3194,47.8152]]]}},{"type":"Feature","properties":{"ags":"09190152","name":"Seeshaupt","ewz":3271,"dist_km":41.5,"city":false,"warm_m2":18.57,"own_value":true,"m2_median":54,"share_median":0.331,"m2_p25":42,"share_p25":0.431},"geometry":{"type":"Polygon","coordinates":[[[11.2571,47.8537],[11.2539,47.8581],[11.2479,47.8575],[11.248,47.8507],[11.2425,47.8488],[11.2436,47.8462],[11.2318,47.8441],[11.2142,47.8483],[11.2111,47.85],[11.212,47.8445],[11.2147,47.8415],[11.2118,47.8273],[11.2323,47.8147],[11.2395,47.8111],[11.2487,47.8112],[11.2552,47.8086],[11.2566,47.8023],[11.2634,47.792],[11.2697,47.787],[11.2733,47.7878],[11.2755,47.7947],[11.2874,47.8019],[11.2998,47.8036],[11.3173,47.8171],[11.3194,47.8152],[11.3288,47.8156],[11.3292,47.8211],[11.3271,47.8219],[11.3197,47.8208],[11.3149,47.8211],[11.2979,47.828],[11.2915,47.8364],[11.2918,47.8433],[11.2677,47.8428],[11.2647,47.8453],[11.2571,47.8537]]]}},{"type":"Feature","properties":{"ags":"09771113","name":"Aichach","ewz":22222,"dist_km":48.1,"city":false,"warm_m2":15.22,"own_value":true,"m2_median":67,"share_median":0.27,"m2_p25":51,"share_p25":0.351},"geometry":{"type":"Polygon","coordinates":[[[11.1314,48.4972],[11.1229,48.5019],[11.1207,48.5002],[11.1174,48.4889],[11.1164,48.4862],[11.1062,48.4837],[11.0843,48.4764],[11.0785,48.4693],[11.0579,48.4637],[11.0546,48.4574],[11.0337,48.4598],[11.0311,48.4587],[11.0124,48.4484],[11.0151,48.4382],[11.0216,48.4363],[11.0292,48.4369],[11.0381,48.44],[11.0412,48.44],[11.0466,48.4375],[11.052,48.4328],[11.0778,48.4261],[11.0815,48.4266],[11.0782,48.4254],[11.0868,48.421],[11.0731,48.4109],[11.0714,48.3993],[11.1086,48.4004],[11.1141,48.4011],[11.1348,48.3974],[11.1496,48.3994],[11.1495,48.409],[11.1619,48.4098],[11.1775,48.4183],[11.1782,48.4175],[11.1989,48.4202],[11.2142,48.4297],[11.2107,48.4327],[11.2009,48.4427],[11.1978,48.4562],[11.2067,48.4756],[11.1995,48.4756],[11.1652,48.4842],[11.1571,48.4866],[11.149,48.494],[11.1314,48.4972]]]}},{"type":"Feature","properties":{"ags":"09771130","name":"Friedberg","ewz":30670,"dist_km":47.4,"city":false,"warm_m2":15.8,"own_value":true,"m2_median":64,"share_median":0.281,"m2_p25":49,"share_p25":0.365},"geometry":{"type":"Polygon","coordinates":[[[11.0146,48.4269],[11.0126,48.4263],[11.0048,48.4278],[10.9928,48.4215],[10.9894,48.429],[10.9739,48.4302],[10.9713,48.4271],[10.9347,48.4135],[10.9459,48.3942],[10.9577,48.3796],[10.9582,48.3691],[10.948,48.3672],[10.9545,48.3542],[10.9581,48.336],[10.9487,48.3278],[10.9523,48.3247],[10.9541,48.3239],[10.9564,48.3244],[10.9754,48.3332],[10.9772,48.3296],[10.9847,48.3177],[11.0209,48.3201],[11.0244,48.306],[11.0164,48.303],[11.0255,48.2984],[11.0572,48.304],[11.0596,48.3191],[11.068,48.3164],[11.072,48.317],[11.0754,48.328],[11.0612,48.3327],[11.0539,48.3509],[11.0611,48.3519],[11.0676,48.355],[11.0764,48.3568],[11.0797,48.3611],[11.0805,48.3645],[11.0621,48.3652],[11.0491,48.3735],[11.0181,48.379],[11.0027,48.3705],[10.995,48.3726],[11.0105,48.387],[11.0106,48.4063],[11.0005,48.406],[11.0057,48.4098],[11.0169,48.4136],[11.0234,48.4193],[11.0213,48.4229],[11.0168,48.4246],[11.0147,48.4257],[11.0146,48.4269]]]}},{"type":"Feature","properties":{"ags":"09771142","name":"Kissing","ewz":11764,"dist_km":46.2,"city":false,"warm_m2":16.03,"own_value":true,"m2_median":63,"share_median":0.285,"m2_p25":49,"share_p25":0.37},"geometry":{"type":"Polygon","coordinates":[[[10.9772,48.3296],[10.9754,48.3332],[10.9564,48.3244],[10.9541,48.3239],[10.9523,48.3247],[10.9507,48.3266],[10.9514,48.3216],[10.9482,48.3143],[10.9542,48.3079],[10.9453,48.295],[10.9478,48.286],[10.9449,48.2809],[10.9875,48.2822],[10.9982,48.2869],[11.0161,48.2887],[11.0229,48.2977],[11.0164,48.303],[11.0244,48.306],[11.0209,48.3201],[10.9847,48.3177],[10.9772,48.3296]]]}},{"type":"Feature","properties":{"ags":"09771145","name":"Merching","ewz":3283,"dist_km":42.9,"city":false,"warm_m2":14.41,"own_value":true,"m2_median":70,"share_median":0.257,"m2_p25":54,"share_p25":0.334},"geometry":{"type":"Polygon","coordinates":[[[10.9405,48.2672],[10.922,48.2673],[10.9202,48.2614],[10.9163,48.2582],[10.9108,48.2583],[10.9074,48.2515],[10.9312,48.2506],[10.9441,48.253],[10.9454,48.2466],[10.9568,48.2331],[10.9711,48.2249],[10.9825,48.2296],[10.9846,48.227],[10.9988,48.2302],[11.031,48.2311],[11.0393,48.2248],[11.0386,48.2223],[11.043,48.2224],[11.049,48.2242],[11.0415,48.2299],[11.0402,48.236],[11.0572,48.2412],[11.0571,48.2504],[11.0442,48.2499],[11.0437,48.2549],[11.0398,48.2519],[11.04,48.2494],[11.0365,48.2476],[11.0251,48.245],[11.0134,48.246],[11.0099,48.2466],[10.9918,48.2586],[10.9776,48.2498],[10.9615,48.2513],[10.9583,48.2652],[10.9423,48.2652],[10.9405,48.2672]]]}},{"type":"Feature","properties":{"ags":"09771160","name":"Ried","ewz":3218,"dist_km":40.3,"city":false,"warm_m2":14.83,"own_value":true,"m2_median":68,"share_median":0.265,"m2_p25":52,"share_p25":0.344},"geometry":{"type":"Polygon","coordinates":[[[11.068,48.3164],[11.0596,48.3191],[11.0572,48.304],[11.0255,48.2984],[11.0229,48.2977],[11.0161,48.2887],[10.9982,48.2869],[11.0109,48.2779],[11.0347,48.2797],[11.0424,48.275],[11.0558,48.2737],[11.0637,48.274],[11.078,48.2784],[11.0962,48.2603],[11.1116,48.2665],[11.1143,48.2693],[11.117,48.2782],[11.1139,48.2977],[11.1233,48.299],[11.1223,48.3141],[11.1178,48.3149],[11.096,48.307],[11.0837,48.3141],[11.0727,48.3113],[11.072,48.317],[11.068,48.3164]]]}},{"type":"Feature","properties":{"ags":"09771144","name":"Kühbach","ewz":4271,"dist_km":50.2,"city":false,"warm_m2":12.94,"own_value":true,"m2_median":78,"share_median":0.229,"m2_p25":60,"share_p25":0.298},"geometry":{"type":"Polygon","coordinates":[[[11.1769,48.5392],[11.1566,48.5462],[11.1529,48.5498],[11.1493,48.5439],[11.143,48.5429],[11.1451,48.5408],[11.146,48.5351],[11.1445,48.5161],[11.1317,48.5085],[11.1275,48.5023],[11.1314,48.4972],[11.149,48.494],[11.1571,48.4866],[11.1652,48.4842],[11.1995,48.4756],[11.2112,48.4765],[11.2119,48.4785],[11.2237,48.4781],[11.2309,48.479],[11.2394,48.4766],[11.248,48.4773],[11.2486,48.4859],[11.2204,48.491],[11.2101,48.5003],[11.2087,48.5275],[11.2027,48.5294],[11.1988,48.5289],[11.1769,48.5392]]]}},{"type":"Feature","properties":{"ags":"09771162","name":"Schiltberg","ewz":2014,"dist_km":41.8,"city":false,"warm_m2":12.47,"own_value":true,"m2_median":81,"share_median":0.222,"m2_p25":62,"share_p25":0.289},"geometry":{"type":"Polygon","coordinates":[[[11.2309,48.479],[11.2237,48.4781],[11.2119,48.4785],[11.2112,48.4765],[11.2067,48.4756],[11.1978,48.4562],[11.2009,48.4427],[11.2107,48.4327],[11.2257,48.4294],[11.254,48.4418],[11.2565,48.4405],[11.2643,48.4444],[11.301,48.4497],[11.3109,48.4529],[11.3013,48.4527],[11.3003,48.4591],[11.2954,48.4746],[11.2884,48.4736],[11.2795,48.4725],[11.2729,48.4665],[11.2657,48.4642],[11.2522,48.4757],[11.2394,48.4766],[11.2309,48.479]]]}},{"type":"Feature","properties":{"ags":"09771111","name":"Adelzhausen","ewz":1868,"dist_km":39.1,"city":false,"warm_m2":15.92,"own_value":true,"m2_median":63,"share_median":0.284,"m2_p25":49,"share_p25":0.37},"geometry":{"type":"Polygon","coordinates":[[[11.1363,48.3736],[11.1219,48.3745],[11.125,48.3645],[11.1164,48.3577],[11.1038,48.3582],[11.0968,48.3573],[11.0834,48.3583],[11.0703,48.3558],[11.0832,48.3459],[11.1101,48.341],[11.1187,48.3466],[11.1298,48.3416],[11.1558,48.352],[11.1565,48.3443],[11.1644,48.3422],[11.1641,48.3442],[11.1672,48.3456],[11.1719,48.3559],[11.168,48.3667],[11.1614,48.3684],[11.1424,48.3733],[11.1363,48.3736]]]}},{"type":"Feature","properties":{"ags":"09771122","name":"Dasing","ewz":5964,"dist_km":45.3,"city":false,"warm_m2":14.9,"own_value":true,"m2_median":68,"share_median":0.265,"m2_p25":52,"share_p25":0.345},"geometry":{"type":"Polygon","coordinates":[[[11.0731,48.4109],[11.0565,48.4116],[11.0424,48.4171],[11.0272,48.4167],[11.0248,48.4087],[11.0197,48.4122],[11.0203,48.4163],[11.0169,48.4136],[11.0057,48.4098],[11.0005,48.406],[11.0106,48.4063],[11.0105,48.387],[10.995,48.3726],[11.0027,48.3705],[11.0181,48.379],[11.0491,48.3735],[11.0621,48.3652],[11.0805,48.3645],[11.0777,48.3577],[11.0887,48.3582],[11.0968,48.3573],[11.1038,48.3582],[11.1164,48.3577],[11.125,48.3645],[11.1219,48.3745],[11.1363,48.3736],[11.1348,48.3749],[11.1419,48.3906],[11.1095,48.3941],[11.1086,48.4004],[11.0714,48.3993],[11.0731,48.4109]]]}},{"type":"Feature","properties":{"ags":"09771129","name":"Eurasburg","ewz":1908,"dist_km":39.1,"city":false,"warm_m2":15.89,"own_value":true,"m2_median":63,"share_median":0.284,"m2_p25":49,"share_p25":0.369},"geometry":{"type":"Polygon","coordinates":[[[11.1565,48.3443],[11.1558,48.352],[11.1298,48.3416],[11.1187,48.3466],[11.1101,48.341],[11.0832,48.3459],[11.0703,48.3558],[11.0611,48.3519],[11.0539,48.3509],[11.0612,48.3327],[11.0754,48.328],[11.072,48.317],[11.0727,48.3113],[11.0837,48.3141],[11.096,48.307],[11.1178,48.3149],[11.1209,48.3146],[11.127,48.3203],[11.1556,48.3263],[11.163,48.3264],[11.1667,48.343],[11.1643,48.3436],[11.1644,48.3422],[11.1565,48.3443]]]}},{"type":"Feature","properties":{"ags":"09771165","name":"Sielenbach","ewz":1864,"dist_km":40.6,"city":false,"warm_m2":14.92,"own_value":true,"m2_median":68,"share_median":0.266,"m2_p25":52,"share_p25":0.346},"geometry":{"type":"Polygon","coordinates":[[[11.1849,48.4077],[11.1775,48.4183],[11.1619,48.4098],[11.1495,48.409],[11.1496,48.3994],[11.1348,48.3974],[11.1141,48.4011],[11.1095,48.3941],[11.1419,48.3906],[11.1348,48.3749],[11.1424,48.3733],[11.1614,48.3684],[11.1725,48.3679],[11.1775,48.3652],[11.1838,48.3663],[11.1833,48.375],[11.197,48.3849],[11.1983,48.3951],[11.1894,48.3978],[11.1849,48.4077]]]}},{"type":"Feature","properties":{"ags":"09771146","name":"Mering","ewz":15264,"dist_km":43.7,"city":false,"warm_m2":16.89,"own_value":true,"m2_median":60,"share_median":0.301,"m2_p25":46,"share_p25":0.391},"geometry":{"type":"Polygon","coordinates":[[[11.0347,48.2797],[11.0109,48.2779],[10.9982,48.2869],[10.9875,48.2822],[10.9449,48.2809],[10.9423,48.2652],[10.9583,48.2652],[10.9615,48.2513],[10.9776,48.2498],[10.9918,48.2586],[11.0099,48.2466],[11.0245,48.245],[11.0392,48.2488],[11.0398,48.2519],[11.0437,48.2549],[11.0468,48.2565],[11.0666,48.2553],[11.0615,48.2682],[11.0595,48.2716],[11.0619,48.2742],[11.0558,48.2737],[11.0424,48.275],[11.0347,48.2797]]]}},{"type":"Feature","properties":{"ags":"09771163","name":"Schmiechen","ewz":1367,"dist_km":46.5,"city":false,"warm_m2":13.67,"own_value":true,"m2_median":74,"share_median":0.243,"m2_p25":57,"share_p25":0.316},"geometry":{"type":"Polygon","coordinates":[[[10.9454,48.2466],[10.9441,48.253],[10.9312,48.2506],[10.9107,48.2512],[10.9034,48.2367],[10.9281,48.2346],[10.9332,48.2247],[10.947,48.2197],[10.9439,48.2069],[10.961,48.1989],[10.982,48.2098],[10.9804,48.2186],[10.9711,48.2249],[10.9568,48.2331],[10.9454,48.2466]]]}},{"type":"Feature","properties":{"ags":"09771168","name":"Steindorf","ewz":987,"dist_km":40.9,"city":false,"warm_m2":14.12,"own_value":true,"m2_median":71,"share_median":0.252,"m2_p25":55,"share_p25":0.328},"geometry":{"type":"Polygon","coordinates":[[[11.0393,48.2248],[11.031,48.2311],[10.9988,48.2302],[10.9846,48.227],[10.9825,48.2296],[10.9804,48.2186],[10.982,48.2098],[11.0357,48.1948],[11.0368,48.1916],[11.0456,48.1972],[11.0551,48.1968],[11.0553,48.1954],[11.0592,48.1961],[11.0586,48.1982],[11.0602,48.199],[11.0605,48.2007],[11.0572,48.2123],[11.0387,48.2214],[11.0393,48.2248]]]}}]}