{"type":"FeatureCollection","meta":{"city":"Stuttgart","station":[9.1817,48.7842],"radius_km":45,"wage":{"median":5329,"p25":3873},"net":{"median":3292,"p25":2534},"share":0.3,"flat_m2":60,"stops":{"0":{"flats":119307,"rent_zensus":10.75,"rent_recent":12.44,"rent_asking":16.02,"rent_old_method":16.57,"small_premium":1.042,"nk_cold":1.2,"nk_warm":1.2,"dist_km":2.8,"rent":19.09,"rent_prev":18.47,"personas":{"median":{"net":3292,"cost":1146,"share":0.348,"share_ticket":0.366,"m2":52,"share_prev":0.337,"m2_old":92},"p25":{"net":2534,"cost":1146,"share":0.452,"share_ticket":0.475,"m2":40,"share_prev":0.437,"m2_old":71}}},"10":{"flats":234376,"rent_zensus":9.39,"rent_recent":11.37,"rent_asking":14.67,"rent_old_method":14.29,"small_premium":1.065,"nk_cold":1.2,"nk_warm":1.2,"dist_km":9.8,"rent":18.02,"rent_prev":16.42,"personas":{"median":{"net":3292,"cost":1081,"share":0.329,"share_ticket":0.346,"m2":55,"share_prev":0.299,"m2_old":105},"p25":{"net":2534,"cost":1081,"share":0.427,"share_ticket":0.45,"m2":42,"share_prev":0.389,"m2_old":81}}},"20":{"flats":150976,"rent_zensus":8.69,"rent_recent":10.03,"rent_asking":12.97,"rent_old_method":13.11,"small_premium":1.07,"nk_cold":1.2,"nk_warm":1.2,"dist_km":19.4,"rent":16.28,"rent_prev":15.23,"personas":{"median":{"net":3293,"cost":977,"share":0.297,"share_ticket":0.314,"m2":61,"share_prev":0.277,"m2_old":114},"p25":{"net":2535,"cost":977,"share":0.385,"share_ticket":0.408,"m2":47,"share_prev":0.36,"m2_old":87}}},"30":{"flats":163901,"rent_zensus":8.23,"rent_recent":9.85,"rent_asking":12.36,"rent_old_method":12.25,"small_premium":1.086,"nk_cold":1.16,"nk_warm":1.2,"dist_km":30.3,"rent":15.78,"rent_prev":14.46,"personas":{"median":{"net":3320,"cost":947,"share":0.285,"share_ticket":0.303,"m2":63,"share_prev":0.261,"m2_old":120},"p25":{"net":2558,"cost":947,"share":0.37,"share_ticket":0.393,"m2":49,"share_prev":0.339,"m2_old":92}}},"40":{"flats":174580,"rent_zensus":7.57,"rent_recent":8.9,"rent_asking":11.18,"rent_old_method":11.31,"small_premium":1.09,"nk_cold":1.19,"nk_warm":1.2,"dist_km":39.6,"rent":14.58,"rent_prev":13.52,"personas":{"median":{"net":3343,"cost":875,"share":0.262,"share_ticket":0.279,"m2":69,"share_prev":0.243,"m2_old":130},"p25":{"net":2578,"cost":875,"share":0.339,"share_ticket":0.362,"m2":53,"share_prev":0.315,"m2_old":100}}}}},"features":[{"type":"Feature","properties":{"ags":"08111000","name":"Stuttgart","ewz":633484,"dist_km":1,"city":true,"warm_m2":19.22,"own_value":true,"m2_median":51,"share_median":0.35,"m2_p25":40,"share_p25":0.455},"geometry":{"type":"Polygon","coordinates":[[[9.2252,48.866],[9.2206,48.8672],[9.2153,48.8633],[9.2059,48.8614],[9.2049,48.8544],[9.1901,48.8478],[9.1654,48.8513],[9.1536,48.8612],[9.1337,48.8575],[9.1342,48.853],[9.1426,48.8453],[9.1381,48.8281],[9.1152,48.8229],[9.0994,48.8293],[9.0941,48.8382],[9.0852,48.8331],[9.0799,48.8156],[9.0806,48.8131],[9.0867,48.8083],[9.084,48.7971],[9.075,48.7871],[9.0882,48.782],[9.0779,48.7548],[9.068,48.7566],[9.0594,48.7466],[9.0401,48.7435],[9.0524,48.7404],[9.0561,48.7331],[9.0934,48.7116],[9.1183,48.7071],[9.1394,48.7082],[9.1668,48.7053],[9.2022,48.6902],[9.2452,48.6946],[9.2397,48.6983],[9.2408,48.7098],[9.2297,48.71],[9.2132,48.7262],[9.2143,48.7314],[9.2249,48.7317],[9.2451,48.7442],[9.2529,48.7405],[9.2559,48.7426],[9.2578,48.7429],[9.2698,48.7556],[9.2761,48.7701],[9.2882,48.7689],[9.3022,48.7759],[9.3136,48.7745],[9.3152,48.779],[9.3073,48.7784],[9.2936,48.7823],[9.2952,48.7891],[9.2756,48.7901],[9.2547,48.8002],[9.2532,48.8092],[9.2572,48.8099],[9.2531,48.8198],[9.2434,48.8229],[9.2436,48.8261],[9.2373,48.8418],[9.2442,48.847],[9.2422,48.8473],[9.2401,48.846],[9.2336,48.8494],[9.2248,48.8642],[9.2252,48.866]]]}},{"type":"Feature","properties":{"ags":"08115003","name":"Böblingen","ewz":52093,"dist_km":17.3,"city":false,"warm_m2":18.05,"own_value":true,"m2_median":55,"share_median":0.329,"m2_p25":42,"share_p25":0.427},"geometry":{"type":"Polygon","coordinates":[[[9.073,48.6932],[9.0594,48.7014],[9.0478,48.7024],[9.0267,48.6997],[9.0112,48.693],[8.9871,48.6876],[8.9686,48.6989],[8.9485,48.6977],[8.9441,48.6828],[8.9321,48.6762],[8.9385,48.6715],[8.9657,48.6717],[8.9749,48.6692],[8.9812,48.6596],[8.9839,48.6549],[8.9877,48.656],[8.9912,48.6553],[8.9966,48.6568],[9.0106,48.6564],[9.0105,48.6601],[9.0217,48.6642],[9.0366,48.6635],[9.0622,48.6727],[9.0745,48.6737],[9.0815,48.672],[9.0878,48.6723],[9.0854,48.6748],[9.0849,48.6805],[9.1122,48.6913],[9.1034,48.6979],[9.0944,48.7011],[9.0867,48.7004],[9.0763,48.6957],[9.073,48.6932]]]}},{"type":"Feature","properties":{"ags":"08115028","name":"Leonberg","ewz":49845,"dist_km":13.3,"city":false,"warm_m2":17.82,"own_value":true,"m2_median":55,"share_median":0.325,"m2_p25":43,"share_p25":0.422},"geometry":{"type":"Polygon","coordinates":[[[9.0003,48.8279],[8.988,48.8332],[8.9708,48.8325],[8.9625,48.8234],[8.9617,48.8072],[8.9668,48.8044],[8.9576,48.7898],[8.9668,48.7863],[8.9745,48.7727],[8.9722,48.763],[8.972,48.7623],[8.9831,48.755],[9.0068,48.7581],[9.0233,48.7519],[9.0361,48.7513],[9.0372,48.7454],[9.0594,48.7466],[9.068,48.7566],[9.0514,48.7635],[9.0422,48.7835],[9.0434,48.7893],[9.0302,48.7994],[9.0374,48.8081],[9.0424,48.8093],[9.0464,48.8148],[9.0364,48.8257],[9.0214,48.8295],[9.0003,48.8279]]]}},{"type":"Feature","properties":{"ags":"08115029","name":"Magstadt","ewz":9807,"dist_km":15.2,"city":false,"warm_m2":16.24,"own_value":true,"m2_median":61,"share_median":0.296,"m2_p25":47,"share_p25":0.385},"geometry":{"type":"Polygon","coordinates":[[[8.972,48.7623],[8.9608,48.7634],[8.9416,48.7554],[8.9424,48.7505],[8.9314,48.7458],[8.9434,48.7404],[8.9412,48.7337],[8.9347,48.7344],[8.9341,48.7361],[8.9291,48.7351],[8.9301,48.7326],[8.932,48.7299],[8.9356,48.7308],[8.9372,48.7283],[8.9412,48.7301],[8.9416,48.7295],[8.9671,48.7298],[8.9731,48.7315],[8.9915,48.7312],[9.019,48.7364],[9.0364,48.7472],[9.0361,48.7513],[9.0233,48.7519],[9.0068,48.7581],[8.9831,48.755],[8.972,48.7623]]]}},{"type":"Feature","properties":{"ags":"08115041","name":"Renningen","ewz":18655,"dist_km":18.7,"city":false,"warm_m2":17.25,"own_value":true,"m2_median":57,"share_median":0.314,"m2_p25":44,"share_p25":0.408},"geometry":{"type":"Polygon","coordinates":[[[8.923,48.7985],[8.9103,48.805],[8.9016,48.8038],[8.8979,48.7988],[8.8917,48.7976],[8.8827,48.7865],[8.8855,48.7625],[8.9057,48.7614],[8.9091,48.7388],[8.9283,48.7379],[8.9291,48.7351],[8.9341,48.7361],[8.9347,48.7344],[8.9412,48.7337],[8.9434,48.7404],[8.9314,48.7458],[8.9424,48.7505],[8.9416,48.7554],[8.9608,48.7634],[8.9722,48.763],[8.9745,48.7727],[8.9668,48.7863],[8.9576,48.7898],[8.923,48.7985]]]}},{"type":"Feature","properties":{"ags":"08115042","name":"Rutesheim","ewz":11194,"dist_km":18.9,"city":false,"warm_m2":16.7,"own_value":true,"m2_median":59,"share_median":0.304,"m2_p25":46,"share_p25":0.395},"geometry":{"type":"MultiPolygon","coordinates":[[[[8.9625,48.8234],[8.9659,48.8298],[8.9538,48.8316],[8.9298,48.8274],[8.9099,48.816],[8.9008,48.8194],[8.9024,48.8155],[8.8998,48.8157],[8.8928,48.8131],[8.8916,48.8035],[8.9009,48.8018],[8.9016,48.8038],[8.9103,48.805],[8.923,48.7985],[8.9576,48.7898],[8.9668,48.8044],[8.9617,48.8072],[8.9625,48.8234]]],[[[8.894,48.821],[8.8921,48.8248],[8.8882,48.8282],[8.8847,48.8299],[8.8754,48.8255],[8.8902,48.8219],[8.894,48.821]]]]}},{"type":"Feature","properties":{"ags":"08115044","name":"Schönaich","ewz":11010,"dist_km":16.4,"city":false,"warm_m2":16.38,"own_value":true,"m2_median":60,"share_median":0.299,"m2_p25":46,"share_p25":0.388},"geometry":{"type":"Polygon","coordinates":[[[9.0896,48.6696],[9.0891,48.6726],[9.0876,48.6746],[9.0853,48.6752],[9.0878,48.6723],[9.0815,48.672],[9.0745,48.6737],[9.0622,48.6727],[9.0366,48.6635],[9.0217,48.6642],[9.0224,48.6621],[9.0328,48.6538],[9.0441,48.6432],[9.0505,48.6431],[9.068,48.6481],[9.0842,48.6427],[9.0891,48.6457],[9.0988,48.6494],[9.0907,48.6482],[9.0916,48.6508],[9.1038,48.6543],[9.105,48.6621],[9.0896,48.6696]]]}},{"type":"Feature","properties":{"ags":"08115045","name":"Sindelfingen","ewz":65504,"dist_km":14.7,"city":false,"warm_m2":17.26,"own_value":true,"m2_median":57,"share_median":0.315,"m2_p25":44,"share_p25":0.409},"geometry":{"type":"Polygon","coordinates":[[[9.0364,48.7472],[9.019,48.7364],[8.9915,48.7312],[8.9731,48.7315],[8.9671,48.7298],[8.9416,48.7295],[8.9412,48.7301],[8.9372,48.7283],[8.9388,48.7266],[8.9323,48.7073],[8.9235,48.6979],[8.9065,48.6965],[8.905,48.6948],[8.9052,48.6912],[8.9101,48.6854],[8.9266,48.6848],[8.93,48.6763],[8.9263,48.6765],[8.9282,48.6737],[8.9321,48.6762],[8.9441,48.6828],[8.9485,48.6977],[8.9686,48.6989],[8.9871,48.6876],[9.0112,48.693],[9.0267,48.6997],[9.0478,48.7024],[9.0594,48.7014],[9.073,48.6932],[9.0846,48.6996],[9.0918,48.7011],[9.0951,48.7009],[9.1071,48.6972],[9.1047,48.7091],[9.0934,48.7116],[9.0561,48.7331],[9.0524,48.7404],[9.0401,48.7435],[9.0372,48.7454],[9.0364,48.7472]]]}},{"type":"Feature","properties":{"ags":"08115050","name":"Weil der Stadt","ewz":19340,"dist_km":23.3,"city":false,"warm_m2":15.9,"own_value":true,"m2_median":62,"share_median":0.289,"m2_p25":48,"share_p25":0.375},"geometry":{"type":"Polygon","coordinates":[[[8.8917,48.7976],[8.8961,48.7983],[8.8869,48.8024],[8.8678,48.7924],[8.8475,48.7926],[8.8424,48.7994],[8.8261,48.792],[8.8111,48.7809],[8.8078,48.7814],[8.7994,48.7737],[8.8114,48.7657],[8.8193,48.7634],[8.8355,48.7541],[8.8335,48.7432],[8.832,48.7421],[8.8292,48.7365],[8.8545,48.7346],[8.8618,48.7324],[8.8734,48.7276],[8.8786,48.7248],[8.8778,48.7236],[8.9006,48.7174],[8.9071,48.7232],[8.932,48.7299],[8.9301,48.7326],[8.9283,48.7379],[8.9091,48.7388],[8.9057,48.7614],[8.8855,48.7625],[8.8827,48.7865],[8.8917,48.7976]]]}},{"type":"Feature","properties":{"ags":"08115051","name":"Weil im Schönbuch","ewz":10274,"dist_km":20.6,"city":false,"warm_m2":15.7,"own_value":true,"m2_median":63,"share_median":0.286,"m2_p25":48,"share_p25":0.371},"geometry":{"type":"MultiPolygon","coordinates":[[[[9.0842,48.6427],[9.068,48.6481],[9.0505,48.6431],[9.0486,48.6418],[9.0288,48.6299],[9.0296,48.6127],[9.0223,48.6074],[9.0237,48.5994],[9.0366,48.5902],[9.0431,48.5882],[9.0521,48.5932],[9.0571,48.5937],[9.0577,48.5913],[9.0792,48.5888],[9.0779,48.598],[9.0896,48.6031],[9.0956,48.6217],[9.1009,48.6246],[9.0984,48.6293],[9.0952,48.6352],[9.0923,48.6366],[9.0842,48.6427]]],[[[9.1022,48.6508],[9.0916,48.6508],[9.0907,48.6482],[9.0988,48.6494],[9.0934,48.6475],[9.0992,48.6487],[9.1041,48.6473],[9.1022,48.6508]]]]}},{"type":"Feature","properties":{"ags":"08115052","name":"Weissach","ewz":7709,"dist_km":20.1,"city":false,"warm_m2":15.9,"own_value":true,"m2_median":62,"share_median":0.29,"m2_p25":48,"share_p25":0.376},"geometry":{"type":"Polygon","coordinates":[[[8.9581,48.8548],[8.9342,48.8677],[8.9288,48.8666],[8.9195,48.8666],[8.9053,48.8623],[8.8982,48.8515],[8.8948,48.8469],[8.873,48.8362],[8.8859,48.8304],[8.8847,48.8299],[8.8913,48.8259],[8.894,48.821],[8.9099,48.816],[8.9298,48.8274],[8.9538,48.8316],[8.9659,48.8298],[8.9569,48.8411],[8.9612,48.8467],[8.9581,48.8548]]]}},{"type":"Feature","properties":{"ags":"08115001","name":"Aidlingen","ewz":9429,"dist_km":24.9,"city":false,"warm_m2":15.75,"own_value":true,"m2_median":63,"share_median":0.286,"m2_p25":49,"share_p25":0.371},"geometry":{"type":"Polygon","coordinates":[[[8.9029,48.6988],[8.8999,48.7092],[8.8621,48.7003],[8.8632,48.6972],[8.8472,48.6854],[8.8273,48.6769],[8.8258,48.6695],[8.8179,48.6689],[8.8194,48.6663],[8.8187,48.6645],[8.8261,48.6666],[8.8421,48.6644],[8.8451,48.6609],[8.8531,48.6622],[8.8686,48.6589],[8.8845,48.6555],[8.9003,48.6573],[8.9166,48.6642],[8.9246,48.6722],[8.9263,48.6765],[8.93,48.6763],[8.9266,48.6848],[8.9101,48.6854],[8.9052,48.6912],[8.905,48.6948],[8.9029,48.6988]]]}},{"type":"Feature","properties":{"ags":"08115054","name":"Grafenau","ewz":6779,"dist_km":22.4,"city":false,"warm_m2":16.53,"own_value":true,"m2_median":60,"share_median":0.3,"m2_p25":46,"share_p25":0.39},"geometry":{"type":"Polygon","coordinates":[[[8.932,48.7299],[8.9071,48.7232],[8.9006,48.7174],[8.8778,48.7236],[8.8756,48.7212],[8.8645,48.7191],[8.8553,48.7069],[8.8606,48.7035],[8.8621,48.7003],[8.8999,48.7092],[8.9029,48.6988],[8.9065,48.6965],[8.9235,48.6979],[8.9323,48.7073],[8.9388,48.7266],[8.9356,48.7308],[8.932,48.7299]]]}},{"type":"Feature","properties":{"ags":"08115013","name":"Ehningen","ewz":9399,"dist_km":22.6,"city":false,"warm_m2":16.83,"own_value":true,"m2_median":59,"share_median":0.306,"m2_p25":45,"share_p25":0.397},"geometry":{"type":"Polygon","coordinates":[[[8.9282,48.6737],[8.9246,48.6722],[8.9166,48.6642],[8.9003,48.6573],[8.9159,48.6463],[8.9496,48.6374],[8.9666,48.6407],[8.9687,48.6427],[8.9826,48.6458],[8.9838,48.6479],[8.9874,48.6481],[8.9878,48.6499],[8.9909,48.6532],[8.9862,48.6517],[8.9812,48.6596],[8.9749,48.6692],[8.9657,48.6717],[8.9385,48.6715],[8.9282,48.6737]]]}},{"type":"Feature","properties":{"ags":"08115015","name":"Gärtringen","ewz":12852,"dist_km":26.5,"city":false,"warm_m2":16.86,"own_value":true,"m2_median":59,"share_median":0.306,"m2_p25":45,"share_p25":0.397},"geometry":{"type":"Polygon","coordinates":[[[8.8686,48.6589],[8.8531,48.6622],[8.8451,48.6609],[8.8525,48.6472],[8.8519,48.6409],[8.8489,48.639],[8.8672,48.627],[8.8699,48.6286],[8.8771,48.6331],[8.9068,48.6363],[8.9075,48.6344],[8.9217,48.6323],[8.9144,48.6227],[8.9209,48.6198],[8.9261,48.6147],[8.9297,48.6143],[8.9347,48.6176],[8.9464,48.6202],[8.9482,48.6292],[8.969,48.641],[8.9496,48.6374],[8.9159,48.6463],[8.9003,48.6573],[8.8845,48.6555],[8.8686,48.6589]]]}},{"type":"Feature","properties":{"ags":"08115010","name":"Deckenpfronn","ewz":3486,"dist_km":30.1,"city":false,"warm_m2":14.55,"own_value":true,"m2_median":68,"share_median":0.263,"m2_p25":53,"share_p25":0.341},"geometry":{"type":"Polygon","coordinates":[[[8.8261,48.6666],[8.8088,48.6628],[8.7987,48.6586],[8.7978,48.6431],[8.7908,48.6382],[8.8012,48.6337],[8.8264,48.6395],[8.8385,48.6388],[8.8519,48.6409],[8.852,48.649],[8.8421,48.6644],[8.8261,48.6666]]]}},{"type":"Feature","properties":{"ags":"08115021","name":"Herrenberg","ewz":32961,"dist_km":30,"city":false,"warm_m2":16.27,"own_value":true,"m2_median":61,"share_median":0.294,"m2_p25":47,"share_p25":0.382},"geometry":{"type":"Polygon","coordinates":[[[8.8385,48.6388],[8.8264,48.6395],[8.8012,48.6337],[8.7956,48.6351],[8.7899,48.6291],[8.7974,48.6208],[8.801,48.6112],[8.795,48.609],[8.7949,48.5943],[8.801,48.5936],[8.8219,48.5746],[8.8446,48.5729],[8.8546,48.5767],[8.8567,48.5642],[8.8871,48.5613],[8.8884,48.5608],[8.9113,48.5722],[8.9242,48.5709],[8.9322,48.5644],[8.9452,48.5675],[8.9357,48.5774],[8.9489,48.5802],[8.9492,48.5871],[8.9666,48.5872],[8.9789,48.5899],[8.9779,48.5962],[8.9825,48.5999],[8.9827,48.6017],[8.979,48.5992],[8.9501,48.6084],[8.9197,48.6055],[8.9152,48.6109],[8.8924,48.6058],[8.8687,48.6163],[8.8643,48.6247],[8.8672,48.627],[8.8489,48.639],[8.8385,48.6388]]]}},{"type":"Feature","properties":{"ags":"08115037","name":"Nufringen","ewz":5975,"dist_km":28,"city":false,"warm_m2":17.5,"own_value":true,"m2_median":57,"share_median":0.317,"m2_p25":44,"share_p25":0.411},"geometry":{"type":"Polygon","coordinates":[[[8.9075,48.6344],[8.9068,48.6363],[8.8771,48.6331],[8.8699,48.6286],[8.8643,48.6247],[8.8687,48.6163],[8.8924,48.6058],[8.9152,48.6109],[8.9192,48.6073],[8.928,48.6135],[8.9297,48.6143],[8.9246,48.6151],[8.9209,48.6198],[8.9144,48.6227],[8.9217,48.6323],[8.9075,48.6344]]]}},{"type":"Feature","properties":{"ags":"08115002","name":"Altdorf","ewz":4642,"dist_km":23.4,"city":false,"warm_m2":16.45,"own_value":true,"m2_median":60,"share_median":0.299,"m2_p25":46,"share_p25":0.388},"geometry":{"type":"Polygon","coordinates":[[[8.9845,48.6478],[8.9801,48.6433],[8.9766,48.6315],[8.9793,48.6185],[8.9874,48.604],[8.9827,48.6017],[8.9825,48.5999],[8.9779,48.5962],[8.9789,48.5899],[8.9857,48.591],[8.9976,48.5873],[9.0134,48.5865],[9.031,48.5785],[9.0405,48.5874],[9.0431,48.5882],[9.0366,48.5902],[9.0237,48.5994],[9.0223,48.6074],[9.0152,48.6139],[9.0136,48.6256],[9.0085,48.6321],[8.9974,48.6372],[8.9967,48.6407],[8.9935,48.6432],[8.9845,48.6478]]]}},{"type":"Feature","properties":{"ags":"08115022","name":"Hildrizhausen","ewz":3676,"dist_km":24,"city":false,"warm_m2":15.29,"own_value":true,"m2_median":65,"share_median":0.278,"m2_p25":50,"share_p25":0.361},"geometry":{"type":"Polygon","coordinates":[[[8.9874,48.604],[8.9793,48.6185],[8.9766,48.6315],[8.9801,48.6433],[8.9826,48.6458],[8.9687,48.6427],[8.9666,48.6407],[8.969,48.641],[8.9482,48.6292],[8.9464,48.6202],[8.9347,48.6176],[8.928,48.6135],[8.9192,48.6073],[8.9197,48.6055],[8.9501,48.6084],[8.979,48.5992],[8.9874,48.604]]]}},{"type":"Feature","properties":{"ags":"08115024","name":"Holzgerlingen","ewz":13841,"dist_km":20.4,"city":false,"warm_m2":17.22,"own_value":true,"m2_median":57,"share_median":0.314,"m2_p25":44,"share_p25":0.407},"geometry":{"type":"Polygon","coordinates":[[[9.0328,48.6538],[9.0224,48.6621],[9.0217,48.6642],[9.0105,48.6601],[9.0106,48.6564],[8.9966,48.6568],[8.9912,48.6553],[8.9877,48.656],[8.9839,48.6549],[8.9862,48.6517],[8.9909,48.6532],[8.9878,48.6499],[8.9874,48.6481],[8.9845,48.6478],[8.9935,48.6432],[8.9967,48.6407],[8.9974,48.6372],[9.0085,48.6321],[9.0136,48.6256],[9.0152,48.6139],[9.0223,48.6074],[9.0296,48.6127],[9.0288,48.6299],[9.0486,48.6418],[9.0441,48.6432],[9.0328,48.6538]]]}},{"type":"Feature","properties":{"ags":"08115004","name":"Bondorf","ewz":6335,"dist_km":39.4,"city":false,"warm_m2":15.33,"own_value":true,"m2_median":65,"share_median":0.275,"m2_p25":50,"share_p25":0.357},"geometry":{"type":"Polygon","coordinates":[[[8.8185,48.5423],[8.8152,48.542],[8.8072,48.5399],[8.8049,48.5364],[8.7874,48.5297],[8.7881,48.5245],[8.7848,48.5209],[8.7899,48.5201],[8.7964,48.5103],[8.8356,48.5032],[8.8391,48.499],[8.8467,48.5001],[8.8449,48.5091],[8.8584,48.5167],[8.86,48.5265],[8.853,48.5331],[8.8511,48.54],[8.8298,48.5391],[8.8185,48.5423]]]}},{"type":"Feature","properties":{"ags":"08115016","name":"Gäufelden","ewz":9282,"dist_km":35.5,"city":false,"warm_m2":14.97,"own_value":true,"m2_median":67,"share_median":0.27,"m2_p25":51,"share_p25":0.35},"geometry":{"type":"Polygon","coordinates":[[[8.8567,48.5642],[8.8546,48.5767],[8.8446,48.5729],[8.8219,48.5746],[8.8211,48.5649],[8.7969,48.5632],[8.7915,48.5562],[8.7969,48.5519],[8.7953,48.5511],[8.7956,48.5483],[8.8083,48.5444],[8.8072,48.5399],[8.8152,48.542],[8.8185,48.5423],[8.8298,48.5391],[8.8511,48.54],[8.8509,48.5372],[8.8662,48.5402],[8.8834,48.5408],[8.8897,48.5603],[8.8871,48.5613],[8.8567,48.5642]]]}},{"type":"Feature","properties":{"ags":"08115034","name":"Mötzingen","ewz":3774,"dist_km":40.8,"city":false,"warm_m2":14.65,"own_value":true,"m2_median":69,"share_median":0.263,"m2_p25":53,"share_p25":0.341},"geometry":{"type":"Polygon","coordinates":[[[8.7925,48.5493],[8.7733,48.5499],[8.7584,48.5444],[8.7634,48.5379],[8.7595,48.5257],[8.765,48.5221],[8.7689,48.5218],[8.7718,48.5243],[8.7848,48.5209],[8.7881,48.5245],[8.7874,48.5297],[8.8049,48.5364],[8.8083,48.5444],[8.7925,48.5493]]]}},{"type":"Feature","properties":{"ags":"08115053","name":"Jettingen","ewz":8199,"dist_km":37.2,"city":false,"warm_m2":14.3,"own_value":true,"m2_median":70,"share_median":0.257,"m2_p25":54,"share_p25":0.334},"geometry":{"type":"Polygon","coordinates":[[[8.79,48.5966],[8.7599,48.6029],[8.7465,48.5962],[8.7513,48.5934],[8.755,48.5755],[8.7582,48.556],[8.7733,48.5499],[8.7925,48.5493],[8.7956,48.5483],[8.7953,48.5511],[8.7969,48.5519],[8.7915,48.5562],[8.7969,48.5632],[8.8211,48.5649],[8.8219,48.5746],[8.801,48.5936],[8.796,48.5938],[8.79,48.5966]]]}},{"type":"Feature","properties":{"ags":"08115046","name":"Steinenbronn","ewz":6461,"dist_km":14.4,"city":false,"warm_m2":16.18,"own_value":true,"m2_median":61,"share_median":0.295,"m2_p25":47,"share_p25":0.383},"geometry":{"type":"Polygon","coordinates":[[[9.1151,48.6774],[9.0989,48.6789],[9.0886,48.6739],[9.0896,48.6696],[9.105,48.6621],[9.1038,48.6543],[9.1022,48.6508],[9.1145,48.6432],[9.1391,48.658],[9.1441,48.6529],[9.1478,48.6507],[9.1509,48.6505],[9.1546,48.6578],[9.1247,48.6747],[9.1151,48.6774]]]}},{"type":"Feature","properties":{"ags":"08115048","name":"Waldenbuch","ewz":8796,"dist_km":17.8,"city":false,"warm_m2":15.98,"own_value":true,"m2_median":62,"share_median":0.291,"m2_p25":48,"share_p25":0.378},"geometry":{"type":"Polygon","coordinates":[[[9.1478,48.6507],[9.1441,48.6529],[9.1391,48.658],[9.1145,48.6432],[9.1041,48.6473],[9.0992,48.6487],[9.0934,48.6475],[9.088,48.6449],[9.0923,48.6366],[9.0952,48.6352],[9.0984,48.6293],[9.1009,48.6246],[9.1078,48.6228],[9.1083,48.6163],[9.1127,48.6071],[9.1129,48.6033],[9.1215,48.6004],[9.131,48.6017],[9.1373,48.6013],[9.1512,48.6041],[9.1439,48.6179],[9.1671,48.6245],[9.1741,48.6328],[9.1669,48.6392],[9.166,48.6438],[9.1509,48.6505],[9.1478,48.6507]]]}},{"type":"Feature","properties":{"ags":"08116015","name":"Denkendorf","ewz":11312,"dist_km":14.1,"city":false,"warm_m2":16.57,"own_value":true,"m2_median":60,"share_median":0.302,"m2_p25":46,"share_p25":0.392},"geometry":{"type":"Polygon","coordinates":[[[9.371,48.7042],[9.3591,48.7131],[9.3428,48.7066],[9.3139,48.7106],[9.3063,48.708],[9.2902,48.6983],[9.2874,48.6984],[9.2899,48.6885],[9.3052,48.6788],[9.3093,48.6704],[9.3181,48.6734],[9.3295,48.6788],[9.3349,48.6928],[9.3607,48.704],[9.371,48.7042]]]}},{"type":"Feature","properties":{"ags":"08116019","name":"Esslingen am Neckar","ewz":95881,"dist_km":12.3,"city":false,"warm_m2":17.08,"own_value":true,"m2_median":58,"share_median":0.311,"m2_p25":45,"share_p25":0.404},"geometry":{"type":"Polygon","coordinates":[[[9.3136,48.7745],[9.3022,48.7759],[9.2882,48.7689],[9.2761,48.7701],[9.2698,48.7556],[9.2578,48.7429],[9.2563,48.7408],[9.2853,48.726],[9.2997,48.7213],[9.3122,48.71],[9.3139,48.7106],[9.3428,48.7066],[9.3591,48.7131],[9.3659,48.7191],[9.361,48.7195],[9.3693,48.7295],[9.3916,48.7358],[9.3941,48.7262],[9.3971,48.7259],[9.4038,48.7351],[9.4165,48.7426],[9.4124,48.7474],[9.4074,48.7452],[9.3841,48.7452],[9.3741,48.7485],[9.362,48.7553],[9.352,48.7598],[9.3437,48.769],[9.3419,48.7675],[9.3207,48.7717],[9.3136,48.7745]]]}},{"type":"Feature","properties":{"ags":"08116047","name":"Neuhausen auf den Fildern","ewz":12485,"dist_km":13.1,"city":false,"warm_m2":16.76,"own_value":true,"m2_median":59,"share_median":0.305,"m2_p25":45,"share_p25":0.397},"geometry":{"type":"Polygon","coordinates":[[[9.2874,48.6984],[9.2828,48.6994],[9.2452,48.6946],[9.2548,48.6738],[9.2706,48.6644],[9.2878,48.6665],[9.2991,48.6648],[9.3097,48.6611],[9.3168,48.6601],[9.3171,48.6609],[9.3093,48.6704],[9.3052,48.6788],[9.2899,48.6885],[9.2874,48.6984]]]}},{"type":"Feature","properties":{"ags":"08116072","name":"Wernau (Neckar)","ewz":12443,"dist_km":20.8,"city":false,"warm_m2":15.61,"own_value":true,"m2_median":63,"share_median":0.284,"m2_p25":49,"share_p25":0.369},"geometry":{"type":"Polygon","coordinates":[[[9.4288,48.7028],[9.4165,48.7054],[9.4085,48.7075],[9.4023,48.7041],[9.3944,48.6999],[9.3902,48.6889],[9.413,48.6813],[9.4223,48.6731],[9.4218,48.6723],[9.4317,48.6675],[9.4385,48.6716],[9.4508,48.6846],[9.447,48.6976],[9.4352,48.6989],[9.4288,48.7028]]]}},{"type":"Feature","properties":{"ags":"08116076","name":"Aichwald","ewz":7637,"dist_km":14.7,"city":false,"warm_m2":16.22,"own_value":true,"m2_median":61,"share_median":0.296,"m2_p25":47,"share_p25":0.384},"geometry":{"type":"Polygon","coordinates":[[[9.345,48.7674],[9.3526,48.7593],[9.362,48.7553],[9.3741,48.7485],[9.3841,48.7452],[9.4074,48.7452],[9.4124,48.7474],[9.415,48.7566],[9.4191,48.7601],[9.4151,48.7651],[9.4117,48.7737],[9.3989,48.784],[9.3908,48.7882],[9.3826,48.7828],[9.3865,48.7704],[9.3655,48.7697],[9.3544,48.7741],[9.3525,48.7696],[9.3447,48.7702],[9.345,48.7674]]]}},{"type":"Feature","properties":{"ags":"08116077","name":"Filderstadt","ewz":46295,"dist_km":14.3,"city":false,"warm_m2":16.88,"own_value":true,"m2_median":59,"share_median":0.308,"m2_p25":45,"share_p25":0.4},"geometry":{"type":"Polygon","coordinates":[[[9.2452,48.6946],[9.2022,48.6902],[9.1812,48.6645],[9.1602,48.6542],[9.1625,48.6459],[9.166,48.6438],[9.1669,48.6392],[9.1805,48.6332],[9.2224,48.6237],[9.226,48.6374],[9.2379,48.6414],[9.2555,48.6407],[9.2595,48.6467],[9.268,48.6606],[9.2706,48.6644],[9.2548,48.6738],[9.2452,48.6946]]]}},{"type":"Feature","properties":{"ags":"08116078","name":"Leinfelden-Echterdingen","ewz":40526,"dist_km":12.1,"city":false,"warm_m2":18.34,"own_value":true,"m2_median":54,"share_median":0.334,"m2_p25":41,"share_p25":0.434},"geometry":{"type":"Polygon","coordinates":[[[9.1183,48.7071],[9.1047,48.7091],[9.1071,48.6972],[9.1034,48.6979],[9.1122,48.6913],[9.0849,48.6805],[9.0853,48.6752],[9.0886,48.6739],[9.0989,48.6789],[9.1151,48.6774],[9.1247,48.6747],[9.1546,48.6578],[9.1625,48.6459],[9.1602,48.6542],[9.1812,48.6645],[9.2022,48.6902],[9.1668,48.7053],[9.1394,48.7082],[9.1183,48.7071]]]}},{"type":"Feature","properties":{"ags":"08116080","name":"Ostfildern","ewz":39833,"dist_km":9.8,"city":false,"warm_m2":16.91,"own_value":true,"m2_median":58,"share_median":0.308,"m2_p25":45,"share_p25":0.4},"geometry":{"type":"Polygon","coordinates":[[[9.2529,48.7405],[9.2451,48.7442],[9.2249,48.7317],[9.2143,48.7314],[9.2132,48.7262],[9.2297,48.71],[9.2408,48.7098],[9.2397,48.6983],[9.2452,48.6946],[9.2828,48.6994],[9.2902,48.6983],[9.3063,48.708],[9.3122,48.71],[9.2997,48.7213],[9.2853,48.726],[9.2563,48.7408],[9.2559,48.7426],[9.2529,48.7405]]]}},{"type":"Feature","properties":{"ags":"08116081","name":"Aichtal","ewz":10031,"dist_km":18.2,"city":false,"warm_m2":15.19,"own_value":true,"m2_median":65,"share_median":0.277,"m2_p25":50,"share_p25":0.36},"geometry":{"type":"Polygon","coordinates":[[[9.2855,48.6422],[9.2626,48.6511],[9.2595,48.6467],[9.2555,48.6407],[9.2379,48.6414],[9.226,48.6374],[9.2224,48.6237],[9.1805,48.6332],[9.1741,48.6328],[9.1671,48.6245],[9.1439,48.6179],[9.1512,48.6041],[9.1539,48.6056],[9.18,48.6053],[9.1797,48.6046],[9.1874,48.6058],[9.1884,48.6069],[9.1932,48.6077],[9.194,48.6099],[9.2125,48.622],[9.2214,48.6192],[9.2178,48.6168],[9.2379,48.6128],[9.2408,48.6166],[9.2561,48.6229],[9.2805,48.6232],[9.2816,48.6304],[9.2938,48.6344],[9.2855,48.6422]]]}},{"type":"Feature","properties":{"ags":"08116016","name":"Dettingen unter Teck","ewz":6312,"dist_km":27.2,"city":false,"warm_m2":15.07,"own_value":true,"m2_median":66,"share_median":0.273,"m2_p25":51,"share_p25":0.354},"geometry":{"type":"Polygon","coordinates":[[[9.4797,48.6103],[9.4734,48.6174],[9.4736,48.6286],[9.4459,48.6319],[9.4294,48.6191],[9.4187,48.6157],[9.4168,48.6173],[9.4109,48.6077],[9.4119,48.6063],[9.4049,48.599],[9.4028,48.5989],[9.4033,48.5972],[9.4119,48.5941],[9.4144,48.5969],[9.4203,48.5948],[9.4319,48.5939],[9.4356,48.5981],[9.4473,48.6001],[9.4604,48.5991],[9.4662,48.6002],[9.4709,48.5986],[9.4742,48.599],[9.4736,48.6021],[9.4785,48.6099],[9.4797,48.6103]]]}},{"type":"Feature","properties":{"ags":"08116033","name":"Kirchheim unter Teck","ewz":42178,"dist_km":25.6,"city":false,"warm_m2":15.55,"own_value":true,"m2_median":64,"share_median":0.282,"m2_p25":49,"share_p25":0.366},"geometry":{"type":"Polygon","coordinates":[[[9.4317,48.6675],[9.4289,48.6691],[9.4218,48.6723],[9.4204,48.669],[9.3996,48.6575],[9.394,48.6479],[9.3919,48.6476],[9.3919,48.6459],[9.3952,48.6448],[9.3954,48.6414],[9.3951,48.6343],[9.3976,48.6305],[9.4148,48.6213],[9.4187,48.6157],[9.4294,48.6191],[9.4459,48.6319],[9.4736,48.6286],[9.4734,48.6174],[9.4797,48.6103],[9.4911,48.6091],[9.5021,48.61],[9.5081,48.6087],[9.5082,48.6095],[9.5111,48.6094],[9.5093,48.611],[9.4997,48.6252],[9.4996,48.6327],[9.5087,48.6317],[9.5115,48.6327],[9.5043,48.6372],[9.5149,48.6423],[9.5141,48.6431],[9.5079,48.6537],[9.5235,48.6581],[9.5237,48.6602],[9.5107,48.6594],[9.4999,48.6664],[9.4921,48.6663],[9.4911,48.6689],[9.4842,48.6673],[9.4844,48.6699],[9.4781,48.6699],[9.4414,48.662],[9.4378,48.666],[9.4317,48.6675]]]}},{"type":"Feature","properties":{"ags":"08116048","name":"Notzingen","ewz":3610,"dist_km":24.3,"city":false,"warm_m2":14.37,"own_value":true,"m2_median":69,"share_median":0.261,"m2_p25":53,"share_p25":0.339},"geometry":{"type":"Polygon","coordinates":[[[9.4929,48.6787],[9.4881,48.6871],[9.4744,48.6824],[9.4508,48.6846],[9.4385,48.6716],[9.4378,48.666],[9.4414,48.662],[9.4781,48.6699],[9.4844,48.6699],[9.4842,48.6673],[9.489,48.6691],[9.4952,48.6696],[9.4912,48.6777],[9.4929,48.6787]]]}},{"type":"Feature","properties":{"ags":"08116018","name":"Erkenbrechtsweiler","ewz":2193,"dist_km":31.6,"city":false,"warm_m2":13.57,"own_value":true,"m2_median":73,"share_median":0.245,"m2_p25":57,"share_p25":0.318},"geometry":{"type":"Polygon","coordinates":[[[9.4424,48.5649],[9.4426,48.5697],[9.4393,48.568],[9.4334,48.5691],[9.426,48.5682],[9.4285,48.5672],[9.4345,48.5634],[9.4123,48.5538],[9.4081,48.5567],[9.4025,48.555],[9.4087,48.5381],[9.4139,48.5357],[9.4186,48.5363],[9.4261,48.544],[9.4405,48.5425],[9.4447,48.5443],[9.4505,48.5448],[9.4514,48.5464],[9.4471,48.5468],[9.4363,48.562],[9.4424,48.5649]]]}},{"type":"Feature","properties":{"ags":"08116054","name":"Owen","ewz":3505,"dist_km":29.4,"city":false,"warm_m2":14.15,"own_value":true,"m2_median":70,"share_median":0.256,"m2_p25":54,"share_p25":0.332},"geometry":{"type":"Polygon","coordinates":[[[9.4742,48.599],[9.4709,48.5986],[9.4662,48.6002],[9.4604,48.5991],[9.4473,48.6001],[9.4356,48.5981],[9.4319,48.5939],[9.4203,48.5948],[9.4144,48.5969],[9.4119,48.5941],[9.4179,48.5918],[9.4216,48.571],[9.426,48.5682],[9.4334,48.5691],[9.4393,48.568],[9.4452,48.5728],[9.4595,48.583],[9.4697,48.5853],[9.4719,48.5823],[9.4742,48.5825],[9.4703,48.587],[9.4722,48.5888],[9.4742,48.599]]]}},{"type":"Feature","properties":{"ags":"08116079","name":"Lenningen","ewz":8225,"dist_km":35.1,"city":false,"warm_m2":12.79,"own_value":true,"m2_median":78,"share_median":0.23,"m2_p25":60,"share_p25":0.299},"geometry":{"type":"Polygon","coordinates":[[[9.4742,48.5825],[9.4719,48.5823],[9.4697,48.5853],[9.4595,48.583],[9.4452,48.5728],[9.4426,48.5697],[9.4424,48.5649],[9.4363,48.562],[9.4471,48.5468],[9.4635,48.5443],[9.4825,48.5353],[9.4666,48.516],[9.4738,48.5123],[9.472,48.5154],[9.4795,48.5183],[9.4991,48.5208],[9.5045,48.5268],[9.5099,48.5261],[9.5309,48.5136],[9.5411,48.5262],[9.5596,48.532],[9.5658,48.5383],[9.5737,48.54],[9.5825,48.5391],[9.5805,48.5411],[9.5616,48.549],[9.5594,48.5527],[9.5496,48.5583],[9.5335,48.5604],[9.5136,48.563],[9.5023,48.5696],[9.4785,48.5773],[9.4742,48.5825]]]}},{"type":"Feature","properties":{"ags":"08116005","name":"Altdorf","ewz":1682,"dist_km":22.3,"city":false,"warm_m2":14.03,"own_value":true,"m2_median":71,"share_median":0.255,"m2_p25":54,"share_p25":0.331},"geometry":{"type":"Polygon","coordinates":[[[9.2705,48.6025],[9.2629,48.5983],[9.2611,48.5904],[9.2654,48.5877],[9.2629,48.5857],[9.265,48.5856],[9.2643,48.5834],[9.2671,48.5852],[9.2782,48.5845],[9.2796,48.5848],[9.2881,48.5883],[9.2911,48.5893],[9.2916,48.5961],[9.2856,48.5994],[9.2705,48.6025]]]}},{"type":"Feature","properties":{"ags":"08116006","name":"Altenriet","ewz":1998,"dist_km":21.8,"city":false,"warm_m2":15.51,"own_value":true,"m2_median":64,"share_median":0.282,"m2_p25":49,"share_p25":0.366},"geometry":{"type":"Polygon","coordinates":[[[9.2252,48.5984],[9.2066,48.5976],[9.2056,48.5931],[9.2071,48.5817],[9.2141,48.5852],[9.2215,48.5799],[9.2338,48.5962],[9.2252,48.5984]]]}},{"type":"Feature","properties":{"ags":"08116008","name":"Bempflingen","ewz":3486,"dist_km":24.1,"city":false,"warm_m2":14.65,"own_value":true,"m2_median":68,"share_median":0.266,"m2_p25":52,"share_p25":0.345},"geometry":{"type":"Polygon","coordinates":[[[9.2935,48.588],[9.2945,48.5894],[9.2911,48.5893],[9.2838,48.5812],[9.2782,48.5845],[9.2671,48.5852],[9.2598,48.5817],[9.2517,48.5762],[9.2501,48.5737],[9.2539,48.5716],[9.2526,48.5708],[9.2545,48.5683],[9.2898,48.5654],[9.2953,48.5655],[9.3021,48.5777],[9.2963,48.5803],[9.2935,48.588]]]}},{"type":"Feature","properties":{"ags":"08116041","name":"Neckartailfingen","ewz":4015,"dist_km":20.3,"city":false,"warm_m2":15.04,"own_value":true,"m2_median":66,"share_median":0.274,"m2_p25":51,"share_p25":0.356},"geometry":{"type":"Polygon","coordinates":[[[9.2949,48.62],[9.2805,48.6232],[9.2561,48.6229],[9.2408,48.6166],[9.2388,48.6136],[9.251,48.6116],[9.2379,48.6055],[9.2402,48.6003],[9.2357,48.5984],[9.2364,48.5976],[9.241,48.5992],[9.2587,48.6023],[9.2705,48.6025],[9.2856,48.5994],[9.2827,48.6047],[9.2871,48.6102],[9.2957,48.6117],[9.2949,48.62]]]}},{"type":"Feature","properties":{"ags":"08116042","name":"Neckartenzlingen","ewz":6483,"dist_km":22.7,"city":false,"warm_m2":14.94,"own_value":true,"m2_median":66,"share_median":0.272,"m2_p25":51,"share_p25":0.353},"geometry":{"type":"Polygon","coordinates":[[[9.2587,48.6023],[9.241,48.5992],[9.233,48.5968],[9.2338,48.5962],[9.2215,48.5799],[9.2141,48.5852],[9.2071,48.5817],[9.2072,48.5728],[9.2252,48.5664],[9.2286,48.5685],[9.2374,48.5784],[9.2481,48.575],[9.2501,48.5737],[9.2517,48.5762],[9.2598,48.5817],[9.2643,48.5834],[9.265,48.5856],[9.2629,48.5857],[9.2654,48.5877],[9.2611,48.5904],[9.2629,48.5983],[9.2587,48.6023]]]}},{"type":"Feature","properties":{"ags":"08116063","name":"Schlaitdorf","ewz":1952,"dist_km":19.7,"city":false,"warm_m2":15.71,"own_value":true,"m2_median":63,"share_median":0.286,"m2_p25":48,"share_p25":0.372},"geometry":{"type":"Polygon","coordinates":[[[9.2178,48.6168],[9.2214,48.6192],[9.2125,48.622],[9.194,48.6099],[9.1925,48.6073],[9.1797,48.6046],[9.1808,48.6024],[9.1883,48.5976],[9.2028,48.6042],[9.2066,48.5976],[9.2252,48.5984],[9.233,48.5968],[9.2364,48.5976],[9.2357,48.5984],[9.2402,48.6003],[9.2379,48.6055],[9.251,48.6116],[9.2388,48.6136],[9.2379,48.6128],[9.2178,48.6168]]]}},{"type":"Feature","properties":{"ags":"08116011","name":"Beuren","ewz":3710,"dist_km":28.1,"city":false,"warm_m2":14.86,"own_value":true,"m2_median":67,"share_median":0.269,"m2_p25":52,"share_p25":0.349},"geometry":{"type":"Polygon","coordinates":[[[9.4049,48.599],[9.4119,48.6063],[9.4109,48.6077],[9.4007,48.5971],[9.3906,48.5808],[9.3822,48.5755],[9.3775,48.5748],[9.3759,48.5721],[9.3724,48.5722],[9.3734,48.5703],[9.4081,48.5567],[9.4123,48.5538],[9.4345,48.5634],[9.4285,48.5672],[9.4239,48.5687],[9.4216,48.571],[9.4179,48.5918],[9.4031,48.5976],[9.4028,48.5989],[9.4049,48.599]]]}},{"type":"Feature","properties":{"ags":"08116036","name":"Kohlberg","ewz":2284,"dist_km":27.3,"city":false,"warm_m2":13.53,"own_value":true,"m2_median":73,"share_median":0.245,"m2_p25":57,"share_p25":0.318},"geometry":{"type":"Polygon","coordinates":[[[9.3374,48.5706],[9.3346,48.5715],[9.3235,48.5696],[9.3216,48.5708],[9.3216,48.569],[9.3092,48.5633],[9.3154,48.5616],[9.3206,48.5567],[9.3169,48.5546],[9.3185,48.554],[9.3394,48.5503],[9.3508,48.5592],[9.3374,48.5706]]]}},{"type":"Feature","properties":{"ags":"08116046","name":"Neuffen","ewz":6396,"dist_km":29.2,"city":false,"warm_m2":15.1,"own_value":true,"m2_median":66,"share_median":0.273,"m2_p25":51,"share_p25":0.354},"geometry":{"type":"Polygon","coordinates":[[[9.3721,48.5746],[9.3582,48.5731],[9.342,48.5776],[9.3374,48.5706],[9.3508,48.5592],[9.3394,48.5503],[9.3185,48.554],[9.319,48.5526],[9.3146,48.5462],[9.3241,48.5412],[9.3319,48.5408],[9.3374,48.5474],[9.3479,48.5454],[9.3518,48.5432],[9.3579,48.5445],[9.3692,48.5345],[9.3841,48.5357],[9.3895,48.5345],[9.3986,48.5341],[9.4087,48.5381],[9.4025,48.555],[9.4081,48.5567],[9.3734,48.5703],[9.3721,48.5746]]]}},{"type":"Feature","properties":{"ags":"08116020","name":"Frickenhausen","ewz":9303,"dist_km":25.8,"city":false,"warm_m2":14.38,"own_value":true,"m2_median":69,"share_median":0.261,"m2_p25":53,"share_p25":0.339},"geometry":{"type":"Polygon","coordinates":[[[9.3649,48.6038],[9.3473,48.6021],[9.3517,48.594],[9.322,48.5794],[9.3178,48.5781],[9.3216,48.5708],[9.3235,48.5696],[9.3346,48.5715],[9.3374,48.5706],[9.342,48.5776],[9.3582,48.5731],[9.3721,48.5746],[9.3724,48.5722],[9.3759,48.5721],[9.3775,48.5748],[9.3822,48.5755],[9.3906,48.5808],[9.4007,48.5971],[9.3822,48.5926],[9.3736,48.5976],[9.3649,48.6038]]]}},{"type":"Feature","properties":{"ags":"08116022","name":"Großbettlingen","ewz":4397,"dist_km":24.1,"city":false,"warm_m2":19.42,"own_value":true,"m2_median":51,"share_median":0.353,"m2_p25":39,"share_p25":0.458},"geometry":{"type":"MultiPolygon","coordinates":[[[[9.3136,48.599],[9.2983,48.5952],[9.2974,48.5973],[9.289,48.5985],[9.2885,48.5973],[9.2916,48.5961],[9.2911,48.5893],[9.2945,48.5894],[9.2935,48.588],[9.2963,48.5803],[9.3065,48.5766],[9.3123,48.5812],[9.3178,48.5781],[9.322,48.5794],[9.3218,48.5951],[9.3136,48.599]]],[[[9.2838,48.5812],[9.2881,48.5883],[9.2796,48.5848],[9.2838,48.5812]]]]}},{"type":"Feature","properties":{"ags":"08116049","name":"Nürtingen","ewz":41447,"dist_km":22.4,"city":false,"warm_m2":16.19,"own_value":true,"m2_median":61,"share_median":0.294,"m2_p25":47,"share_p25":0.382},"geometry":{"type":"Polygon","coordinates":[[[9.3117,48.6535],[9.3102,48.6451],[9.2958,48.6464],[9.2855,48.6422],[9.2938,48.6344],[9.2816,48.6304],[9.2805,48.6232],[9.2949,48.62],[9.2957,48.6117],[9.2871,48.6102],[9.2827,48.6047],[9.2835,48.6021],[9.2874,48.5978],[9.2885,48.5973],[9.289,48.5985],[9.2974,48.5973],[9.2983,48.5952],[9.3136,48.599],[9.3218,48.5951],[9.322,48.5794],[9.3517,48.594],[9.3473,48.6021],[9.3649,48.6038],[9.3736,48.5976],[9.3822,48.5926],[9.4007,48.5971],[9.4109,48.6077],[9.4168,48.6173],[9.4148,48.6213],[9.3976,48.6305],[9.3951,48.6343],[9.373,48.6336],[9.3547,48.6461],[9.352,48.649],[9.3277,48.6508],[9.3185,48.6549],[9.3117,48.6535]]]}},{"type":"Feature","properties":{"ags":"08116050","name":"Oberboihingen","ewz":5796,"dist_km":20.8,"city":false,"warm_m2":15.69,"own_value":true,"m2_median":63,"share_median":0.286,"m2_p25":49,"share_p25":0.371},"geometry":{"type":"Polygon","coordinates":[[[9.3778,48.6538],[9.375,48.6568],[9.3636,48.6604],[9.3634,48.6541],[9.3538,48.6475],[9.3547,48.6461],[9.373,48.6336],[9.3951,48.6343],[9.3954,48.6414],[9.3949,48.6436],[9.3926,48.6435],[9.3917,48.6445],[9.3919,48.6476],[9.394,48.6479],[9.3778,48.6538]]]}},{"type":"Feature","properties":{"ags":"08116068","name":"Unterensingen","ewz":5011,"dist_km":18.1,"city":false,"warm_m2":14.84,"own_value":true,"m2_median":67,"share_median":0.27,"m2_p25":51,"share_p25":0.351},"geometry":{"type":"Polygon","coordinates":[[[9.3246,48.6687],[9.3256,48.6721],[9.3155,48.6704],[9.3156,48.6728],[9.3093,48.6704],[9.3171,48.6609],[9.3147,48.6588],[9.3185,48.6549],[9.3277,48.6508],[9.352,48.649],[9.3538,48.6475],[9.3634,48.6541],[9.3635,48.6636],[9.3661,48.6685],[9.3554,48.673],[9.3325,48.6691],[9.3246,48.6687]]]}},{"type":"Feature","properties":{"ags":"08116073","name":"Wolfschlugen","ewz":6412,"dist_km":16.5,"city":false,"warm_m2":15.32,"own_value":true,"m2_median":64,"share_median":0.279,"m2_p25":50,"share_p25":0.363},"geometry":{"type":"Polygon","coordinates":[[[9.2878,48.6665],[9.2706,48.6644],[9.268,48.6606],[9.2626,48.6511],[9.2855,48.6422],[9.2958,48.6464],[9.3102,48.6451],[9.3117,48.6535],[9.3185,48.6549],[9.3147,48.6588],[9.3168,48.6601],[9.3097,48.6611],[9.2991,48.6648],[9.2878,48.6665]]]}},{"type":"Feature","properties":{"ags":"08116004","name":"Altbach","ewz":6413,"dist_km":16,"city":false,"warm_m2":16.87,"own_value":true,"m2_median":59,"share_median":0.307,"m2_p25":45,"share_p25":0.399},"geometry":{"type":"Polygon","coordinates":[[[9.3941,48.7262],[9.3916,48.7358],[9.3693,48.7295],[9.361,48.7195],[9.3717,48.719],[9.3714,48.7158],[9.3843,48.7191],[9.3886,48.7186],[9.3941,48.7262]]]}},{"type":"Feature","properties":{"ags":"08116014","name":"Deizisau","ewz":6928,"dist_km":17,"city":false,"warm_m2":15.66,"own_value":true,"m2_median":63,"share_median":0.285,"m2_p25":49,"share_p25":0.371},"geometry":{"type":"Polygon","coordinates":[[[9.3714,48.7158],[9.3717,48.719],[9.3659,48.7191],[9.3591,48.7131],[9.371,48.7042],[9.3862,48.7001],[9.3921,48.7018],[9.3965,48.7007],[9.4023,48.7041],[9.4085,48.7075],[9.3978,48.7165],[9.3843,48.7191],[9.3714,48.7158]]]}},{"type":"Feature","properties":{"ags":"08116056","name":"Plochingen","ewz":14590,"dist_km":18.6,"city":false,"warm_m2":16.3,"own_value":true,"m2_median":61,"share_median":0.297,"m2_p25":47,"share_p25":0.386},"geometry":{"type":"Polygon","coordinates":[[[9.4382,48.7257],[9.4265,48.7294],[9.4185,48.7403],[9.4165,48.7426],[9.4038,48.7351],[9.3971,48.7259],[9.3941,48.7262],[9.3886,48.7186],[9.3978,48.7165],[9.4085,48.7075],[9.4165,48.7054],[9.4288,48.7028],[9.4352,48.6989],[9.4488,48.7055],[9.4462,48.7175],[9.4382,48.7257]]]}},{"type":"Feature","properties":{"ags":"08116007","name":"Baltmannsweiler","ewz":5701,"dist_km":19.3,"city":false,"warm_m2":14.17,"own_value":true,"m2_median":70,"share_median":0.258,"m2_p25":54,"share_p25":0.335},"geometry":{"type":"Polygon","coordinates":[[[9.4535,48.775],[9.4452,48.7775],[9.4358,48.7755],[9.4357,48.7739],[9.4231,48.7635],[9.4197,48.7587],[9.415,48.7566],[9.4124,48.7474],[9.4185,48.7403],[9.4265,48.7294],[9.4382,48.7257],[9.4521,48.722],[9.4595,48.7267],[9.4655,48.7286],[9.4659,48.7344],[9.4643,48.7419],[9.4655,48.7533],[9.4775,48.7654],[9.4688,48.7681],[9.4687,48.7732],[9.4631,48.7706],[9.4535,48.775]]]}},{"type":"Feature","properties":{"ags":"08116027","name":"Hochdorf","ewz":5054,"dist_km":23.4,"city":false,"warm_m2":17.69,"own_value":true,"m2_median":56,"share_median":0.321,"m2_p25":43,"share_p25":0.417},"geometry":{"type":"Polygon","coordinates":[[[9.4877,48.7034],[9.4847,48.7062],[9.4486,48.7009],[9.447,48.6976],[9.4508,48.6846],[9.4744,48.6824],[9.4881,48.6871],[9.4877,48.7034]]]}},{"type":"Feature","properties":{"ags":"08116037","name":"Lichtenwald","ewz":2664,"dist_km":22.8,"city":false,"warm_m2":14.34,"own_value":true,"m2_median":69,"share_median":0.261,"m2_p25":53,"share_p25":0.338},"geometry":{"type":"Polygon","coordinates":[[[9.4863,48.7657],[9.4785,48.7691],[9.4727,48.775],[9.4687,48.7732],[9.4688,48.7681],[9.4775,48.7654],[9.4655,48.7533],[9.4643,48.7419],[9.4661,48.7301],[9.4644,48.7264],[9.4869,48.7249],[9.5039,48.7416],[9.5105,48.7506],[9.4968,48.7576],[9.4927,48.7673],[9.4863,48.7657]]]}},{"type":"Feature","properties":{"ags":"08116058","name":"Reichenbach an der Fils","ewz":8688,"dist_km":22.5,"city":false,"warm_m2":15.27,"own_value":true,"m2_median":65,"share_median":0.278,"m2_p25":50,"share_p25":0.36},"geometry":{"type":"Polygon","coordinates":[[[9.4655,48.7286],[9.4595,48.7267],[9.4521,48.722],[9.4382,48.7257],[9.4462,48.7175],[9.4488,48.7055],[9.4486,48.7009],[9.4847,48.7062],[9.484,48.7077],[9.4938,48.7123],[9.4869,48.7249],[9.4644,48.7264],[9.4655,48.7286]]]}},{"type":"Feature","properties":{"ags":"08116012","name":"Bissingen an der Teck","ewz":3475,"dist_km":32.5,"city":false,"warm_m2":13.8,"own_value":true,"m2_median":72,"share_median":0.249,"m2_p25":56,"share_p25":0.323},"geometry":{"type":"Polygon","coordinates":[[[9.4911,48.6091],[9.4785,48.6099],[9.4736,48.6021],[9.4739,48.5958],[9.4722,48.5888],[9.4703,48.587],[9.4785,48.5773],[9.5023,48.5696],[9.5136,48.563],[9.5335,48.5604],[9.5447,48.5759],[9.5272,48.5762],[9.5217,48.5866],[9.5235,48.5953],[9.5124,48.6072],[9.5111,48.6094],[9.5082,48.6095],[9.5081,48.6087],[9.5021,48.61],[9.4911,48.6091]]]}},{"type":"Feature","properties":{"ags":"08116029","name":"Holzmaden","ewz":2346,"dist_km":30.2,"city":false,"warm_m2":14.73,"own_value":true,"m2_median":68,"share_median":0.266,"m2_p25":52,"share_p25":0.346},"geometry":{"type":"Polygon","coordinates":[[[9.5507,48.643],[9.5508,48.6446],[9.5508,48.6467],[9.5454,48.6455],[9.5395,48.6405],[9.516,48.6416],[9.5149,48.6423],[9.5043,48.6372],[9.5115,48.6327],[9.5087,48.6317],[9.5213,48.6306],[9.5437,48.6378],[9.556,48.6406],[9.5555,48.6419],[9.5507,48.643]]]}},{"type":"Feature","properties":{"ags":"08116043","name":"Neidlingen","ewz":1787,"dist_km":36.8,"city":false,"warm_m2":13.65,"own_value":true,"m2_median":73,"share_median":0.246,"m2_p25":57,"share_p25":0.318},"geometry":{"type":"Polygon","coordinates":[[[9.5964,48.5909],[9.5922,48.5942],[9.5908,48.5987],[9.5782,48.5901],[9.5518,48.5917],[9.5365,48.579],[9.5447,48.5759],[9.5335,48.5604],[9.5496,48.5583],[9.5594,48.5527],[9.5607,48.5521],[9.5671,48.5614],[9.5937,48.5746],[9.5931,48.5812],[9.5964,48.5909]]]}},{"type":"Feature","properties":{"ags":"08116053","name":"Ohmden","ewz":1756,"dist_km":29.7,"city":false,"warm_m2":14.67,"own_value":true,"m2_median":68,"share_median":0.265,"m2_p25":52,"share_p25":0.344},"geometry":{"type":"Polygon","coordinates":[[[9.5549,48.6484],[9.555,48.6554],[9.5471,48.6559],[9.5404,48.6603],[9.5319,48.6598],[9.5268,48.6577],[9.5235,48.6581],[9.5079,48.6537],[9.5141,48.6431],[9.516,48.6416],[9.5395,48.6405],[9.5454,48.6455],[9.5525,48.6468],[9.5549,48.6484]]]}},{"type":"Feature","properties":{"ags":"08116070","name":"Weilheim an der Teck","ewz":10397,"dist_km":33.7,"city":false,"warm_m2":14.41,"own_value":true,"m2_median":69,"share_median":0.26,"m2_p25":53,"share_p25":0.337},"geometry":{"type":"Polygon","coordinates":[[[9.5383,48.6306],[9.5213,48.6306],[9.5142,48.6301],[9.4996,48.6327],[9.4997,48.6252],[9.5093,48.611],[9.5124,48.6072],[9.5235,48.5953],[9.5217,48.5866],[9.5272,48.5762],[9.5365,48.579],[9.5518,48.5917],[9.5782,48.5901],[9.5908,48.5987],[9.5928,48.5982],[9.5879,48.6047],[9.5932,48.614],[9.5876,48.6167],[9.5778,48.6251],[9.5598,48.6299],[9.5383,48.6306]]]}},{"type":"Feature","properties":{"ags":"08116035","name":"Köngen","ewz":9786,"dist_km":17,"city":false,"warm_m2":15.08,"own_value":true,"m2_median":65,"share_median":0.275,"m2_p25":50,"share_p25":0.357},"geometry":{"type":"Polygon","coordinates":[[[9.371,48.7042],[9.3607,48.704],[9.3349,48.6928],[9.3295,48.6788],[9.3181,48.6734],[9.3156,48.6728],[9.3155,48.6704],[9.3256,48.6721],[9.3246,48.6687],[9.3325,48.6691],[9.3554,48.673],[9.3578,48.6719],[9.3683,48.6737],[9.378,48.6821],[9.3902,48.6889],[9.3944,48.6999],[9.3965,48.7007],[9.3921,48.7018],[9.3862,48.7001],[9.371,48.7042]]]}},{"type":"Feature","properties":{"ags":"08116071","name":"Wendlingen am Neckar","ewz":16159,"dist_km":20.2,"city":false,"warm_m2":15.82,"own_value":true,"m2_median":62,"share_median":0.288,"m2_p25":48,"share_p25":0.374},"geometry":{"type":"MultiPolygon","coordinates":[[[[9.4223,48.6731],[9.413,48.6813],[9.3902,48.6889],[9.378,48.6821],[9.3699,48.6745],[9.3578,48.6719],[9.3661,48.6685],[9.3636,48.6604],[9.375,48.6568],[9.3778,48.6538],[9.394,48.6479],[9.3996,48.6575],[9.4204,48.669],[9.4223,48.6731]]],[[[9.3949,48.6436],[9.3952,48.6448],[9.3919,48.6459],[9.3926,48.6435],[9.3949,48.6436]]]]}},{"type":"Feature","properties":{"ags":"08117006","name":"Bad Ditzenbach","ewz":3891,"dist_km":42.8,"city":false,"warm_m2":14.67,"own_value":true,"m2_median":69,"share_median":0.263,"m2_p25":53,"share_p25":0.341},"geometry":{"type":"Polygon","coordinates":[[[9.6918,48.5984],[9.6976,48.6022],[9.6892,48.6177],[9.6981,48.6249],[9.6873,48.6328],[9.6909,48.6338],[9.6866,48.6353],[9.6867,48.6375],[9.6764,48.6277],[9.6617,48.6296],[9.6562,48.6284],[9.6538,48.6264],[9.6573,48.6253],[9.6608,48.6255],[9.6584,48.6149],[9.6723,48.5972],[9.6776,48.6003],[9.6803,48.5922],[9.6695,48.5841],[9.6589,48.5618],[9.6787,48.5655],[9.7026,48.55],[9.7104,48.5522],[9.7143,48.5503],[9.7217,48.5529],[9.719,48.5571],[9.7253,48.5591],[9.7261,48.562],[9.729,48.5631],[9.731,48.5776],[9.7271,48.5828],[9.7018,48.5892],[9.6918,48.5984]]]}},{"type":"Feature","properties":{"ags":"08117014","name":"Deggingen","ewz":5295,"dist_km":44.8,"city":false,"warm_m2":13.04,"own_value":true,"m2_median":77,"share_median":0.233,"m2_p25":60,"share_p25":0.302},"geometry":{"type":"Polygon","coordinates":[[[9.7279,48.6352],[9.7182,48.6374],[9.717,48.6393],[9.7086,48.6354],[9.6924,48.6351],[9.6873,48.6328],[9.6981,48.6249],[9.6892,48.6177],[9.6976,48.6022],[9.6918,48.5984],[9.7018,48.5892],[9.7271,48.5828],[9.731,48.5776],[9.729,48.5631],[9.7306,48.5654],[9.7424,48.5747],[9.7428,48.5895],[9.75,48.5967],[9.7515,48.6109],[9.7458,48.623],[9.7279,48.6352]]]}},{"type":"Feature","properties":{"ags":"08117018","name":"Ebersbach an der Fils","ewz":15768,"dist_km":26.5,"city":false,"warm_m2":15.61,"own_value":true,"m2_median":64,"share_median":0.283,"m2_p25":49,"share_p25":0.367},"geometry":{"type":"Polygon","coordinates":[[[9.5324,48.7371],[9.5092,48.7488],[9.5039,48.7416],[9.4869,48.7249],[9.4938,48.7123],[9.484,48.7077],[9.4877,48.7034],[9.4881,48.6871],[9.4929,48.6787],[9.4953,48.6791],[9.5025,48.6808],[9.5068,48.6859],[9.5368,48.6929],[9.5732,48.7039],[9.566,48.7123],[9.5528,48.7157],[9.5363,48.7285],[9.5324,48.7371]]]}},{"type":"Feature","properties":{"ags":"08117044","name":"Schlierbach","ewz":3946,"dist_km":27.8,"city":false,"warm_m2":14.22,"own_value":true,"m2_median":70,"share_median":0.257,"m2_p25":54,"share_p25":0.334},"geometry":{"type":"Polygon","coordinates":[[[9.5449,48.6794],[9.5463,48.6807],[9.5368,48.6929],[9.5068,48.6859],[9.5025,48.6808],[9.4953,48.6791],[9.4912,48.6777],[9.4952,48.6696],[9.4911,48.6689],[9.4921,48.6663],[9.4999,48.6664],[9.5107,48.6594],[9.5237,48.6602],[9.5268,48.6577],[9.5319,48.6598],[9.5427,48.6627],[9.5498,48.6733],[9.5505,48.6763],[9.5531,48.6786],[9.5449,48.6794]]]}},{"type":"Feature","properties":{"ags":"08117019","name":"Eislingen/Fils","ewz":21894,"dist_km":39.9,"city":false,"warm_m2":15.5,"own_value":true,"m2_median":65,"share_median":0.278,"m2_p25":50,"share_p25":0.361},"geometry":{"type":"Polygon","coordinates":[[[9.7415,48.7266],[9.739,48.7279],[9.7286,48.7279],[9.7083,48.7242],[9.7012,48.7166],[9.695,48.7066],[9.6816,48.703],[9.6825,48.6912],[9.6966,48.6911],[9.6983,48.6773],[9.7127,48.675],[9.7248,48.6844],[9.7293,48.6887],[9.7296,48.6964],[9.7447,48.7033],[9.7528,48.7156],[9.7441,48.716],[9.7415,48.7266]]]}},{"type":"Feature","properties":{"ags":"08117037","name":"Ottenbach","ewz":2421,"dist_km":42.2,"city":false,"warm_m2":12.97,"own_value":true,"m2_median":77,"share_median":0.232,"m2_p25":60,"share_p25":0.301},"geometry":{"type":"Polygon","coordinates":[[[9.7621,48.7477],[9.7638,48.7535],[9.7528,48.7517],[9.7436,48.7515],[9.7253,48.7386],[9.7286,48.7279],[9.739,48.7279],[9.7415,48.7266],[9.7441,48.716],[9.7542,48.716],[9.7552,48.7138],[9.7604,48.71],[9.7612,48.7117],[9.7639,48.7114],[9.7635,48.7162],[9.7731,48.7223],[9.7735,48.7257],[9.7679,48.7306],[9.7793,48.7338],[9.7835,48.7332],[9.786,48.7355],[9.7916,48.735],[9.7853,48.7407],[9.7728,48.748],[9.7621,48.7477]]]}},{"type":"Feature","properties":{"ags":"08117042","name":"Salach","ewz":8272,"dist_km":43.4,"city":false,"warm_m2":13.94,"own_value":true,"m2_median":72,"share_median":0.25,"m2_p25":56,"share_p25":0.324},"geometry":{"type":"Polygon","coordinates":[[[9.7844,48.6887],[9.7747,48.7074],[9.7592,48.7102],[9.7542,48.716],[9.7528,48.7156],[9.7447,48.7033],[9.7296,48.6964],[9.7293,48.6887],[9.7269,48.6854],[9.7494,48.6854],[9.7742,48.6892],[9.7844,48.6887]]]}},{"type":"Feature","properties":{"ags":"08117007","name":"Bad Überkingen","ewz":3912,"dist_km":47,"city":false,"warm_m2":13.12,"own_value":true,"m2_median":77,"share_median":0.234,"m2_p25":59,"share_p25":0.304},"geometry":{"type":"Polygon","coordinates":[[[9.734,48.6539],[9.7266,48.6548],[9.7332,48.6509],[9.7219,48.6406],[9.717,48.6393],[9.7182,48.6374],[9.7279,48.6352],[9.7458,48.623],[9.7515,48.6109],[9.75,48.5967],[9.762,48.5955],[9.7745,48.5866],[9.7874,48.5909],[9.8018,48.5867],[9.8154,48.6059],[9.7966,48.6158],[9.8023,48.6186],[9.7952,48.618],[9.7956,48.6203],[9.7913,48.6219],[9.7932,48.6263],[9.7801,48.6218],[9.7783,48.6336],[9.7677,48.6375],[9.7531,48.6441],[9.7556,48.6493],[9.7479,48.65],[9.734,48.6539]]]}},{"type":"Feature","properties":{"ags":"08117026","name":"Göppingen","ewz":59300,"dist_km":35.4,"city":false,"warm_m2":15.06,"own_value":true,"m2_median":66,"share_median":0.271,"m2_p25":51,"share_p25":0.352},"geometry":{"type":"Polygon","coordinates":[[[9.7438,48.7729],[9.7296,48.7684],[9.7141,48.7722],[9.7083,48.7552],[9.7125,48.7467],[9.6849,48.7406],[9.6783,48.7413],[9.6703,48.748],[9.6709,48.7489],[9.669,48.7491],[9.6685,48.745],[9.6669,48.7443],[9.6716,48.7411],[9.6705,48.7399],[9.6368,48.7197],[9.6269,48.7196],[9.6266,48.7177],[9.6191,48.7171],[9.6038,48.7182],[9.6004,48.7117],[9.6129,48.7084],[9.6068,48.6986],[9.5969,48.6996],[9.5954,48.6907],[9.5974,48.6745],[9.591,48.6729],[9.5953,48.6587],[9.5916,48.6591],[9.5918,48.6554],[9.6018,48.6559],[9.6219,48.6575],[9.6265,48.6561],[9.6279,48.6565],[9.6308,48.6583],[9.6336,48.6596],[9.6252,48.6719],[9.6322,48.6769],[9.637,48.6812],[9.6708,48.6843],[9.6731,48.6832],[9.6858,48.6619],[9.7161,48.6702],[9.7188,48.6736],[9.7127,48.675],[9.6983,48.6773],[9.6966,48.6911],[9.6825,48.6912],[9.6816,48.703],[9.695,48.7066],[9.7012,48.7166],[9.7083,48.7242],[9.7286,48.7279],[9.7253,48.7386],[9.7436,48.7515],[9.7528,48.7517],[9.752,48.7608],[9.7438,48.7729]]]}},{"type":"Feature","properties":{"ags":"08117043","name":"Schlat","ewz":1693,"dist_km":41.3,"city":false,"warm_m2":14.88,"own_value":true,"m2_median":67,"share_median":0.267,"m2_p25":52,"share_p25":0.346},"geometry":{"type":"Polygon","coordinates":[[[9.7161,48.6702],[9.6858,48.6619],[9.6882,48.6484],[9.6866,48.6353],[9.6909,48.6338],[9.6924,48.6351],[9.7086,48.6354],[9.7146,48.6386],[9.7219,48.6406],[9.7332,48.6509],[9.7214,48.6565],[9.7161,48.6683],[9.7161,48.6702]]]}},{"type":"Feature","properties":{"ags":"08117053","name":"Wäschenbeuren","ewz":3974,"dist_km":37.4,"city":false,"warm_m2":13.3,"own_value":true,"m2_median":75,"share_median":0.239,"m2_p25":58,"share_p25":0.31},"geometry":{"type":"Polygon","coordinates":[[[9.7152,48.7779],[9.6824,48.777],[9.6699,48.774],[9.6625,48.7723],[9.6538,48.7678],[9.6522,48.7649],[9.6587,48.7607],[9.6613,48.7617],[9.6676,48.7599],[9.6725,48.752],[9.6703,48.748],[9.6783,48.7413],[9.6849,48.7406],[9.7125,48.7467],[9.7083,48.7552],[9.7141,48.7722],[9.7152,48.7779]]]}},{"type":"Feature","properties":{"ags":"08117055","name":"Wangen","ewz":3241,"dist_km":31.9,"city":false,"warm_m2":14.09,"own_value":true,"m2_median":71,"share_median":0.254,"m2_p25":55,"share_p25":0.33},"geometry":{"type":"Polygon","coordinates":[[[9.58,48.7501],[9.5708,48.7503],[9.5682,48.7443],[9.5848,48.7338],[9.5974,48.7186],[9.6191,48.7171],[9.6266,48.7177],[9.6242,48.7258],[9.632,48.7406],[9.6184,48.745],[9.595,48.7438],[9.58,48.7501]]]}},{"type":"Feature","properties":{"ags":"08117015","name":"Donzdorf","ewz":11031,"dist_km":48.4,"city":false,"warm_m2":13.95,"own_value":true,"m2_median":72,"share_median":0.249,"m2_p25":56,"share_p25":0.322},"geometry":{"type":"Polygon","coordinates":[[[9.7938,48.7311],[9.7891,48.7335],[9.7855,48.7345],[9.7835,48.7332],[9.7777,48.7335],[9.781,48.7287],[9.7735,48.7257],[9.7731,48.7223],[9.7635,48.7162],[9.7639,48.7114],[9.7612,48.7117],[9.7604,48.71],[9.7747,48.7074],[9.7844,48.6887],[9.7789,48.6893],[9.7786,48.6877],[9.7818,48.6864],[9.7782,48.6822],[9.7831,48.6795],[9.7838,48.6686],[9.7982,48.6686],[9.8108,48.6605],[9.8079,48.6595],[9.8077,48.6549],[9.8095,48.6545],[9.8182,48.639],[9.8212,48.639],[9.8334,48.6339],[9.8268,48.6368],[9.8194,48.648],[9.8324,48.656],[9.8369,48.6684],[9.8535,48.6724],[9.8584,48.6724],[9.8589,48.6758],[9.8528,48.6745],[9.8571,48.6814],[9.8635,48.6834],[9.861,48.6947],[9.8443,48.7017],[9.8465,48.7173],[9.8333,48.7281],[9.8217,48.728],[9.8099,48.7242],[9.8061,48.7167],[9.7919,48.7203],[9.7876,48.7279],[9.7938,48.7311]]]}},{"type":"Feature","properties":{"ags":"08117025","name":"Gingen an der Fils","ewz":4607,"dist_km":46.3,"city":false,"warm_m2":14.63,"own_value":true,"m2_median":69,"share_median":0.261,"m2_p25":53,"share_p25":0.339},"geometry":{"type":"Polygon","coordinates":[[[9.7721,48.6703],[9.7651,48.6728],[9.7556,48.6691],[9.7543,48.6578],[9.7473,48.6511],[9.7437,48.6522],[9.7412,48.6517],[9.7479,48.65],[9.7556,48.6493],[9.7531,48.6441],[9.7619,48.6404],[9.786,48.6457],[9.8058,48.6558],[9.8077,48.6549],[9.8079,48.6595],[9.8108,48.6605],[9.7982,48.6686],[9.7838,48.6686],[9.7721,48.6703]]]}},{"type":"Feature","properties":{"ags":"08117049","name":"Süßen","ewz":10366,"dist_km":42.8,"city":false,"warm_m2":14.5,"own_value":true,"m2_median":69,"share_median":0.26,"m2_p25":53,"share_p25":0.337},"geometry":{"type":"Polygon","coordinates":[[[9.7742,48.6892],[9.7494,48.6854],[9.7269,48.6854],[9.7248,48.6844],[9.7127,48.675],[9.7188,48.6736],[9.7161,48.6683],[9.7214,48.6565],[9.7266,48.6548],[9.734,48.6539],[9.7412,48.6517],[9.7437,48.6522],[9.7473,48.6511],[9.7543,48.6578],[9.7556,48.6691],[9.7651,48.6728],[9.7721,48.6703],[9.7838,48.6686],[9.7831,48.6795],[9.7782,48.6822],[9.7818,48.6864],[9.7786,48.6877],[9.7789,48.6893],[9.7742,48.6892]]]}},{"type":"Feature","properties":{"ags":"08117016","name":"Drackenstein","ewz":457,"dist_km":45.2,"city":false,"warm_m2":10.27,"own_value":true,"m2_median":98,"share_median":0.184,"m2_p25":76,"share_p25":0.238},"geometry":{"type":"Polygon","coordinates":[[[9.7217,48.5529],[9.7143,48.5503],[9.7104,48.5522],[9.7026,48.55],[9.6787,48.5655],[9.6589,48.5618],[9.6484,48.5539],[9.6506,48.5526],[9.6756,48.5542],[9.6948,48.5422],[9.6957,48.5412],[9.6984,48.5404],[9.7092,48.5414],[9.7229,48.5468],[9.7217,48.5529]]]}},{"type":"Feature","properties":{"ags":"08117028","name":"Gruibingen","ewz":2303,"dist_km":38.6,"city":false,"warm_m2":13.22,"own_value":true,"m2_median":76,"share_median":0.237,"m2_p25":58,"share_p25":0.308},"geometry":{"type":"Polygon","coordinates":[[[9.6538,48.6264],[9.6536,48.6241],[9.6489,48.623],[9.6353,48.6244],[9.6328,48.623],[9.6198,48.6199],[9.5981,48.6219],[9.593,48.6165],[9.5932,48.614],[9.5879,48.6047],[9.5928,48.5982],[9.5922,48.5942],[9.5964,48.5909],[9.5954,48.5861],[9.6229,48.5834],[9.6311,48.5786],[9.6397,48.5835],[9.6585,48.583],[9.6649,48.5968],[9.6773,48.5952],[9.6776,48.6003],[9.6723,48.5972],[9.6584,48.6149],[9.6608,48.6255],[9.6573,48.6253],[9.6538,48.6264]]]}},{"type":"Feature","properties":{"ags":"08117031","name":"Hohenstadt","ewz":751,"dist_km":45,"city":false,"warm_m2":12.46,"own_value":true,"m2_median":81,"share_median":0.223,"m2_p25":62,"share_p25":0.289},"geometry":{"type":"Polygon","coordinates":[[[9.6948,48.5422],[9.6756,48.5542],[9.6506,48.5526],[9.6535,48.5508],[9.6347,48.5371],[9.6326,48.537],[9.6531,48.5195],[9.6592,48.5195],[9.6558,48.524],[9.6719,48.5216],[9.6821,48.5246],[9.6905,48.5346],[9.6982,48.5378],[9.6948,48.5422]]]}},{"type":"Feature","properties":{"ags":"08117035","name":"Mühlhausen im Täle","ewz":1128,"dist_km":41.6,"city":false,"warm_m2":14.81,"own_value":true,"m2_median":68,"share_median":0.265,"m2_p25":52,"share_p25":0.344},"geometry":{"type":"Polygon","coordinates":[[[9.6649,48.5968],[9.6585,48.583],[9.6397,48.5835],[9.6311,48.5786],[9.6389,48.5731],[9.6437,48.5565],[9.6484,48.5539],[9.6589,48.5618],[9.6695,48.5841],[9.6803,48.5922],[9.6649,48.5968]]]}},{"type":"Feature","properties":{"ags":"08117058","name":"Wiesensteig","ewz":2044,"dist_km":39.9,"city":false,"warm_m2":13.09,"own_value":true,"m2_median":77,"share_median":0.235,"m2_p25":59,"share_p25":0.305},"geometry":{"type":"Polygon","coordinates":[[[9.5954,48.5861],[9.5931,48.5812],[9.5937,48.5746],[9.5671,48.5614],[9.5607,48.5521],[9.5616,48.549],[9.5805,48.5411],[9.5852,48.5367],[9.5873,48.5402],[9.6112,48.5415],[9.6166,48.5368],[9.6211,48.537],[9.6347,48.5371],[9.6535,48.5508],[9.6437,48.5565],[9.6389,48.5731],[9.6311,48.5786],[9.6229,48.5834],[9.5954,48.5861]]]}},{"type":"Feature","properties":{"ags":"08117001","name":"Adelberg","ewz":2017,"dist_km":30.9,"city":false,"warm_m2":13.71,"own_value":true,"m2_median":73,"share_median":0.248,"m2_p25":56,"share_p25":0.321},"geometry":{"type":"Polygon","coordinates":[[[9.6145,48.7693],[9.5884,48.7811],[9.574,48.7802],[9.5711,48.7717],[9.5853,48.7603],[9.582,48.7517],[9.58,48.7501],[9.595,48.7438],[9.6184,48.745],[9.62,48.7524],[9.6163,48.7545],[9.6192,48.7659],[9.6146,48.7681],[9.6145,48.7693]]]}},{"type":"Feature","properties":{"ags":"08117009","name":"Birenbach","ewz":1919,"dist_km":35.5,"city":false,"warm_m2":14.2,"own_value":true,"m2_median":70,"share_median":0.256,"m2_p25":54,"share_p25":0.332},"geometry":{"type":"Polygon","coordinates":[[[9.6676,48.7599],[9.6613,48.7617],[9.6556,48.7588],[9.6488,48.7434],[9.6673,48.7423],[9.6716,48.7411],[9.6669,48.7443],[9.6685,48.745],[9.669,48.7491],[9.6709,48.7489],[9.6725,48.752],[9.6676,48.7599]]]}},{"type":"Feature","properties":{"ags":"08117011","name":"Börtlingen","ewz":1742,"dist_km":33.6,"city":false,"warm_m2":13.36,"own_value":true,"m2_median":75,"share_median":0.241,"m2_p25":58,"share_p25":0.313},"geometry":{"type":"Polygon","coordinates":[[[9.6344,48.7726],[9.6294,48.7746],[9.6266,48.7744],[9.623,48.7743],[9.6161,48.7713],[9.6145,48.7693],[9.6146,48.7681],[9.6192,48.7659],[9.6163,48.7545],[9.62,48.7524],[9.6221,48.7448],[9.6379,48.7472],[9.6488,48.7434],[9.6556,48.7588],[9.6587,48.7607],[9.6523,48.7657],[9.6579,48.7704],[9.6344,48.7726]]]}},{"type":"Feature","properties":{"ags":"08117038","name":"Rechberghausen","ewz":5496,"dist_km":34.4,"city":false,"warm_m2":14.45,"own_value":true,"m2_median":69,"share_median":0.26,"m2_p25":53,"share_p25":0.338},"geometry":{"type":"Polygon","coordinates":[[[9.6488,48.7434],[9.6379,48.7472],[9.6221,48.7448],[9.632,48.7406],[9.6242,48.7258],[9.6269,48.7196],[9.6368,48.7197],[9.6705,48.7399],[9.6673,48.7423],[9.6488,48.7434]]]}},{"type":"Feature","properties":{"ags":"08117002","name":"Aichelberg","ewz":1315,"dist_km":33.8,"city":false,"warm_m2":16.02,"own_value":true,"m2_median":62,"share_median":0.289,"m2_p25":48,"share_p25":0.375},"geometry":{"type":"Polygon","coordinates":[[[9.5793,48.6306],[9.5672,48.6412],[9.5576,48.6397],[9.556,48.6406],[9.5437,48.6378],[9.5383,48.6306],[9.5598,48.6299],[9.5778,48.6251],[9.5876,48.6167],[9.593,48.6165],[9.5955,48.6194],[9.578,48.6303],[9.5793,48.6306]]]}},{"type":"Feature","properties":{"ags":"08117012","name":"Bad Boll","ewz":5270,"dist_km":35.1,"city":false,"warm_m2":14.23,"own_value":true,"m2_median":70,"share_median":0.256,"m2_p25":54,"share_p25":0.332},"geometry":{"type":"Polygon","coordinates":[[[9.6265,48.6561],[9.6219,48.6575],[9.6018,48.6559],[9.5916,48.6484],[9.5828,48.631],[9.578,48.6303],[9.5955,48.6194],[9.5981,48.6219],[9.6198,48.6199],[9.6328,48.623],[9.6295,48.624],[9.6213,48.6477],[9.6265,48.6561]]]}},{"type":"Feature","properties":{"ags":"08117017","name":"Dürnau","ewz":2211,"dist_km":37.4,"city":false,"warm_m2":14.58,"own_value":true,"m2_median":69,"share_median":0.262,"m2_p25":53,"share_p25":0.34},"geometry":{"type":"Polygon","coordinates":[[[9.6336,48.6586],[9.6308,48.6583],[9.6279,48.6565],[9.6213,48.6477],[9.6295,48.624],[9.6353,48.6244],[9.6489,48.623],[9.645,48.6447],[9.6414,48.6499],[9.6435,48.6535],[9.6391,48.6569],[9.6336,48.6586]]]}},{"type":"Feature","properties":{"ags":"08117023","name":"Gammelshausen","ewz":1508,"dist_km":38.4,"city":false,"warm_m2":13.59,"own_value":true,"m2_median":74,"share_median":0.244,"m2_p25":57,"share_p25":0.317},"geometry":{"type":"Polygon","coordinates":[[[9.6617,48.6296],[9.6548,48.6537],[9.6445,48.6521],[9.6435,48.6535],[9.6412,48.6511],[9.645,48.6447],[9.6489,48.623],[9.6536,48.6241],[9.6534,48.6257],[9.6562,48.6284],[9.6617,48.6296]]]}},{"type":"Feature","properties":{"ags":"08117029","name":"Hattenhofen","ewz":2966,"dist_km":31.4,"city":false,"warm_m2":14.38,"own_value":true,"m2_median":69,"share_median":0.26,"m2_p25":53,"share_p25":0.337},"geometry":{"type":"Polygon","coordinates":[[[9.5829,48.6788],[9.579,48.6796],[9.5515,48.6727],[9.5504,48.6755],[9.5498,48.6733],[9.5427,48.6627],[9.5402,48.6609],[9.5414,48.6589],[9.5493,48.6552],[9.5627,48.657],[9.5903,48.659],[9.5953,48.6587],[9.591,48.6729],[9.5879,48.6722],[9.5879,48.6708],[9.5829,48.6788]]]}},{"type":"Feature","properties":{"ags":"08117060","name":"Zell unter Aichelberg","ewz":3164,"dist_km":32.5,"city":false,"warm_m2":15.15,"own_value":true,"m2_median":66,"share_median":0.273,"m2_p25":51,"share_p25":0.355},"geometry":{"type":"Polygon","coordinates":[[[9.5903,48.659],[9.5627,48.657],[9.5549,48.6484],[9.5525,48.6468],[9.5508,48.6467],[9.5507,48.643],[9.5555,48.6419],[9.5576,48.6397],[9.5672,48.6412],[9.5793,48.6306],[9.5828,48.631],[9.5916,48.6484],[9.6018,48.6559],[9.5918,48.6554],[9.5916,48.6591],[9.5903,48.659]]]}},{"type":"Feature","properties":{"ags":"08117003","name":"Albershausen","ewz":4470,"dist_km":29.4,"city":false,"warm_m2":14.95,"own_value":true,"m2_median":67,"share_median":0.27,"m2_p25":51,"share_p25":0.351},"geometry":{"type":"Polygon","coordinates":[[[9.5728,48.6991],[9.5695,48.7003],[9.5732,48.7039],[9.5368,48.6929],[9.5463,48.6807],[9.5449,48.6794],[9.5531,48.6786],[9.5504,48.6755],[9.5515,48.6727],[9.579,48.6796],[9.5722,48.6879],[9.5728,48.6991]]]}},{"type":"Feature","properties":{"ags":"08117051","name":"Uhingen","ewz":14753,"dist_km":30,"city":false,"warm_m2":15.4,"own_value":true,"m2_median":65,"share_median":0.278,"m2_p25":50,"share_p25":0.361},"geometry":{"type":"Polygon","coordinates":[[[9.5673,48.7519],[9.5557,48.7478],[9.5342,48.7571],[9.5126,48.7613],[9.5072,48.7563],[9.5031,48.7539],[9.5105,48.7506],[9.5092,48.7488],[9.5324,48.7371],[9.5363,48.7285],[9.5528,48.7157],[9.566,48.7123],[9.5732,48.7039],[9.5695,48.7003],[9.5728,48.6991],[9.5722,48.6879],[9.5829,48.6788],[9.5879,48.6708],[9.5879,48.6722],[9.5974,48.6745],[9.5954,48.6907],[9.5969,48.6996],[9.6068,48.6986],[9.6129,48.7084],[9.6004,48.7117],[9.6038,48.7182],[9.5974,48.7186],[9.5848,48.7338],[9.5682,48.7443],[9.5708,48.7503],[9.5673,48.7519]]]}},{"type":"Feature","properties":{"ags":"08117020","name":"Eschenbach","ewz":2111,"dist_km":38.4,"city":false,"warm_m2":14.28,"own_value":true,"m2_median":70,"share_median":0.257,"m2_p25":54,"share_p25":0.333},"geometry":{"type":"Polygon","coordinates":[[[9.6858,48.6619],[9.6731,48.6832],[9.6726,48.6801],[9.6648,48.6507],[9.6696,48.6444],[9.6833,48.6414],[9.6879,48.6425],[9.6882,48.6484],[9.6858,48.6619]]]}},{"type":"Feature","properties":{"ags":"08117030","name":"Heiningen","ewz":5206,"dist_km":37.6,"city":false,"warm_m2":14.14,"own_value":true,"m2_median":71,"share_median":0.254,"m2_p25":55,"share_p25":0.33},"geometry":{"type":"Polygon","coordinates":[[[9.6726,48.6801],[9.6708,48.6843],[9.637,48.6812],[9.6322,48.6769],[9.6252,48.6719],[9.6336,48.6596],[9.6336,48.6586],[9.6391,48.6569],[9.6445,48.6521],[9.6548,48.6537],[9.6617,48.6296],[9.6764,48.6277],[9.6867,48.6375],[9.6879,48.6425],[9.6833,48.6414],[9.6696,48.6444],[9.6648,48.6507],[9.6726,48.6801]]]}},{"type":"Feature","properties":{"ags":"08118003","name":"Asperg","ewz":13836,"dist_km":14.2,"city":false,"warm_m2":17.31,"own_value":true,"m2_median":57,"share_median":0.315,"m2_p25":44,"share_p25":0.41},"geometry":{"type":"Polygon","coordinates":[[[9.1374,48.9149],[9.1389,48.9207],[9.1254,48.9121],[9.1264,48.9051],[9.1253,48.9028],[9.1251,48.8982],[9.1322,48.8992],[9.1329,48.8942],[9.1442,48.8931],[9.1534,48.8927],[9.1571,48.9181],[9.1374,48.9149]]]}},{"type":"Feature","properties":{"ags":"08118011","name":"Ditzingen","ewz":25318,"dist_km":13.2,"city":false,"warm_m2":16.97,"own_value":true,"m2_median":58,"share_median":0.309,"m2_p25":45,"share_p25":0.402},"geometry":{"type":"Polygon","coordinates":[[[8.9975,48.8537],[8.9833,48.8625],[8.9853,48.8643],[8.9749,48.863],[8.9682,48.8601],[8.9631,48.8617],[8.9612,48.8467],[8.9569,48.8411],[8.9659,48.8298],[8.9708,48.8325],[8.988,48.8332],[9.0003,48.8279],[9.0214,48.8295],[9.0364,48.8257],[9.0464,48.8148],[9.0424,48.8093],[9.0511,48.8113],[9.0667,48.8171],[9.0679,48.814],[9.0754,48.8135],[9.0799,48.8156],[9.0852,48.8331],[9.091,48.8369],[9.0816,48.8417],[9.0602,48.8421],[9.0489,48.8491],[9.0496,48.8537],[9.0182,48.8567],[8.9975,48.8537]]]}},{"type":"Feature","properties":{"ags":"08118019","name":"Gerlingen","ewz":19774,"dist_km":8.9,"city":false,"warm_m2":18.7,"own_value":true,"m2_median":53,"share_median":0.341,"m2_p25":41,"share_p25":0.443},"geometry":{"type":"Polygon","coordinates":[[[9.0679,48.814],[9.0667,48.8171],[9.0511,48.8113],[9.0374,48.8081],[9.0302,48.7994],[9.0434,48.7893],[9.0422,48.7835],[9.0514,48.7635],[9.0779,48.7548],[9.0882,48.782],[9.075,48.7871],[9.084,48.7971],[9.0867,48.8083],[9.0806,48.8131],[9.0754,48.8135],[9.0679,48.814]]]}},{"type":"Feature","properties":{"ags":"08118021","name":"Großbottwar","ewz":8591,"dist_km":26.7,"city":false,"warm_m2":14.59,"own_value":true,"m2_median":68,"share_median":0.264,"m2_p25":52,"share_p25":0.343},"geometry":{"type":"Polygon","coordinates":[[[9.2949,49.0319],[9.2887,49.0426],[9.2671,49.0353],[9.266,49.0295],[9.2659,49.0304],[9.2586,49.0287],[9.2557,49.0276],[9.2467,49.0221],[9.236,49.0203],[9.2408,49.0192],[9.2457,48.9954],[9.2575,48.9956],[9.2835,48.9861],[9.3094,48.9844],[9.3103,48.9857],[9.3253,48.9972],[9.326,49.0001],[9.339,49.0024],[9.3393,49.0062],[9.3267,49.0127],[9.3138,49.0127],[9.3065,49.0215],[9.2927,49.0291],[9.2949,49.0319]]]}},{"type":"Feature","properties":{"ags":"08118046","name":"Kornwestheim","ewz":34177,"dist_km":9.1,"city":false,"warm_m2":18.56,"own_value":true,"m2_median":53,"share_median":0.338,"m2_p25":41,"share_p25":0.439},"geometry":{"type":"Polygon","coordinates":[[[9.1969,48.882],[9.1735,48.8837],[9.1653,48.874],[9.1523,48.8735],[9.1536,48.8612],[9.1654,48.8513],[9.1901,48.8478],[9.2049,48.8544],[9.2059,48.8614],[9.2153,48.8633],[9.2206,48.8672],[9.2252,48.866],[9.2242,48.8762],[9.2193,48.8791],[9.1969,48.882]]]}},{"type":"Feature","properties":{"ags":"08118048","name":"Ludwigsburg","ewz":94859,"dist_km":13.6,"city":false,"warm_m2":18.32,"own_value":true,"m2_median":54,"share_median":0.334,"m2_p25":41,"share_p25":0.434},"geometry":{"type":"Polygon","coordinates":[[[9.2562,48.9209],[9.2543,48.9275],[9.2324,48.9239],[9.2223,48.9276],[9.2338,48.9291],[9.2262,48.9294],[9.2255,48.93],[9.1853,48.9152],[9.1721,48.9231],[9.1548,48.9246],[9.1495,48.9221],[9.1389,48.9207],[9.1374,48.9149],[9.1571,48.9181],[9.1534,48.8927],[9.1477,48.8846],[9.1523,48.8735],[9.1653,48.874],[9.1735,48.8837],[9.1969,48.882],[9.2193,48.8791],[9.2221,48.8775],[9.2242,48.8839],[9.2419,48.8833],[9.2558,48.8885],[9.2568,48.8971],[9.28,48.8981],[9.3035,48.9113],[9.3035,48.91],[9.3125,48.9134],[9.3104,48.9169],[9.309,48.9209],[9.3048,48.9213],[9.2938,48.9182],[9.2687,48.9194],[9.2562,48.9209]]]}},{"type":"Feature","properties":{"ags":"08118050","name":"Markgröningen","ewz":15099,"dist_km":17,"city":false,"warm_m2":15.92,"own_value":true,"m2_median":62,"share_median":0.29,"m2_p25":48,"share_p25":0.377},"geometry":{"type":"Polygon","coordinates":[[[9.0682,48.9434],[9.0513,48.9416],[9.0484,48.9406],[9.0294,48.9217],[9.0195,48.9194],[9.0145,48.9153],[9.0325,48.9136],[9.0364,48.9024],[9.0214,48.8987],[9.0308,48.8907],[9.0611,48.8907],[9.0914,48.8872],[9.1067,48.8892],[9.1062,48.8904],[9.1255,48.8968],[9.1253,48.9028],[9.1264,48.9051],[9.1266,48.9089],[9.1211,48.9086],[9.1134,48.9098],[9.1118,48.9139],[9.0906,48.9161],[9.0865,48.9211],[9.0894,48.9285],[9.0832,48.9258],[9.0706,48.9336],[9.0682,48.9434]]]}},{"type":"Feature","properties":{"ags":"08118051","name":"Möglingen","ewz":11334,"dist_km":11.1,"city":false,"warm_m2":16.63,"own_value":true,"m2_median":59,"share_median":0.303,"m2_p25":46,"share_p25":0.394},"geometry":{"type":"Polygon","coordinates":[[[9.1442,48.8931],[9.1329,48.8942],[9.1322,48.8992],[9.1251,48.8982],[9.1255,48.8968],[9.1062,48.8904],[9.1098,48.882],[9.1228,48.8761],[9.1213,48.8702],[9.1213,48.8668],[9.1318,48.8626],[9.1337,48.8575],[9.1536,48.8612],[9.1523,48.8735],[9.1477,48.8846],[9.1442,48.8931]]]}},{"type":"Feature","properties":{"ags":"08118060","name":"Oberstenfeld","ewz":7989,"dist_km":29.1,"city":false,"warm_m2":14.72,"own_value":true,"m2_median":68,"share_median":0.266,"m2_p25":52,"share_p25":0.346},"geometry":{"type":"MultiPolygon","coordinates":[[[[9.3553,49.0369],[9.3529,49.0406],[9.3352,49.0401],[9.3136,49.034],[9.2971,49.0331],[9.2927,49.0291],[9.3065,49.0215],[9.3138,49.0127],[9.3267,49.0127],[9.3393,49.0062],[9.339,49.0024],[9.3409,49.0028],[9.3531,49.0101],[9.3735,49.0177],[9.3841,49.0195],[9.3838,49.0237],[9.3878,49.0318],[9.4,49.0344],[9.3994,49.0382],[9.3804,49.0371],[9.375,49.0414],[9.3553,49.0369]]],[[[9.415,49.058],[9.4093,49.0621],[9.3921,49.0583],[9.4013,49.0494],[9.3995,49.044],[9.4124,49.0446],[9.4162,49.0474],[9.4138,49.0481],[9.415,49.058]]]]}},{"type":"Feature","properties":{"ags":"08118076","name":"Sachsenheim","ewz":19480,"dist_km":26,"city":false,"warm_m2":15.67,"own_value":true,"m2_median":63,"share_median":0.284,"m2_p25":49,"share_p25":0.369},"geometry":{"type":"Polygon","coordinates":[[[8.9056,49.0408],[8.8933,49.0442],[8.886,49.0448],[8.885,49.0406],[8.8773,49.0377],[8.8778,49.0359],[8.876,49.0352],[8.8776,49.0323],[8.8819,49.0302],[8.8947,49.0249],[8.9071,49.0213],[8.9191,49.0153],[8.9325,49.0118],[8.9554,49.0115],[8.9845,49.0046],[9.0067,48.9803],[9.0246,48.9826],[9.0302,48.9795],[9.0394,48.9639],[9.0375,48.9579],[9.0427,48.946],[9.0457,48.9428],[9.0513,48.9416],[9.0682,48.9434],[9.0945,48.9504],[9.0825,48.9727],[9.0896,48.9802],[9.0862,48.9808],[9.0793,48.9893],[9.0586,49.0047],[9.0468,49.0035],[9.0364,49.0049],[9.0323,49.0129],[9.0244,49.016],[9.0151,49.0196],[9.0155,49.0229],[8.9881,49.0271],[8.9893,49.0377],[8.9713,49.0415],[8.942,49.0375],[8.9377,49.0403],[8.9305,49.0403],[8.9056,49.0408]]]}},{"type":"Feature","properties":{"ags":"08118080","name":"Korntal-Münchingen","ewz":20394,"dist_km":9.4,"city":false,"warm_m2":17.17,"own_value":true,"m2_median":58,"share_median":0.313,"m2_p25":44,"share_p25":0.407},"geometry":{"type":"Polygon","coordinates":[[[9.1211,48.8683],[9.0992,48.8687],[9.0816,48.8602],[9.0567,48.8588],[9.0482,48.8563],[9.0501,48.8563],[9.0489,48.8491],[9.0602,48.8421],[9.0816,48.8417],[9.091,48.8369],[9.0941,48.8382],[9.0994,48.8293],[9.1152,48.8229],[9.1381,48.8281],[9.1426,48.8453],[9.1342,48.853],[9.1318,48.8626],[9.1213,48.8668],[9.1211,48.8683]]]}},{"type":"Feature","properties":{"ags":"08118081","name":"Remseck am Neckar","ewz":26589,"dist_km":12.2,"city":false,"warm_m2":16.92,"own_value":true,"m2_median":58,"share_median":0.308,"m2_p25":45,"share_p25":0.401},"geometry":{"type":"Polygon","coordinates":[[[9.3001,48.9059],[9.3035,48.9113],[9.28,48.8981],[9.2568,48.8971],[9.2558,48.8885],[9.2419,48.8833],[9.2242,48.8839],[9.2221,48.8775],[9.2242,48.8762],[9.2248,48.8642],[9.2336,48.8494],[9.2401,48.846],[9.2422,48.8473],[9.2442,48.847],[9.2494,48.854],[9.2596,48.8628],[9.2687,48.8594],[9.2893,48.8644],[9.2915,48.8626],[9.3,48.8714],[9.2974,48.8854],[9.313,48.9004],[9.3001,48.9059]]]}},{"type":"Feature","properties":{"ags":"08118007","name":"Besigheim","ewz":12923,"dist_km":23.4,"city":false,"warm_m2":15.73,"own_value":true,"m2_median":63,"share_median":0.286,"m2_p25":49,"share_p25":0.371},"geometry":{"type":"MultiPolygon","coordinates":[[[[9.1621,49.0079],[9.1481,49.0056],[9.1297,49.0004],[9.115,48.984],[9.1253,48.9819],[9.1263,48.984],[9.1451,48.9825],[9.1579,48.9763],[9.1625,48.9754],[9.1892,48.9837],[9.1757,48.9851],[9.1715,48.9868],[9.171,49.0036],[9.1694,49.0078],[9.1621,49.0079]]],[[[9.2316,49.0252],[9.1875,49.0321],[9.1889,49.0254],[9.1883,49.0186],[9.1905,49.0122],[9.1935,49.0112],[9.2148,49.0109],[9.2346,49.0226],[9.2316,49.0252]]]]}},{"type":"Feature","properties":{"ags":"08118016","name":"Freudental","ewz":2644,"dist_km":26.9,"city":false,"warm_m2":15.1,"own_value":true,"m2_median":66,"share_median":0.274,"m2_p25":51,"share_p25":0.355},"geometry":{"type":"Polygon","coordinates":[[[9.057,49.0153],[9.0574,49.0164],[9.0541,49.0157],[9.0296,49.0153],[9.0323,49.0129],[9.0364,49.0049],[9.0468,49.0035],[9.0586,49.0047],[9.0732,49.0079],[9.057,49.0153]]]}},{"type":"Feature","properties":{"ags":"08118018","name":"Gemmrigheim","ewz":4930,"dist_km":27,"city":false,"warm_m2":14.75,"own_value":true,"m2_median":67,"share_median":0.267,"m2_p25":52,"share_p25":0.347},"geometry":{"type":"Polygon","coordinates":[[[9.1703,49.0421],[9.1652,49.0409],[9.16,49.0427],[9.152,49.0492],[9.1532,49.0388],[9.151,49.028],[9.1584,49.0183],[9.1598,49.0144],[9.1586,49.0109],[9.1481,49.0056],[9.1621,49.0079],[9.1814,49.0079],[9.1887,49.016],[9.1883,49.0186],[9.1889,49.0254],[9.1858,49.0305],[9.1703,49.0421]]]}},{"type":"Feature","properties":{"ags":"08118028","name":"Hessigheim","ewz":2555,"dist_km":24,"city":false,"warm_m2":14.34,"own_value":true,"m2_median":69,"share_median":0.26,"m2_p25":53,"share_p25":0.338},"geometry":{"type":"Polygon","coordinates":[[[9.1887,49.016],[9.1814,49.0079],[9.1694,49.0078],[9.171,49.0036],[9.1715,48.9868],[9.1757,48.9851],[9.1881,48.9862],[9.2015,48.9974],[9.1935,49.0112],[9.1905,49.0122],[9.1887,49.016]]]}},{"type":"Feature","properties":{"ags":"08118047","name":"Löchgau","ewz":5977,"dist_km":24.2,"city":false,"warm_m2":15,"own_value":true,"m2_median":66,"share_median":0.272,"m2_p25":51,"share_p25":0.354},"geometry":{"type":"Polygon","coordinates":[[[9.0846,49.0086],[9.0748,49.0074],[9.0732,49.0079],[9.0586,49.0047],[9.0793,48.9893],[9.0862,48.9808],[9.0968,48.9797],[9.1182,48.9831],[9.115,48.984],[9.1297,49.0004],[9.1209,49.0041],[9.1166,49.008],[9.0846,49.0086]]]}},{"type":"Feature","properties":{"ags":"08118053","name":"Mundelsheim","ewz":3539,"dist_km":24.6,"city":false,"warm_m2":14.28,"own_value":true,"m2_median":69,"share_median":0.259,"m2_p25":53,"share_p25":0.337},"geometry":{"type":"Polygon","coordinates":[[[9.2408,49.0192],[9.2367,49.0196],[9.2367,49.0216],[9.2346,49.0226],[9.2148,49.0109],[9.1935,49.0112],[9.2015,48.9974],[9.2017,48.9888],[9.2152,48.9814],[9.2192,48.98],[9.22,48.9932],[9.2353,48.995],[9.2457,48.9954],[9.2408,49.0192]]]}},{"type":"Feature","properties":{"ags":"08118074","name":"Walheim","ewz":3349,"dist_km":25.7,"city":false,"warm_m2":14.47,"own_value":true,"m2_median":69,"share_median":0.262,"m2_p25":53,"share_p25":0.341},"geometry":{"type":"Polygon","coordinates":[[[9.1481,49.0056],[9.1569,49.0097],[9.1596,49.0121],[9.1597,49.0161],[9.1521,49.0255],[9.1481,49.0263],[9.1326,49.0248],[9.1324,49.026],[9.1217,49.0211],[9.1164,49.0092],[9.1209,49.0041],[9.1297,49.0004],[9.1481,49.0056]]]}},{"type":"Feature","properties":{"ags":"08118071","name":"Tamm","ewz":12726,"dist_km":16.2,"city":false,"warm_m2":17.18,"own_value":true,"m2_median":57,"share_median":0.313,"m2_p25":44,"share_p25":0.407},"geometry":{"type":"Polygon","coordinates":[[[9.1582,48.9366],[9.1452,48.9375],[9.131,48.9409],[9.1236,48.932],[9.1109,48.9259],[9.0885,48.9258],[9.0865,48.9211],[9.0906,48.9161],[9.1118,48.9139],[9.1134,48.9098],[9.1211,48.9086],[9.1266,48.9089],[9.1254,48.9121],[9.1389,48.9207],[9.1495,48.9221],[9.1579,48.9263],[9.1584,48.9305],[9.1519,48.9307],[9.1523,48.9344],[9.1581,48.9346],[9.1582,48.9366]]]}},{"type":"Feature","properties":{"ags":"08118077","name":"Ingersheim","ewz":6404,"dist_km":20.2,"city":false,"warm_m2":17.26,"own_value":true,"m2_median":57,"share_median":0.314,"m2_p25":44,"share_p25":0.408},"geometry":{"type":"Polygon","coordinates":[[[9.2017,48.9888],[9.1881,48.9862],[9.1892,48.9837],[9.1625,48.9754],[9.1602,48.9756],[9.1666,48.9617],[9.1617,48.9529],[9.1499,48.9496],[9.1513,48.948],[9.1558,48.9468],[9.1557,48.9458],[9.1656,48.9449],[9.1692,48.9478],[9.1822,48.9449],[9.1882,48.9561],[9.202,48.9706],[9.2152,48.9814],[9.2017,48.9888]]]}},{"type":"Feature","properties":{"ags":"08118079","name":"Bietigheim-Bissingen","ewz":43808,"dist_km":19.6,"city":false,"warm_m2":16.82,"own_value":true,"m2_median":59,"share_median":0.306,"m2_p25":45,"share_p25":0.398},"geometry":{"type":"MultiPolygon","coordinates":[[[[9.1451,48.9825],[9.1263,48.984],[9.1253,48.9819],[9.1182,48.9831],[9.0968,48.9797],[9.0896,48.9802],[9.0825,48.9727],[9.0945,48.9504],[9.0682,48.9434],[9.0706,48.9336],[9.0832,48.9258],[9.0894,48.9285],[9.0885,48.9258],[9.1109,48.9259],[9.1236,48.932],[9.131,48.9409],[9.1452,48.9375],[9.1534,48.937],[9.1585,48.9426],[9.154,48.9446],[9.154,48.9467],[9.1499,48.9496],[9.1617,48.9529],[9.1666,48.9617],[9.1602,48.9756],[9.1579,48.9763],[9.1451,48.9825]]],[[[9.1581,48.9346],[9.1523,48.9344],[9.1519,48.9307],[9.1584,48.9305],[9.1585,48.9332],[9.1581,48.9346]]]]}},{"type":"Feature","properties":{"ags":"08118010","name":"Bönnigheim","ewz":8447,"dist_km":28.7,"city":false,"warm_m2":14.89,"own_value":true,"m2_median":67,"share_median":0.269,"m2_p25":51,"share_p25":0.35},"geometry":{"type":"Polygon","coordinates":[[[9.133,49.028],[9.124,49.0545],[9.1135,49.0581],[9.1016,49.0617],[9.1066,49.0516],[9.0814,49.0482],[9.0609,49.0401],[9.0602,49.0255],[9.0307,49.0275],[9.0167,49.0284],[9.0197,49.0244],[9.0151,49.0196],[9.0244,49.016],[9.0296,49.0153],[9.0541,49.0157],[9.0591,49.0163],[9.0835,49.0264],[9.1108,49.0321],[9.1119,49.029],[9.1089,49.0097],[9.1166,49.008],[9.1164,49.0092],[9.1217,49.0211],[9.1324,49.026],[9.133,49.028]]]}},{"type":"Feature","properties":{"ags":"08118015","name":"Erligheim","ewz":3127,"dist_km":27.2,"city":false,"warm_m2":14.56,"own_value":true,"m2_median":68,"share_median":0.264,"m2_p25":53,"share_p25":0.342},"geometry":{"type":"Polygon","coordinates":[[[9.1119,49.029],[9.1108,49.0321],[9.0835,49.0264],[9.0591,49.0163],[9.0574,49.0164],[9.057,49.0153],[9.0748,49.0074],[9.0846,49.0086],[9.1089,49.0097],[9.1119,49.029]]]}},{"type":"Feature","properties":{"ags":"08118040","name":"Kirchheim am Neckar","ewz":6262,"dist_km":29.3,"city":false,"warm_m2":15.16,"own_value":true,"m2_median":66,"share_median":0.274,"m2_p25":51,"share_p25":0.356},"geometry":{"type":"Polygon","coordinates":[[[9.1251,49.0634],[9.1159,49.0627],[9.1099,49.0642],[9.1135,49.0581],[9.124,49.0545],[9.133,49.028],[9.1326,49.0248],[9.1481,49.0263],[9.1532,49.0388],[9.152,49.0492],[9.16,49.0427],[9.1661,49.0408],[9.1718,49.0444],[9.1749,49.0516],[9.153,49.0573],[9.1489,49.0543],[9.1454,49.0534],[9.1383,49.0542],[9.1251,49.0634]]]}},{"type":"Feature","properties":{"ags":"08118063","name":"Pleidelsheim","ewz":6454,"dist_km":19.7,"city":false,"warm_m2":16.14,"own_value":true,"m2_median":61,"share_median":0.294,"m2_p25":47,"share_p25":0.382},"geometry":{"type":"MultiPolygon","coordinates":[[[[9.2145,48.9772],[9.202,48.9706],[9.1882,48.9561],[9.1863,48.9449],[9.2061,48.9441],[9.22,48.95],[9.2301,48.9528],[9.2307,48.9538],[9.2358,48.9529],[9.2355,48.9546],[9.2342,48.9547],[9.2339,48.9636],[9.2313,48.9734],[9.2145,48.9772]]],[[[9.3571,48.9858],[9.3519,48.9891],[9.3392,48.9814],[9.3418,48.9687],[9.3454,48.9684],[9.3486,48.98],[9.3571,48.9858]]]]}},{"type":"Feature","properties":{"ags":"08118078","name":"Freiberg am Neckar","ewz":16227,"dist_km":16.6,"city":false,"warm_m2":16.98,"own_value":true,"m2_median":58,"share_median":0.309,"m2_p25":45,"share_p25":0.402},"geometry":{"type":"Polygon","coordinates":[[[9.2258,48.9328],[9.2289,48.9345],[9.2227,48.9443],[9.2216,48.9504],[9.2061,48.9441],[9.1863,48.9449],[9.1822,48.9449],[9.1692,48.9478],[9.1656,48.9449],[9.1557,48.9458],[9.1558,48.9468],[9.1513,48.948],[9.154,48.9467],[9.154,48.9446],[9.1585,48.9426],[9.1534,48.937],[9.1582,48.9366],[9.1581,48.9346],[9.1585,48.9332],[9.1579,48.9263],[9.1548,48.9246],[9.1721,48.9231],[9.1853,48.9152],[9.2255,48.93],[9.2258,48.9328]]]}},{"type":"Feature","properties":{"ags":"08118001","name":"Affalterbach","ewz":4524,"dist_km":18.8,"city":false,"warm_m2":14.65,"own_value":true,"m2_median":67,"share_median":0.267,"m2_p25":52,"share_p25":0.347},"geometry":{"type":"Polygon","coordinates":[[[9.3148,48.9349],[9.3128,48.9314],[9.3096,48.9218],[9.309,48.9209],[9.3104,48.9169],[9.3143,48.9122],[9.322,48.9096],[9.3306,48.9094],[9.3308,48.907],[9.3361,48.9091],[9.343,48.9054],[9.3592,48.9053],[9.3748,48.9094],[9.3744,48.9136],[9.3783,48.9151],[9.3766,48.9166],[9.3588,48.9164],[9.3584,48.9201],[9.3622,48.924],[9.3548,48.9268],[9.353,48.9316],[9.3504,48.9341],[9.3472,48.9339],[9.3148,48.9349]]]}},{"type":"Feature","properties":{"ags":"08118006","name":"Benningen am Neckar","ewz":6713,"dist_km":17.7,"city":false,"warm_m2":16.91,"own_value":true,"m2_median":58,"share_median":0.308,"m2_p25":45,"share_p25":0.4},"geometry":{"type":"Polygon","coordinates":[[[9.2503,48.9338],[9.2468,48.9482],[9.2491,48.9507],[9.2401,48.9528],[9.2307,48.9538],[9.2301,48.9528],[9.2216,48.9504],[9.2227,48.9443],[9.2289,48.9345],[9.2258,48.9328],[9.2262,48.9294],[9.2338,48.9291],[9.2503,48.9338]]]}},{"type":"Feature","properties":{"ags":"08118014","name":"Erdmannhausen","ewz":5318,"dist_km":19,"city":false,"warm_m2":15.34,"own_value":true,"m2_median":64,"share_median":0.28,"m2_p25":50,"share_p25":0.363},"geometry":{"type":"MultiPolygon","coordinates":[[[[9.2929,48.9532],[9.2886,48.9536],[9.2884,48.9544],[9.2769,48.9513],[9.2846,48.9346],[9.2874,48.9267],[9.2871,48.9185],[9.2938,48.9182],[9.3048,48.9213],[9.3096,48.9218],[9.3128,48.9314],[9.3162,48.9386],[9.3044,48.9484],[9.3065,48.9509],[9.298,48.9506],[9.2929,48.9532]]],[[[9.3519,48.9659],[9.3584,48.9848],[9.3571,48.9858],[9.3486,48.98],[9.3454,48.9684],[9.3431,48.9684],[9.347,48.9654],[9.3519,48.9659]]]]}},{"type":"Feature","properties":{"ags":"08118049","name":"Marbach am Neckar","ewz":16010,"dist_km":22,"city":false,"warm_m2":15.85,"own_value":true,"m2_median":62,"share_median":0.288,"m2_p25":48,"share_p25":0.374},"geometry":{"type":"MultiPolygon","coordinates":[[[[9.272,48.9541],[9.2701,48.9542],[9.2515,48.9535],[9.2494,48.9498],[9.2468,48.9482],[9.2503,48.9338],[9.2423,48.9293],[9.2223,48.9276],[9.2324,48.9239],[9.2543,48.9275],[9.2562,48.9209],[9.2687,48.9194],[9.2871,48.9185],[9.2874,48.9267],[9.2846,48.9346],[9.2769,48.9513],[9.2855,48.9536],[9.2841,48.9549],[9.272,48.9541]]],[[[9.3125,48.9134],[9.3035,48.91],[9.3001,48.9059],[9.313,48.9004],[9.3153,48.9037],[9.3308,48.907],[9.3306,48.9094],[9.322,48.9096],[9.3143,48.9122],[9.3125,48.9134]]],[[[9.3652,48.9792],[9.3654,48.9814],[9.3628,48.9825],[9.3584,48.9848],[9.3519,48.9659],[9.368,48.9668],[9.3717,48.9729],[9.3652,48.9792]]],[[[9.3383,48.9688],[9.3248,48.9756],[9.316,48.9724],[9.3003,48.9507],[9.3065,48.9509],[9.3081,48.9523],[9.3308,48.9511],[9.347,48.9654],[9.3431,48.9684],[9.3383,48.9688]]]]}},{"type":"Feature","properties":{"ags":"08118027","name":"Hemmingen","ewz":8222,"dist_km":15,"city":false,"warm_m2":15.87,"own_value":true,"m2_median":62,"share_median":0.289,"m2_p25":48,"share_p25":0.376},"geometry":{"type":"Polygon","coordinates":[[[9.0539,48.8583],[9.0612,48.8675],[9.0464,48.8772],[9.029,48.8827],[9.0104,48.8804],[8.9904,48.872],[8.9849,48.8633],[8.9833,48.8625],[8.9975,48.8537],[9.0182,48.8567],[9.0496,48.8537],[9.0501,48.8563],[9.0482,48.8563],[9.0539,48.8583]]]}},{"type":"Feature","properties":{"ags":"08118067","name":"Schwieberdingen","ewz":11658,"dist_km":12,"city":false,"warm_m2":16.87,"own_value":true,"m2_median":59,"share_median":0.307,"m2_p25":45,"share_p25":0.399},"geometry":{"type":"Polygon","coordinates":[[[9.1067,48.8892],[9.0914,48.8872],[9.0611,48.8907],[9.0308,48.8907],[9.029,48.8827],[9.0464,48.8772],[9.0612,48.8675],[9.0539,48.8583],[9.0567,48.8588],[9.0816,48.8602],[9.0992,48.8687],[9.1211,48.8683],[9.1213,48.8702],[9.1228,48.8761],[9.1098,48.882],[9.1067,48.8892]]]}},{"type":"Feature","properties":{"ags":"08118054","name":"Murr","ewz":6789,"dist_km":21.1,"city":false,"warm_m2":15.7,"own_value":true,"m2_median":63,"share_median":0.286,"m2_p25":49,"share_p25":0.371},"geometry":{"type":"MultiPolygon","coordinates":[[[[9.2695,48.9564],[9.2657,48.9732],[9.2537,48.9782],[9.2313,48.9734],[9.2339,48.9636],[9.2342,48.9547],[9.2355,48.9546],[9.2358,48.9529],[9.2491,48.9507],[9.2515,48.9535],[9.2701,48.9542],[9.2695,48.9564]]],[[[9.3099,48.9802],[9.3247,48.9854],[9.3341,48.9945],[9.3253,48.9972],[9.3103,48.9857],[9.3099,48.9802]]]]}},{"type":"Feature","properties":{"ags":"08118070","name":"Steinheim an der Murr","ewz":12082,"dist_km":22.5,"city":false,"warm_m2":15.04,"own_value":true,"m2_median":66,"share_median":0.273,"m2_p25":51,"share_p25":0.355},"geometry":{"type":"Polygon","coordinates":[[[9.2575,48.9956],[9.2353,48.995],[9.22,48.9932],[9.2192,48.98],[9.2145,48.9772],[9.2313,48.9734],[9.2537,48.9782],[9.2657,48.9732],[9.2695,48.9564],[9.272,48.9541],[9.2841,48.9549],[9.2855,48.9536],[9.2884,48.9544],[9.2886,48.9536],[9.2929,48.9532],[9.298,48.9506],[9.3003,48.9507],[9.316,48.9724],[9.3248,48.9756],[9.3383,48.9688],[9.3418,48.9687],[9.3392,48.9814],[9.3519,48.9891],[9.3508,48.9911],[9.3341,48.9945],[9.3247,48.9854],[9.3099,48.9802],[9.3094,48.9844],[9.2835,48.9861],[9.2575,48.9956]]]}},{"type":"Feature","properties":{"ags":"08118012","name":"Eberdingen","ewz":7014,"dist_km":18.8,"city":false,"warm_m2":14.73,"own_value":true,"m2_median":67,"share_median":0.268,"m2_p25":52,"share_p25":0.349},"geometry":{"type":"Polygon","coordinates":[[[8.9731,48.885],[8.9586,48.89],[8.9605,48.903],[8.9268,48.9028],[8.9239,48.9123],[8.9102,48.912],[8.9075,48.9075],[8.9127,48.9062],[8.9152,48.8992],[8.9123,48.8975],[8.9175,48.8888],[8.9267,48.8681],[8.9288,48.8666],[8.9342,48.8677],[8.9581,48.8548],[8.9631,48.8617],[8.9682,48.8601],[8.9749,48.863],[8.9853,48.8643],[8.9904,48.872],[9.0104,48.8804],[9.029,48.8827],[9.0308,48.8907],[9.0214,48.8987],[9.0055,48.8965],[8.9883,48.8927],[8.9855,48.8847],[8.9731,48.885]]]}},{"type":"Feature","properties":{"ags":"08118059","name":"Oberriexingen","ewz":3370,"dist_km":20.3,"city":false,"warm_m2":14.45,"own_value":true,"m2_median":68,"share_median":0.263,"m2_p25":53,"share_p25":0.342},"geometry":{"type":"Polygon","coordinates":[[[9.0411,48.949],[9.0183,48.9477],[9.0024,48.9468],[9.0053,48.926],[9.0195,48.9194],[9.0294,48.9217],[9.0484,48.9406],[9.0457,48.9428],[9.0427,48.946],[9.0411,48.949]]]}},{"type":"Feature","properties":{"ags":"08118068","name":"Sersheim","ewz":5790,"dist_km":23.7,"city":false,"warm_m2":15.17,"own_value":true,"m2_median":65,"share_median":0.276,"m2_p25":50,"share_p25":0.358},"geometry":{"type":"Polygon","coordinates":[[[9.0394,48.9639],[9.0302,48.9795],[9.0246,48.9826],[9.0101,48.9803],[9.0023,48.9696],[8.9838,48.9647],[8.9958,48.9473],[9.0183,48.9477],[9.0411,48.949],[9.0375,48.9579],[9.0394,48.9639]]]}},{"type":"Feature","properties":{"ags":"08118073","name":"Vaihingen an der Enz","ewz":29387,"dist_km":24.6,"city":false,"warm_m2":15.04,"own_value":true,"m2_median":66,"share_median":0.273,"m2_p25":51,"share_p25":0.354},"geometry":{"type":"Polygon","coordinates":[[[8.9325,49.0118],[8.9191,49.0153],[8.9071,49.0213],[8.9047,49.0213],[8.9166,49.0054],[8.9334,48.9907],[8.9213,48.987],[8.9308,48.9712],[8.9453,48.9618],[8.9461,48.9436],[8.9296,48.9365],[8.9072,48.9441],[8.9045,48.9442],[8.9056,48.928],[8.9153,48.9123],[8.9239,48.9123],[8.9268,48.9028],[8.9605,48.903],[8.9586,48.89],[8.9731,48.885],[8.9855,48.8847],[8.9883,48.8927],[9.0055,48.8965],[9.0364,48.9024],[9.0325,48.9136],[9.0145,48.9153],[9.0195,48.9194],[9.0053,48.926],[9.0024,48.9468],[8.9958,48.9473],[8.9838,48.9647],[9.0023,48.9696],[9.0101,48.9803],[9.0067,48.9803],[8.9845,49.0046],[8.9554,49.0115],[8.9325,49.0118]]]}},{"type":"Feature","properties":{"ags":"08119001","name":"Alfdorf","ewz":7177,"dist_km":39,"city":false,"warm_m2":13.02,"own_value":true,"m2_median":77,"share_median":0.234,"m2_p25":59,"share_p25":0.303},"geometry":{"type":"Polygon","coordinates":[[[9.7161,48.9081],[9.7208,48.9131],[9.7017,48.9118],[9.7006,48.9138],[9.6969,48.9139],[9.6849,48.9084],[9.685,48.9036],[9.6823,48.9022],[9.6837,48.9005],[9.6865,48.8997],[9.6929,48.9025],[9.6962,48.9061],[9.7043,48.9059],[9.7043,48.8965],[9.695,48.8956],[9.6964,48.8938],[9.6941,48.8922],[9.6726,48.8922],[9.6607,48.8847],[9.6577,48.8726],[9.6434,48.8692],[9.648,48.8535],[9.6399,48.8485],[9.6393,48.8419],[9.6346,48.8416],[9.6324,48.8431],[9.6312,48.8414],[9.6379,48.8382],[9.6382,48.8278],[9.6383,48.8238],[9.6402,48.8202],[9.6453,48.8192],[9.6493,48.8196],[9.655,48.8176],[9.659,48.8253],[9.6948,48.8222],[9.7023,48.8274],[9.7105,48.8283],[9.7138,48.8206],[9.7198,48.8142],[9.7283,48.8161],[9.7523,48.8231],[9.7579,48.8291],[9.7628,48.8291],[9.7689,48.8327],[9.7693,48.8369],[9.7573,48.8531],[9.7659,48.8535],[9.7607,48.8557],[9.7514,48.863],[9.7472,48.8929],[9.7453,48.8996],[9.7303,48.9055],[9.7161,48.9081]]]}},{"type":"Feature","properties":{"ags":"08119020","name":"Fellbach","ewz":46205,"dist_km":7.5,"city":false,"warm_m2":17.67,"own_value":true,"m2_median":56,"share_median":0.322,"m2_p25":43,"share_p25":0.418},"geometry":{"type":"Polygon","coordinates":[[[9.2687,48.8594],[9.2596,48.8628],[9.2494,48.854],[9.2415,48.8442],[9.2373,48.8418],[9.2436,48.8261],[9.2434,48.8229],[9.2531,48.8198],[9.2572,48.8099],[9.2532,48.8092],[9.2547,48.8002],[9.2756,48.7901],[9.2952,48.7891],[9.2936,48.7823],[9.3073,48.7784],[9.3177,48.7796],[9.3071,48.7838],[9.3061,48.7938],[9.3045,48.802],[9.3065,48.8077],[9.3069,48.8142],[9.2883,48.8151],[9.2856,48.8241],[9.2875,48.8383],[9.2944,48.8502],[9.2757,48.8601],[9.2687,48.8594]]]}},{"type":"Feature","properties":{"ags":"08119041","name":"Korb","ewz":11255,"dist_km":15.1,"city":false,"warm_m2":16.75,"own_value":true,"m2_median":59,"share_median":0.305,"m2_p25":45,"share_p25":0.397},"geometry":{"type":"Polygon","coordinates":[[[9.3696,48.8619],[9.3601,48.8638],[9.3569,48.8604],[9.3592,48.8603],[9.3432,48.8534],[9.3436,48.8438],[9.3659,48.8348],[9.3632,48.8273],[9.3653,48.8243],[9.3752,48.8244],[9.3745,48.8255],[9.3942,48.8343],[9.3928,48.8381],[9.3844,48.8483],[9.3911,48.8477],[9.3949,48.8483],[9.3916,48.8497],[9.3682,48.8582],[9.3696,48.8619]]]}},{"type":"Feature","properties":{"ags":"08119044","name":"Murrhardt","ewz":14248,"dist_km":37.3,"city":false,"warm_m2":14.16,"own_value":true,"m2_median":71,"share_median":0.255,"m2_p25":55,"share_p25":0.33},"geometry":{"type":"Polygon","coordinates":[[[9.607,49.0184],[9.5999,49.0185],[9.5985,49.024],[9.5894,49.0263],[9.5579,49.0161],[9.5517,49.0082],[9.5544,49.0007],[9.5454,48.9814],[9.5245,48.9816],[9.5196,48.9775],[9.5272,48.9718],[9.5331,48.9715],[9.5452,48.9558],[9.5459,48.9574],[9.549,48.9585],[9.5614,48.9584],[9.5834,48.9474],[9.5962,48.9335],[9.6042,48.9379],[9.6342,48.9464],[9.6404,48.9425],[9.6617,48.9398],[9.6735,48.9399],[9.6879,48.9526],[9.6933,48.964],[9.6799,48.9683],[9.6723,48.963],[9.6668,48.962],[9.6716,48.974],[9.6637,48.9862],[9.6717,48.9899],[9.669,48.9915],[9.6403,48.9971],[9.635,49.0041],[9.6018,49.0055],[9.6025,49.0109],[9.605,49.0147],[9.607,49.0184]]]}},{"type":"Feature","properties":{"ags":"08119061","name":"Rudersberg","ewz":11319,"dist_km":27.9,"city":false,"warm_m2":14.17,"own_value":true,"m2_median":70,"share_median":0.257,"m2_p25":54,"share_p25":0.333},"geometry":{"type":"Polygon","coordinates":[[[9.5557,48.9136],[9.5409,48.903],[9.5295,48.9027],[9.5122,48.9044],[9.4943,48.8982],[9.4874,48.8931],[9.4781,48.8927],[9.4787,48.8881],[9.4992,48.8894],[9.4929,48.8738],[9.4796,48.8644],[9.514,48.8529],[9.5204,48.8534],[9.5234,48.8506],[9.5405,48.854],[9.5624,48.852],[9.5653,48.8539],[9.5747,48.8567],[9.5865,48.8653],[9.5814,48.8691],[9.5581,48.8717],[9.5803,48.8842],[9.5969,48.8841],[9.5918,48.89],[9.596,48.8906],[9.5983,48.8976],[9.5871,48.9032],[9.5874,48.9067],[9.5708,48.9073],[9.5686,48.9113],[9.5652,48.9129],[9.5557,48.9136]]]}},{"type":"Feature","properties":{"ags":"08119079","name":"Waiblingen","ewz":55917,"dist_km":12.8,"city":false,"warm_m2":17.1,"own_value":true,"m2_median":58,"share_median":0.312,"m2_p25":44,"share_p25":0.405},"geometry":{"type":"MultiPolygon","coordinates":[[[[9.3523,48.8936],[9.343,48.9054],[9.3361,48.9091],[9.3334,48.9076],[9.3284,48.9069],[9.327,48.9056],[9.3153,48.9037],[9.313,48.9004],[9.2974,48.8854],[9.3,48.8714],[9.2915,48.8626],[9.2893,48.8644],[9.2757,48.8601],[9.2944,48.8502],[9.2875,48.8383],[9.2856,48.8241],[9.2883,48.8151],[9.3069,48.8142],[9.3261,48.816],[9.3343,48.8106],[9.3495,48.8133],[9.3672,48.8225],[9.3632,48.8273],[9.3659,48.8348],[9.3436,48.8438],[9.3432,48.8534],[9.3592,48.8603],[9.3541,48.8618],[9.3352,48.8632],[9.3228,48.8798],[9.3309,48.8846],[9.349,48.8891],[9.3535,48.8915],[9.3523,48.8936]]],[[[9.4398,48.8326],[9.4399,48.8339],[9.4357,48.8414],[9.4355,48.8455],[9.4266,48.8434],[9.4282,48.8397],[9.4398,48.8326]]],[[[9.3911,48.8477],[9.3844,48.8483],[9.3928,48.8381],[9.398,48.8343],[9.4064,48.8382],[9.4162,48.8354],[9.4214,48.839],[9.4212,48.8453],[9.4166,48.8453],[9.3977,48.848],[9.3949,48.8483],[9.3911,48.8477]]]]}},{"type":"Feature","properties":{"ags":"08119089","name":"Berglen","ewz":6729,"dist_km":22.7,"city":false,"warm_m2":14.4,"own_value":true,"m2_median":69,"share_median":0.262,"m2_p25":53,"share_p25":0.34},"geometry":{"type":"MultiPolygon","coordinates":[[[[9.4781,48.8927],[9.4505,48.8924],[9.4506,48.8895],[9.4625,48.8767],[9.4555,48.8641],[9.4379,48.8562],[9.426,48.8451],[9.4266,48.8434],[9.4355,48.8455],[9.4357,48.8414],[9.4399,48.8339],[9.4398,48.8293],[9.4546,48.8216],[9.4638,48.8224],[9.4741,48.8246],[9.4852,48.8343],[9.5098,48.8431],[9.514,48.8529],[9.4796,48.8644],[9.4929,48.8738],[9.4992,48.8894],[9.4787,48.8881],[9.4781,48.8927]]],[[[9.5234,48.8506],[9.5204,48.8534],[9.5175,48.853],[9.5234,48.8506]]]]}},{"type":"Feature","properties":{"ags":"08119090","name":"Remshalden","ewz":14185,"dist_km":19.3,"city":false,"warm_m2":15.66,"own_value":true,"m2_median":63,"share_median":0.285,"m2_p25":49,"share_p25":0.371},"geometry":{"type":"Polygon","coordinates":[[[9.4398,48.8326],[9.4282,48.8397],[9.426,48.8451],[9.4212,48.8453],[9.4218,48.8421],[9.4204,48.8378],[9.4162,48.8354],[9.4132,48.8357],[9.4104,48.8289],[9.4041,48.826],[9.4046,48.8119],[9.4372,48.7897],[9.4436,48.7886],[9.449,48.8059],[9.4627,48.8051],[9.4719,48.8099],[9.4782,48.8221],[9.4741,48.8246],[9.4638,48.8224],[9.4546,48.8216],[9.4398,48.8293],[9.4398,48.8326]]]}},{"type":"Feature","properties":{"ags":"08119091","name":"Weinstadt","ewz":27245,"dist_km":15,"city":false,"warm_m2":16.57,"own_value":true,"m2_median":60,"share_median":0.302,"m2_p25":46,"share_p25":0.392},"geometry":{"type":"Polygon","coordinates":[[[9.4104,48.8289],[9.4132,48.8357],[9.4064,48.8382],[9.398,48.8343],[9.3942,48.8343],[9.3745,48.8255],[9.3752,48.8244],[9.3653,48.8243],[9.3672,48.8225],[9.3495,48.8133],[9.3359,48.8108],[9.3391,48.8043],[9.3538,48.7964],[9.3544,48.7741],[9.3655,48.7697],[9.3865,48.7704],[9.3826,48.7828],[9.3908,48.7882],[9.3989,48.784],[9.4117,48.7737],[9.4151,48.7651],[9.4191,48.7601],[9.4231,48.7635],[9.4357,48.7739],[9.4366,48.7782],[9.4341,48.7831],[9.4372,48.7897],[9.4046,48.8119],[9.4041,48.826],[9.4104,48.8289]]]}},{"type":"Feature","properties":{"ags":"08119093","name":"Kernen im Remstal","ewz":15429,"dist_km":10.9,"city":false,"warm_m2":16.83,"own_value":true,"m2_median":59,"share_median":0.307,"m2_p25":45,"share_p25":0.398},"geometry":{"type":"Polygon","coordinates":[[[9.3261,48.816],[9.3069,48.8142],[9.3065,48.8077],[9.3045,48.802],[9.3061,48.7938],[9.3071,48.7838],[9.3177,48.7796],[9.3152,48.779],[9.3207,48.7717],[9.3419,48.7675],[9.3437,48.769],[9.345,48.7674],[9.3447,48.7702],[9.3525,48.7696],[9.3544,48.7741],[9.3538,48.7964],[9.3391,48.8043],[9.3359,48.8108],[9.3343,48.8106],[9.3261,48.816]]]}},{"type":"Feature","properties":{"ags":"08119003","name":"Allmersbach im Tal","ewz":5065,"dist_km":25.4,"city":false,"warm_m2":14.84,"own_value":true,"m2_median":67,"share_median":0.269,"m2_p25":52,"share_p25":0.349},"geometry":{"type":"Polygon","coordinates":[[[9.4785,48.9152],[9.4727,48.9168],[9.4732,48.9204],[9.4622,48.9224],[9.4417,48.9013],[9.4501,48.8987],[9.4544,48.8933],[9.4569,48.8924],[9.4713,48.892],[9.4874,48.8931],[9.4943,48.8982],[9.4956,48.907],[9.4785,48.9152]]]}},{"type":"Feature","properties":{"ags":"08119004","name":"Althütte","ewz":4239,"dist_km":33.1,"city":false,"warm_m2":13.68,"own_value":true,"m2_median":73,"share_median":0.247,"m2_p25":56,"share_p25":0.32},"geometry":{"type":"Polygon","coordinates":[[[9.5614,48.9584],[9.549,48.9585],[9.5459,48.9574],[9.5472,48.9519],[9.5415,48.9428],[9.5451,48.9329],[9.5572,48.9306],[9.5615,48.9221],[9.5577,48.9189],[9.5423,48.9198],[9.5357,48.9102],[9.5247,48.9113],[9.5242,48.9059],[9.5158,48.9038],[9.5295,48.9027],[9.5409,48.903],[9.5557,48.9136],[9.5652,48.9129],[9.5686,48.9113],[9.5708,48.9073],[9.5874,48.9067],[9.591,48.9129],[9.5962,48.9335],[9.5834,48.9474],[9.5614,48.9584]]]}},{"type":"Feature","properties":{"ags":"08119006","name":"Auenwald","ewz":6816,"dist_km":30.2,"city":false,"warm_m2":14.53,"own_value":true,"m2_median":69,"share_median":0.263,"m2_p25":53,"share_p25":0.341},"geometry":{"type":"Polygon","coordinates":[[[9.5205,48.9712],[9.5087,48.9729],[9.4985,48.967],[9.4917,48.9516],[9.4833,48.9471],[9.4826,48.9442],[9.4818,48.9407],[9.5097,48.9243],[9.5423,48.9198],[9.5577,48.9189],[9.5615,48.9221],[9.5572,48.9306],[9.5451,48.9329],[9.5415,48.9428],[9.5472,48.9519],[9.5452,48.9558],[9.5331,48.9715],[9.5272,48.9718],[9.5205,48.9712]]]}},{"type":"Feature","properties":{"ags":"08119008","name":"Backnang","ewz":38184,"dist_km":25.8,"city":false,"warm_m2":15.76,"own_value":true,"m2_median":63,"share_median":0.286,"m2_p25":49,"share_p25":0.371},"geometry":{"type":"Polygon","coordinates":[[[9.4316,48.992],[9.4275,48.9934],[9.4231,48.987],[9.4236,48.9683],[9.4203,48.9583],[9.4053,48.9495],[9.396,48.951],[9.3869,48.9549],[9.3821,48.9565],[9.3811,48.9516],[9.372,48.9451],[9.3801,48.9369],[9.3913,48.9381],[9.4049,48.9352],[9.4181,48.9253],[9.4117,48.9126],[9.4104,48.9099],[9.4267,48.9022],[9.4391,48.9023],[9.4417,48.9013],[9.4622,48.9224],[9.4679,48.922],[9.4582,48.925],[9.4582,48.9288],[9.4624,48.9391],[9.4815,48.9434],[9.4826,48.9442],[9.4833,48.9471],[9.4917,48.9516],[9.4985,48.967],[9.5087,48.9729],[9.4996,48.9727],[9.4911,48.9727],[9.4628,48.9652],[9.4569,48.9698],[9.4509,48.97],[9.4509,48.9782],[9.4316,48.992]]]}},{"type":"Feature","properties":{"ags":"08119018","name":"Burgstetten","ewz":3714,"dist_km":21.8,"city":false,"warm_m2":14.32,"own_value":true,"m2_median":69,"share_median":0.26,"m2_p25":53,"share_p25":0.338},"geometry":{"type":"Polygon","coordinates":[[[9.3913,48.9381],[9.3801,48.9369],[9.3779,48.9395],[9.3748,48.9385],[9.3581,48.9385],[9.3584,48.9344],[9.3504,48.9341],[9.353,48.9316],[9.3548,48.9268],[9.3622,48.924],[9.3584,48.9201],[9.3588,48.9164],[9.3641,48.9111],[9.38,48.9178],[9.3901,48.9191],[9.4043,48.9113],[9.4117,48.9126],[9.4181,48.9253],[9.4049,48.9352],[9.3913,48.9381]]]}},{"type":"Feature","properties":{"ags":"08119038","name":"Kirchberg an der Murr","ewz":4140,"dist_km":21.9,"city":false,"warm_m2":14.65,"own_value":true,"m2_median":68,"share_median":0.266,"m2_p25":52,"share_p25":0.346},"geometry":{"type":"Polygon","coordinates":[[[9.3821,48.9565],[9.3767,48.9594],[9.3768,48.9623],[9.3686,48.9624],[9.3683,48.9644],[9.36,48.9647],[9.3599,48.9665],[9.347,48.9654],[9.3308,48.9511],[9.3081,48.9523],[9.3044,48.9484],[9.3162,48.9386],[9.3148,48.9349],[9.3472,48.9339],[9.3584,48.9344],[9.3581,48.9385],[9.3748,48.9385],[9.3779,48.9395],[9.372,48.9451],[9.3811,48.9516],[9.3821,48.9565]]]}},{"type":"Feature","properties":{"ags":"08119053","name":"Oppenweiler","ewz":4348,"dist_km":30.9,"city":false,"warm_m2":14.71,"own_value":true,"m2_median":68,"share_median":0.266,"m2_p25":52,"share_p25":0.345},"geometry":{"type":"Polygon","coordinates":[[[9.4586,49.0219],[9.4437,49.0183],[9.4332,49.0212],[9.418,49.0202],[9.4285,49.0014],[9.4275,48.9934],[9.4316,48.992],[9.4509,48.9782],[9.4509,48.97],[9.4569,48.9698],[9.4628,48.9652],[9.4911,48.9727],[9.4936,48.9753],[9.4972,48.9843],[9.4917,48.9902],[9.4809,49.0039],[9.4675,49.0051],[9.4593,49.0114],[9.4589,49.0205],[9.4586,49.0219]]]}},{"type":"Feature","properties":{"ags":"08119083","name":"Weissach im Tal","ewz":7513,"dist_km":27.9,"city":false,"warm_m2":16.75,"own_value":true,"m2_median":59,"share_median":0.303,"m2_p25":46,"share_p25":0.394},"geometry":{"type":"Polygon","coordinates":[[[9.4815,48.9434],[9.4624,48.9391],[9.4582,48.9288],[9.4582,48.925],[9.4679,48.922],[9.4732,48.9204],[9.4727,48.9168],[9.4785,48.9152],[9.4956,48.907],[9.4943,48.8982],[9.5122,48.9044],[9.5158,48.9038],[9.5242,48.9059],[9.5247,48.9113],[9.5357,48.9102],[9.5423,48.9198],[9.5097,48.9243],[9.4818,48.9407],[9.4815,48.9434]]]}},{"type":"Feature","properties":{"ags":"08119087","name":"Aspach","ewz":8217,"dist_km":27.4,"city":false,"warm_m2":14.92,"own_value":true,"m2_median":67,"share_median":0.27,"m2_p25":51,"share_p25":0.351},"geometry":{"type":"Polygon","coordinates":[[[9.415,49.0202],[9.4064,49.0247],[9.3848,49.0173],[9.3841,49.0195],[9.3735,49.0177],[9.3531,49.0101],[9.3409,49.0028],[9.3348,49.0009],[9.326,49.0001],[9.3253,48.9972],[9.3341,48.9945],[9.3508,48.9911],[9.3628,48.9825],[9.3654,48.9814],[9.3652,48.9792],[9.3717,48.9729],[9.368,48.9668],[9.3599,48.9665],[9.36,48.9647],[9.3683,48.9644],[9.3686,48.9624],[9.3768,48.9623],[9.3767,48.9594],[9.3869,48.9549],[9.396,48.951],[9.4053,48.9495],[9.4203,48.9583],[9.4236,48.9683],[9.4231,48.987],[9.4285,49.0014],[9.418,49.0202],[9.415,49.0202]]]}},{"type":"Feature","properties":{"ags":"08119055","name":"Plüderhausen","ewz":9841,"dist_km":30.4,"city":false,"warm_m2":15.3,"own_value":true,"m2_median":65,"share_median":0.276,"m2_p25":50,"share_p25":0.359},"geometry":{"type":"MultiPolygon","coordinates":[[[[9.6471,48.8125],[9.6397,48.8208],[9.6399,48.8222],[9.6337,48.8209],[9.6312,48.8183],[9.619,48.8144],[9.6052,48.8127],[9.5962,48.8061],[9.5586,48.7972],[9.5563,48.7842],[9.574,48.7802],[9.5884,48.7811],[9.6145,48.7693],[9.6161,48.7713],[9.623,48.7743],[9.6266,48.7744],[9.62,48.7882],[9.6432,48.7962],[9.6471,48.8125]]],[[[9.6393,48.8419],[9.6399,48.8485],[9.6361,48.8482],[9.6324,48.8431],[9.6346,48.8416],[9.6393,48.8419]]],[[[9.6297,48.8414],[9.6137,48.8449],[9.6106,48.8565],[9.6014,48.8576],[9.5953,48.8561],[9.5964,48.8537],[9.5993,48.8518],[9.6006,48.8525],[9.5969,48.8429],[9.5968,48.8349],[9.6128,48.8351],[9.6228,48.8207],[9.6336,48.8231],[9.6382,48.8278],[9.6379,48.8382],[9.6297,48.8414]]]]}},{"type":"Feature","properties":{"ags":"08119076","name":"Urbach","ewz":9274,"dist_km":30.4,"city":false,"warm_m2":15.39,"own_value":true,"m2_median":65,"share_median":0.278,"m2_p25":50,"share_p25":0.361},"geometry":{"type":"Polygon","coordinates":[[[9.5954,48.8499],[9.5792,48.8512],[9.5622,48.8462],[9.5615,48.8429],[9.5593,48.8428],[9.56,48.8405],[9.5637,48.8242],[9.5499,48.8186],[9.5586,48.7972],[9.5962,48.8061],[9.6052,48.8127],[9.619,48.8144],[9.6312,48.8183],[9.6337,48.8209],[9.6399,48.8222],[9.6336,48.8231],[9.6228,48.8207],[9.6128,48.8351],[9.5968,48.8349],[9.5969,48.8429],[9.6006,48.8525],[9.5954,48.8499]]]}},{"type":"Feature","properties":{"ags":"08119067","name":"Schorndorf","ewz":40614,"dist_km":25.2,"city":false,"warm_m2":16.49,"own_value":true,"m2_median":60,"share_median":0.299,"m2_p25":46,"share_p25":0.388},"geometry":{"type":"Polygon","coordinates":[[[9.5596,48.8462],[9.5675,48.8542],[9.5624,48.852],[9.5405,48.854],[9.5234,48.8506],[9.5175,48.853],[9.514,48.8529],[9.5098,48.8431],[9.4852,48.8343],[9.4741,48.8246],[9.4782,48.8221],[9.5047,48.8033],[9.4913,48.8023],[9.4888,48.7837],[9.4954,48.7758],[9.4902,48.7685],[9.4932,48.7667],[9.4968,48.7576],[9.5031,48.7539],[9.5072,48.7563],[9.5126,48.7613],[9.5342,48.7571],[9.5557,48.7478],[9.5673,48.7519],[9.582,48.7517],[9.5853,48.7603],[9.5711,48.7717],[9.574,48.7802],[9.5563,48.7842],[9.5586,48.7972],[9.5499,48.8186],[9.5637,48.8242],[9.56,48.8405],[9.5596,48.8462]]]}},{"type":"Feature","properties":{"ags":"08119086","name":"Winterbach","ewz":7686,"dist_km":21.1,"city":false,"warm_m2":15.63,"own_value":true,"m2_median":63,"share_median":0.284,"m2_p25":49,"share_p25":0.369},"geometry":{"type":"Polygon","coordinates":[[[9.4902,48.7685],[9.4954,48.7758],[9.4888,48.7837],[9.4913,48.8023],[9.5047,48.8033],[9.4782,48.8221],[9.4719,48.8099],[9.4627,48.8051],[9.449,48.8059],[9.4436,48.7886],[9.4372,48.7897],[9.4341,48.7831],[9.4366,48.7782],[9.4358,48.7755],[9.4452,48.7775],[9.4535,48.775],[9.4631,48.7706],[9.4727,48.775],[9.4785,48.7691],[9.4863,48.7657],[9.4927,48.7673],[9.4902,48.7685]]]}},{"type":"Feature","properties":{"ags":"08119024","name":"Großerlach","ewz":2621,"dist_km":39.8,"city":false,"warm_m2":13.92,"own_value":true,"m2_median":72,"share_median":0.25,"m2_p25":56,"share_p25":0.324},"geometry":{"type":"Polygon","coordinates":[[[9.5193,49.077],[9.5009,49.079],[9.4957,49.0757],[9.4973,49.057],[9.4893,49.0511],[9.4946,49.0428],[9.4958,49.0358],[9.5288,49.0414],[9.5485,49.04],[9.5548,49.0129],[9.5579,49.0161],[9.5894,49.0263],[9.5985,49.024],[9.5999,49.0185],[9.607,49.0184],[9.6064,49.0192],[9.611,49.0219],[9.5958,49.0458],[9.612,49.0517],[9.5955,49.0565],[9.568,49.0534],[9.5335,49.0586],[9.5178,49.0686],[9.5193,49.077]]]}},{"type":"Feature","properties":{"ags":"08119069","name":"Spiegelberg","ewz":2163,"dist_km":35.5,"city":false,"warm_m2":12.3,"own_value":true,"m2_median":81,"share_median":0.221,"m2_p25":63,"share_p25":0.287},"geometry":{"type":"Polygon","coordinates":[[[9.4957,49.0757],[9.4836,49.0768],[9.4665,49.0716],[9.4551,49.0737],[9.4354,49.0603],[9.4405,49.0526],[9.4198,49.0463],[9.4162,49.0474],[9.4124,49.0446],[9.3995,49.044],[9.4,49.0344],[9.3878,49.0318],[9.3838,49.0237],[9.3848,49.0173],[9.4064,49.0247],[9.415,49.0202],[9.4332,49.0212],[9.4437,49.0183],[9.4586,49.0219],[9.4594,49.0233],[9.4666,49.0363],[9.4806,49.0454],[9.4921,49.047],[9.4893,49.0511],[9.4973,49.057],[9.4957,49.0757]]]}},{"type":"Feature","properties":{"ags":"08119075","name":"Sulzbach an der Murr","ewz":5341,"dist_km":34.6,"city":false,"warm_m2":13.64,"own_value":true,"m2_median":73,"share_median":0.246,"m2_p25":56,"share_p25":0.319},"geometry":{"type":"Polygon","coordinates":[[[9.4958,49.0358],[9.4946,49.0428],[9.4921,49.047],[9.4806,49.0454],[9.4666,49.0363],[9.4594,49.0233],[9.4589,49.0205],[9.4593,49.0114],[9.4675,49.0051],[9.4809,49.0039],[9.4917,48.9902],[9.4972,48.9843],[9.4936,48.9753],[9.4996,48.9727],[9.5087,48.9729],[9.5205,48.9712],[9.5196,48.9775],[9.5245,48.9816],[9.5454,48.9814],[9.5544,49.0007],[9.5517,49.0082],[9.5548,49.0129],[9.5485,49.04],[9.5288,49.0414],[9.4958,49.0358]]]}},{"type":"Feature","properties":{"ags":"08119037","name":"Kaisersbach","ewz":2359,"dist_km":38.6,"city":false,"warm_m2":12.76,"own_value":true,"m2_median":79,"share_median":0.229,"m2_p25":61,"share_p25":0.297},"geometry":{"type":"MultiPolygon","coordinates":[[[[9.6404,48.9425],[9.6342,48.9464],[9.6042,48.9379],[9.5962,48.9335],[9.591,48.9129],[9.5871,48.9032],[9.5983,48.8976],[9.6055,48.8949],[9.6129,48.9072],[9.6117,48.9218],[9.6354,48.9239],[9.6414,48.911],[9.6408,48.9055],[9.67,48.8991],[9.6829,48.9013],[9.6825,48.9028],[9.685,48.9036],[9.6849,48.9084],[9.6969,48.9139],[9.7006,48.9138],[9.6973,48.9173],[9.6771,48.9386],[9.6617,48.9398],[9.6404,48.9425]]],[[[9.695,48.8956],[9.7043,48.8965],[9.7043,48.9059],[9.6962,48.9061],[9.6929,48.9025],[9.6865,48.8997],[9.6925,48.8974],[9.695,48.8956]]]]}},{"type":"Feature","properties":{"ags":"08119084","name":"Welzheim","ewz":11378,"dist_km":33.5,"city":false,"warm_m2":14.28,"own_value":true,"m2_median":70,"share_median":0.257,"m2_p25":54,"share_p25":0.334},"geometry":{"type":"Polygon","coordinates":[[[9.6414,48.911],[9.6354,48.9239],[9.6117,48.9218],[9.6129,48.9072],[9.6055,48.8949],[9.596,48.8906],[9.5918,48.89],[9.5953,48.8863],[9.5995,48.8883],[9.5969,48.8841],[9.5803,48.8842],[9.5581,48.8717],[9.5814,48.8691],[9.5865,48.8653],[9.5747,48.8567],[9.5675,48.8542],[9.5596,48.8462],[9.5593,48.8428],[9.5615,48.8429],[9.5622,48.8462],[9.5792,48.8512],[9.5954,48.8499],[9.5993,48.8518],[9.5964,48.8537],[9.5953,48.8561],[9.6014,48.8576],[9.6106,48.8565],[9.6137,48.8449],[9.6297,48.8414],[9.6312,48.8414],[9.6361,48.8482],[9.6399,48.8485],[9.648,48.8535],[9.6434,48.8692],[9.6577,48.8726],[9.6607,48.8847],[9.6726,48.8922],[9.6954,48.8929],[9.6925,48.8974],[9.6829,48.9013],[9.67,48.8991],[9.6408,48.9055],[9.6414,48.911]]]}},{"type":"Feature","properties":{"ags":"08119042","name":"Leutenbach","ewz":11856,"dist_km":19.9,"city":false,"warm_m2":16,"own_value":true,"m2_median":62,"share_median":0.291,"m2_p25":48,"share_p25":0.379},"geometry":{"type":"MultiPolygon","coordinates":[[[[9.4043,48.9113],[9.3901,48.9191],[9.38,48.9178],[9.3766,48.9166],[9.3783,48.9151],[9.3744,48.9136],[9.3748,48.9094],[9.3592,48.9053],[9.343,48.9054],[9.3523,48.8936],[9.3539,48.8906],[9.3629,48.8894],[9.3623,48.8854],[9.3693,48.8854],[9.3744,48.8823],[9.3796,48.8844],[9.3953,48.8818],[9.4129,48.8885],[9.4114,48.8945],[9.4219,48.9006],[9.4344,48.9021],[9.4267,48.9022],[9.4104,48.9099],[9.4043,48.9113]]],[[[9.4386,48.8964],[9.4417,48.9013],[9.4391,48.9023],[9.4386,48.8964]]],[[[9.4569,48.8924],[9.4544,48.8933],[9.4501,48.8987],[9.4502,48.8971],[9.4505,48.8924],[9.4569,48.8924]]]]}},{"type":"Feature","properties":{"ags":"08119068","name":"Schwaikheim","ewz":9855,"dist_km":16.1,"city":false,"warm_m2":16.16,"own_value":true,"m2_median":61,"share_median":0.295,"m2_p25":47,"share_p25":0.383},"geometry":{"type":"Polygon","coordinates":[[[9.3535,48.8915],[9.349,48.8891],[9.3309,48.8846],[9.3228,48.8798],[9.3352,48.8632],[9.3541,48.8618],[9.3569,48.8604],[9.3601,48.8638],[9.3696,48.8619],[9.3728,48.8659],[9.3813,48.8684],[9.3752,48.8816],[9.3623,48.8837],[9.3629,48.8894],[9.3539,48.8906],[9.3535,48.8915]]]}},{"type":"Feature","properties":{"ags":"08119085","name":"Winnenden","ewz":29436,"dist_km":20.1,"city":false,"warm_m2":16.46,"own_value":true,"m2_median":60,"share_median":0.3,"m2_p25":46,"share_p25":0.389},"geometry":{"type":"Polygon","coordinates":[[[9.4391,48.9023],[9.4344,48.9021],[9.4219,48.9006],[9.4114,48.8945],[9.4129,48.8885],[9.3953,48.8818],[9.3796,48.8844],[9.3744,48.8823],[9.3693,48.8854],[9.3623,48.8854],[9.3623,48.8837],[9.3752,48.8816],[9.3813,48.8684],[9.3728,48.8659],[9.3682,48.8582],[9.3916,48.8497],[9.3977,48.848],[9.4166,48.8453],[9.426,48.8451],[9.4379,48.8562],[9.4555,48.8641],[9.4625,48.8767],[9.4506,48.8895],[9.4502,48.8971],[9.4501,48.8987],[9.4417,48.9013],[9.4386,48.8964],[9.4391,48.9023]]]}},{"type":"Feature","properties":{"ags":"08121000","name":"Heilbronn","ewz":130093,"dist_km":41,"city":false,"warm_m2":16.18,"own_value":true,"m2_median":62,"share_median":0.29,"m2_p25":48,"share_p25":0.376},"geometry":{"type":"Polygon","coordinates":[[[9.1191,49.2085],[9.1143,49.2105],[9.1136,49.2085],[9.1059,49.196],[9.08,49.199],[9.0564,49.1971],[9.0445,49.1974],[9.0462,49.196],[9.056,49.1949],[9.0558,49.1931],[9.0722,49.185],[9.0912,49.1702],[9.0991,49.1712],[9.0994,49.1694],[9.1149,49.169],[9.129,49.1705],[9.1334,49.1572],[9.1608,49.1497],[9.1587,49.1434],[9.1316,49.1265],[9.1398,49.1182],[9.1517,49.1115],[9.1502,49.1021],[9.1527,49.0989],[9.1614,49.093],[9.1777,49.0964],[9.1906,49.1035],[9.1916,49.1058],[9.1967,49.1069],[9.2139,49.1123],[9.2161,49.108],[9.2174,49.1074],[9.2535,49.1038],[9.2567,49.1043],[9.2528,49.106],[9.2532,49.1083],[9.2689,49.109],[9.2856,49.1151],[9.3005,49.1143],[9.2977,49.1197],[9.2749,49.1222],[9.2783,49.1373],[9.2723,49.1443],[9.2552,49.1499],[9.2626,49.1555],[9.2577,49.1631],[9.2465,49.1648],[9.236,49.1697],[9.2209,49.1706],[9.2128,49.1878],[9.1647,49.1919],[9.1609,49.2035],[9.1597,49.2065],[9.1191,49.2085]]]}},{"type":"Feature","properties":{"ags":"08125058","name":"Leingarten","ewz":11772,"dist_km":40.5,"city":false,"warm_m2":16.34,"own_value":true,"m2_median":61,"share_median":0.293,"m2_p25":47,"share_p25":0.38},"geometry":{"type":"Polygon","coordinates":[[[9.1149,49.169],[9.0994,49.1694],[9.0991,49.1712],[9.0886,49.1695],[9.0725,49.1516],[9.0835,49.1344],[9.0741,49.1208],[9.075,49.1182],[9.0892,49.1246],[9.1316,49.1255],[9.1316,49.1265],[9.1587,49.1434],[9.1608,49.1497],[9.1334,49.1572],[9.129,49.1705],[9.1149,49.169]]]}},{"type":"Feature","properties":{"ags":"08125107","name":"Wüstenrot","ewz":6796,"dist_km":40.3,"city":false,"warm_m2":14.28,"own_value":true,"m2_median":70,"share_median":0.256,"m2_p25":54,"share_p25":0.332},"geometry":{"type":"Polygon","coordinates":[[[9.5275,49.1086],[9.5111,49.1156],[9.515,49.121],[9.5082,49.1336],[9.4918,49.1398],[9.4827,49.1301],[9.4905,49.1224],[9.4898,49.1139],[9.4787,49.109],[9.4568,49.1128],[9.4572,49.1054],[9.4417,49.1],[9.4427,49.0985],[9.4407,49.0954],[9.4451,49.0954],[9.4365,49.0889],[9.4236,49.0931],[9.4173,49.0842],[9.416,49.0764],[9.4262,49.0701],[9.426,49.0645],[9.4297,49.0607],[9.415,49.058],[9.4138,49.0481],[9.4198,49.0463],[9.4405,49.0526],[9.4354,49.0603],[9.4551,49.0737],[9.4665,49.0716],[9.4836,49.0768],[9.4957,49.0757],[9.5009,49.079],[9.5017,49.0807],[9.4981,49.0924],[9.5026,49.103],[9.5275,49.1086]]]}},{"type":"Feature","properties":{"ags":"08125013","name":"Brackenheim","ewz":16795,"dist_km":34.7,"city":false,"warm_m2":14.91,"own_value":true,"m2_median":67,"share_median":0.269,"m2_p25":52,"share_p25":0.348},"geometry":{"type":"Polygon","coordinates":[[[9.0652,49.116],[9.0432,49.1167],[9.0381,49.1185],[9.0325,49.1167],[9.028,49.1103],[9.0104,49.1101],[9.0043,49.0981],[8.9982,49.0966],[8.9905,49.0911],[8.9911,49.0891],[9.0035,49.0814],[9.0392,49.0811],[9.0454,49.0693],[9.0466,49.0593],[9.0448,49.0462],[9.0659,49.0454],[9.0814,49.0482],[9.1066,49.0516],[9.1016,49.0617],[9.1099,49.0642],[9.1159,49.0627],[9.126,49.07],[9.1227,49.091],[9.1176,49.0976],[9.1006,49.0964],[9.1012,49.1047],[9.08,49.1034],[9.0784,49.1136],[9.0656,49.1152],[9.0652,49.116]]]}},{"type":"Feature","properties":{"ags":"08125017","name":"Cleebronn","ewz":3255,"dist_km":31.1,"city":false,"warm_m2":14.78,"own_value":true,"m2_median":67,"share_median":0.267,"m2_p25":52,"share_p25":0.346},"geometry":{"type":"Polygon","coordinates":[[[9.0458,49.0683],[9.0313,49.0673],[9.0156,49.0644],[9.0077,49.0504],[9.0073,49.0472],[9.0019,49.0367],[8.9893,49.0377],[8.9881,49.0271],[9.0155,49.0229],[9.0197,49.0244],[9.0167,49.0284],[9.0307,49.0275],[9.0602,49.0255],[9.0609,49.0401],[9.0659,49.0454],[9.0448,49.0462],[9.0466,49.0593],[9.0458,49.0683]]]}},{"type":"Feature","properties":{"ags":"08125026","name":"Eppingen","ewz":22252,"dist_km":44.7,"city":false,"warm_m2":13.76,"own_value":true,"m2_median":73,"share_median":0.246,"m2_p25":56,"share_p25":0.319},"geometry":{"type":"Polygon","coordinates":[[[8.8635,49.1744],[8.8393,49.1875],[8.8182,49.1945],[8.8259,49.1879],[8.8194,49.1742],[8.8177,49.1578],[8.8258,49.1606],[8.8356,49.1485],[8.8311,49.1398],[8.8269,49.1327],[8.8264,49.1266],[8.8285,49.1255],[8.8593,49.1261],[8.8745,49.1289],[8.874,49.1235],[8.8818,49.1191],[8.8847,49.1167],[8.8875,49.1173],[8.8917,49.1097],[8.8901,49.1072],[8.8919,49.0995],[8.8933,49.0846],[8.8915,49.0827],[8.9123,49.0845],[8.9332,49.0793],[8.9515,49.0809],[8.9492,49.0762],[8.9522,49.0805],[8.9604,49.0786],[8.9694,49.0801],[8.9763,49.0796],[8.9905,49.0911],[8.9982,49.0966],[8.993,49.0956],[8.9881,49.1013],[8.9506,49.1098],[8.9617,49.1193],[8.9607,49.1224],[8.9618,49.1278],[8.9484,49.1283],[8.9504,49.1427],[8.9362,49.1497],[8.9387,49.161],[8.9758,49.1689],[9.0031,49.1795],[8.9915,49.1792],[8.9769,49.1786],[8.965,49.1729],[8.9596,49.1856],[8.9388,49.1834],[8.9312,49.1784],[8.9195,49.1795],[8.9041,49.1841],[8.8935,49.1858],[8.8961,49.182],[8.8635,49.1744]]]}},{"type":"Feature","properties":{"ags":"08125034","name":"Gemmingen","ewz":5542,"dist_km":44,"city":false,"warm_m2":14.51,"own_value":true,"m2_median":69,"share_median":0.26,"m2_p25":53,"share_p25":0.337},"geometry":{"type":"Polygon","coordinates":[[[9.0098,49.1799],[9.0031,49.1795],[8.9758,49.1689],[8.9387,49.161],[8.9362,49.1497],[8.9504,49.1427],[8.9484,49.1283],[8.9701,49.1268],[8.9817,49.1409],[9.0139,49.1456],[9.0166,49.1646],[9.0098,49.1799]]]}},{"type":"Feature","properties":{"ags":"08125030","name":"Flein","ewz":7398,"dist_km":35.4,"city":false,"warm_m2":16.78,"own_value":true,"m2_median":60,"share_median":0.302,"m2_p25":46,"share_p25":0.392},"geometry":{"type":"Polygon","coordinates":[[[9.2174,49.1074],[9.2161,49.108],[9.2139,49.1123],[9.1967,49.1069],[9.1916,49.1058],[9.1912,49.0994],[9.213,49.0913],[9.2297,49.0907],[9.2438,49.0883],[9.2497,49.0882],[9.2601,49.0986],[9.2567,49.1043],[9.2535,49.1038],[9.2174,49.1074]]]}},{"type":"Feature","properties":{"ags":"08125094","name":"Talheim","ewz":5101,"dist_km":33.6,"city":false,"warm_m2":16.55,"own_value":true,"m2_median":60,"share_median":0.298,"m2_p25":46,"share_p25":0.387},"geometry":{"type":"Polygon","coordinates":[[[9.1906,49.1035],[9.1777,49.0964],[9.1614,49.093],[9.1723,49.091],[9.175,49.0773],[9.1837,49.0716],[9.2024,49.0712],[9.2168,49.0711],[9.2317,49.0767],[9.2246,49.0833],[9.2488,49.0847],[9.2438,49.0883],[9.2297,49.0907],[9.213,49.0913],[9.1912,49.0994],[9.1906,49.1035]]]}},{"type":"Feature","properties":{"ags":"08125056","name":"Lauffen am Neckar","ewz":11863,"dist_km":33.4,"city":false,"warm_m2":15.59,"own_value":true,"m2_median":64,"share_median":0.281,"m2_p25":49,"share_p25":0.365},"geometry":{"type":"MultiPolygon","coordinates":[[[[9.1614,49.093],[9.1527,49.0989],[9.1502,49.1021],[9.1496,49.1057],[9.1457,49.1014],[9.1176,49.0976],[9.1227,49.091],[9.126,49.07],[9.1159,49.0627],[9.1251,49.0634],[9.1359,49.0553],[9.1414,49.0535],[9.1489,49.0543],[9.153,49.0573],[9.1749,49.0516],[9.1787,49.0586],[9.2087,49.0621],[9.2088,49.0647],[9.2053,49.0668],[9.2024,49.0712],[9.1837,49.0716],[9.175,49.0773],[9.1723,49.091],[9.1614,49.093]]],[[[9.3637,49.0727],[9.375,49.0777],[9.3747,49.0787],[9.3643,49.0794],[9.3664,49.0767],[9.3576,49.0754],[9.34,49.0756],[9.3403,49.0681],[9.3637,49.0727]]]]}},{"type":"Feature","properties":{"ags":"08125066","name":"Neckarwestheim","ewz":4196,"dist_km":28.5,"city":false,"warm_m2":15.8,"own_value":true,"m2_median":63,"share_median":0.286,"m2_p25":48,"share_p25":0.371},"geometry":{"type":"Polygon","coordinates":[[[9.2087,49.0621],[9.1787,49.0586],[9.1718,49.0444],[9.1661,49.0408],[9.1703,49.0421],[9.1858,49.0305],[9.1875,49.0321],[9.2316,49.0252],[9.2367,49.0216],[9.236,49.0203],[9.2467,49.0221],[9.2565,49.0336],[9.2291,49.0402],[9.2113,49.0496],[9.2113,49.0563],[9.2086,49.0594],[9.2087,49.0621]]]}},{"type":"Feature","properties":{"ags":"08125074","name":"Nordheim","ewz":8446,"dist_km":36.4,"city":false,"warm_m2":14.8,"own_value":true,"m2_median":68,"share_median":0.266,"m2_p25":52,"share_p25":0.345},"geometry":{"type":"Polygon","coordinates":[[[9.1316,49.1255],[9.0892,49.1246],[9.075,49.1182],[9.0745,49.1197],[9.0686,49.1177],[9.0693,49.1167],[9.0738,49.1177],[9.0763,49.117],[9.0761,49.1151],[9.0744,49.1154],[9.0744,49.1139],[9.0784,49.1136],[9.08,49.1034],[9.1012,49.1047],[9.1006,49.0964],[9.1176,49.0976],[9.1457,49.1014],[9.1496,49.1057],[9.1517,49.1115],[9.1398,49.1182],[9.1316,49.1255]]]}},{"type":"Feature","properties":{"ags":"08125027","name":"Erlenbach","ewz":5209,"dist_km":44.2,"city":false,"warm_m2":15.75,"own_value":true,"m2_median":64,"share_median":0.282,"m2_p25":49,"share_p25":0.365},"geometry":{"type":"Polygon","coordinates":[[[9.2592,49.1595],[9.2636,49.1604],[9.2741,49.159],[9.2877,49.165],[9.2811,49.1761],[9.2932,49.191],[9.2941,49.1979],[9.2792,49.2024],[9.2635,49.1984],[9.2575,49.187],[9.2365,49.1811],[9.236,49.1697],[9.2465,49.1648],[9.2577,49.1631],[9.2592,49.1595]]]}},{"type":"Feature","properties":{"ags":"08125065","name":"Neckarsulm","ewz":26523,"dist_km":45.7,"city":false,"warm_m2":16.7,"own_value":true,"m2_median":60,"share_median":0.298,"m2_p25":47,"share_p25":0.387},"geometry":{"type":"Polygon","coordinates":[[[9.3077,49.1996],[9.3176,49.2117],[9.3174,49.2193],[9.3053,49.2194],[9.2787,49.2092],[9.2533,49.2075],[9.2515,49.2158],[9.2414,49.2083],[9.2193,49.2085],[9.2164,49.2081],[9.2107,49.2033],[9.1873,49.2037],[9.1723,49.2141],[9.1713,49.2159],[9.1615,49.2127],[9.1609,49.2035],[9.1647,49.1919],[9.2128,49.1878],[9.2209,49.1706],[9.236,49.1697],[9.2365,49.1811],[9.2575,49.187],[9.2635,49.1984],[9.2792,49.2024],[9.2941,49.1979],[9.3077,49.1996]]]}},{"type":"Feature","properties":{"ags":"08125038","name":"Güglingen","ewz":6391,"dist_km":33.7,"city":false,"warm_m2":14.88,"own_value":true,"m2_median":67,"share_median":0.268,"m2_p25":52,"share_p25":0.348},"geometry":{"type":"Polygon","coordinates":[[[9.0035,49.0814],[8.9911,49.0891],[8.9905,49.0911],[8.9763,49.0796],[8.9736,49.0793],[8.9704,49.0704],[8.9822,49.0678],[8.9841,49.0602],[8.9785,49.0456],[8.9713,49.0415],[8.9893,49.0377],[9.0019,49.0367],[9.0073,49.0472],[9.0077,49.0504],[9.0156,49.0644],[9.0313,49.0673],[9.0458,49.0683],[9.0454,49.0693],[9.0392,49.0811],[9.0035,49.0814]]]}},{"type":"Feature","properties":{"ags":"08125081","name":"Pfaffenhofen","ewz":2569,"dist_km":34.2,"city":false,"warm_m2":12.55,"own_value":true,"m2_median":80,"share_median":0.226,"m2_p25":61,"share_p25":0.293},"geometry":{"type":"Polygon","coordinates":[[[8.9694,49.0801],[8.9604,49.0786],[8.9522,49.0805],[8.9492,49.0762],[8.9478,49.0713],[8.9392,49.0625],[8.9373,49.05],[8.9334,49.0467],[8.9345,49.0403],[8.9377,49.0403],[8.942,49.0375],[8.9713,49.0415],[8.9785,49.0456],[8.9841,49.0602],[8.9822,49.0678],[8.9704,49.0704],[8.9736,49.0793],[8.9694,49.0801]]]}},{"type":"Feature","properties":{"ags":"08125108","name":"Zaberfeld","ewz":4248,"dist_km":36.7,"city":false,"warm_m2":14.29,"own_value":true,"m2_median":70,"share_median":0.257,"m2_p25":54,"share_p25":0.333},"geometry":{"type":"Polygon","coordinates":[[[8.9515,49.0809],[8.9332,49.0793],[8.9123,49.0845],[8.8951,49.0834],[8.8915,49.0827],[8.8911,49.0813],[8.8672,49.0772],[8.8763,49.0696],[8.8778,49.0585],[8.8805,49.0565],[8.8715,49.0501],[8.8757,49.0371],[8.876,49.0352],[8.8778,49.0359],[8.8773,49.0377],[8.885,49.0406],[8.886,49.0448],[8.8933,49.0442],[8.9056,49.0408],[8.9305,49.0403],[8.9345,49.0403],[8.9334,49.0467],[8.9373,49.05],[8.9392,49.0625],[8.9478,49.0713],[8.9483,49.0787],[8.9515,49.0809]]]}},{"type":"Feature","properties":{"ags":"08125059","name":"Löwenstein","ewz":3436,"dist_km":38.1,"city":false,"warm_m2":13.26,"own_value":true,"m2_median":76,"share_median":0.238,"m2_p25":58,"share_p25":0.309},"geometry":{"type":"MultiPolygon","coordinates":[[[[9.3824,49.1179],[9.361,49.1194],[9.3396,49.1121],[9.3367,49.1067],[9.3586,49.0979],[9.3649,49.092],[9.3677,49.0792],[9.3747,49.0787],[9.375,49.0777],[9.3864,49.0809],[9.3959,49.0757],[9.3956,49.0738],[9.4262,49.0701],[9.416,49.0764],[9.4173,49.0842],[9.4236,49.0931],[9.4365,49.0889],[9.4451,49.0954],[9.437,49.096],[9.4332,49.1034],[9.4235,49.104],[9.4108,49.1017],[9.4045,49.1103],[9.3824,49.1179]]],[[[9.415,49.0633],[9.4014,49.0685],[9.3972,49.0595],[9.4093,49.0621],[9.415,49.058],[9.4297,49.0607],[9.424,49.0681],[9.415,49.0633]]]]}},{"type":"Feature","properties":{"ags":"08125110","name":"Obersulm","ewz":13876,"dist_km":41,"city":false,"warm_m2":15.42,"own_value":true,"m2_median":65,"share_median":0.277,"m2_p25":50,"share_p25":0.359},"geometry":{"type":"Polygon","coordinates":[[[9.3663,49.1588],[9.3555,49.1544],[9.3399,49.1573],[9.3357,49.1556],[9.339,49.1432],[9.3412,49.1309],[9.3396,49.1121],[9.361,49.1194],[9.3824,49.1179],[9.4045,49.1103],[9.4108,49.1017],[9.4235,49.104],[9.4356,49.1035],[9.4386,49.1153],[9.4356,49.1267],[9.4214,49.1258],[9.4224,49.1384],[9.4374,49.1433],[9.4318,49.1512],[9.4094,49.1461],[9.3894,49.1483],[9.3795,49.159],[9.3663,49.1588]]]}},{"type":"Feature","properties":{"ags":"08125001","name":"Abstatt","ewz":5058,"dist_km":33.7,"city":false,"warm_m2":16.78,"own_value":true,"m2_median":60,"share_median":0.303,"m2_p25":46,"share_p25":0.392},"geometry":{"type":"Polygon","coordinates":[[[9.34,49.0756],[9.3242,49.0765],[9.3022,49.0829],[9.3038,49.0904],[9.2977,49.0922],[9.2894,49.0783],[9.2805,49.0784],[9.2725,49.0687],[9.2746,49.0615],[9.2985,49.0602],[9.319,49.067],[9.3192,49.0652],[9.34,49.0674],[9.3484,49.0634],[9.3624,49.0666],[9.3637,49.0727],[9.3403,49.0681],[9.34,49.0756]]]}},{"type":"Feature","properties":{"ags":"08125008","name":"Beilstein","ewz":6422,"dist_km":32.9,"city":false,"warm_m2":15.94,"own_value":true,"m2_median":63,"share_median":0.288,"m2_p25":48,"share_p25":0.373},"geometry":{"type":"MultiPolygon","coordinates":[[[[9.3956,49.0738],[9.3959,49.0757],[9.3864,49.0809],[9.375,49.0777],[9.3637,49.0727],[9.3624,49.0666],[9.3484,49.0634],[9.34,49.0674],[9.3192,49.0652],[9.3208,49.0624],[9.3146,49.0562],[9.2951,49.051],[9.2887,49.0426],[9.2949,49.0319],[9.2971,49.0331],[9.3136,49.034],[9.3352,49.0401],[9.3529,49.0406],[9.3553,49.0369],[9.375,49.0414],[9.3804,49.0371],[9.3994,49.0382],[9.3991,49.0417],[9.4013,49.0494],[9.3921,49.0583],[9.3972,49.0595],[9.4014,49.0685],[9.415,49.0633],[9.424,49.0681],[9.426,49.0645],[9.4262,49.0701],[9.3956,49.0738]]],[[[9.3576,49.0754],[9.3664,49.0767],[9.3643,49.0794],[9.3584,49.0799],[9.3576,49.0754]]]]}},{"type":"Feature","properties":{"ags":"08125046","name":"Ilsfeld","ewz":9851,"dist_km":30.8,"city":false,"warm_m2":16.01,"own_value":true,"m2_median":62,"share_median":0.289,"m2_p25":48,"share_p25":0.375},"geometry":{"type":"Polygon","coordinates":[[[9.2538,49.0781],[9.2503,49.0833],[9.2488,49.0847],[9.2246,49.0833],[9.2317,49.0767],[9.2168,49.0711],[9.2024,49.0712],[9.2053,49.0668],[9.2088,49.0647],[9.2086,49.0594],[9.2113,49.0563],[9.2113,49.0496],[9.2291,49.0402],[9.2565,49.0336],[9.2557,49.0276],[9.2586,49.0287],[9.2659,49.0304],[9.266,49.0295],[9.2671,49.0353],[9.2887,49.0426],[9.2951,49.051],[9.3146,49.0562],[9.3208,49.0624],[9.3185,49.0656],[9.319,49.067],[9.2985,49.0602],[9.2746,49.0615],[9.2725,49.0687],[9.2805,49.0784],[9.2572,49.0741],[9.2538,49.0781]]]}},{"type":"Feature","properties":{"ags":"08125098","name":"Untergruppenbach","ewz":8697,"dist_km":35.8,"city":false,"warm_m2":16.58,"own_value":true,"m2_median":60,"share_median":0.298,"m2_p25":46,"share_p25":0.387},"geometry":{"type":"Polygon","coordinates":[[[9.3367,49.1067],[9.3242,49.1125],[9.2996,49.1165],[9.3005,49.1143],[9.2856,49.1151],[9.2689,49.109],[9.2532,49.1083],[9.2528,49.106],[9.2578,49.1036],[9.2601,49.0986],[9.2497,49.0882],[9.2438,49.0883],[9.2503,49.0833],[9.2538,49.0781],[9.2572,49.0741],[9.2805,49.0784],[9.2894,49.0783],[9.2977,49.0922],[9.3038,49.0904],[9.3022,49.0829],[9.3242,49.0765],[9.34,49.0756],[9.3576,49.0754],[9.3584,49.0799],[9.3677,49.0792],[9.3649,49.092],[9.3586,49.0979],[9.3367,49.1067]]]}},{"type":"Feature","properties":{"ags":"08125061","name":"Massenbachhausen","ewz":3794,"dist_km":45.6,"city":false,"warm_m2":14.84,"own_value":true,"m2_median":68,"share_median":0.265,"m2_p25":52,"share_p25":0.344},"geometry":{"type":"Polygon","coordinates":[[[9.0455,49.1909],[9.0475,49.1937],[9.0356,49.2006],[9.0269,49.1983],[9.0194,49.1952],[9.0114,49.1799],[9.0098,49.1799],[9.0166,49.1646],[9.0546,49.1705],[9.0558,49.1848],[9.0455,49.1909]]]}},{"type":"Feature","properties":{"ags":"08125086","name":"Schwaigern","ewz":11726,"dist_km":41.7,"city":false,"warm_m2":14.82,"own_value":true,"m2_median":68,"share_median":0.266,"m2_p25":52,"share_p25":0.344},"geometry":{"type":"Polygon","coordinates":[[[9.0722,49.185],[9.0558,49.1931],[9.056,49.1949],[9.0493,49.1954],[9.0445,49.1974],[9.0419,49.1974],[9.0475,49.1937],[9.0455,49.1909],[9.0558,49.1848],[9.0546,49.1705],[9.0166,49.1646],[9.0139,49.1456],[8.9817,49.1409],[8.9701,49.1268],[8.9618,49.1278],[8.9607,49.1224],[8.9617,49.1193],[8.9506,49.1098],[8.9881,49.1013],[8.993,49.0956],[9.0043,49.0981],[9.0104,49.1101],[9.028,49.1103],[9.0325,49.1167],[9.0381,49.1185],[9.0432,49.1167],[9.0652,49.116],[9.0656,49.1152],[9.0744,49.1139],[9.0744,49.1154],[9.0761,49.1151],[9.0763,49.117],[9.0738,49.1177],[9.0693,49.1167],[9.0686,49.1177],[9.0745,49.1197],[9.0741,49.1208],[9.0835,49.1344],[9.0725,49.1516],[9.0886,49.1695],[9.0912,49.1702],[9.0722,49.185]]]}},{"type":"Feature","properties":{"ags":"08125021","name":"Eberstadt","ewz":3231,"dist_km":45.1,"city":false,"warm_m2":15.01,"own_value":true,"m2_median":67,"share_median":0.268,"m2_p25":52,"share_p25":0.348},"geometry":{"type":"Polygon","coordinates":[[[9.3435,49.1705],[9.3644,49.1837],[9.3522,49.1875],[9.3316,49.1969],[9.3134,49.1999],[9.2941,49.1979],[9.2932,49.191],[9.3053,49.1848],[9.3033,49.172],[9.3035,49.1693],[9.3086,49.1648],[9.3315,49.1676],[9.3435,49.1705]]]}},{"type":"Feature","properties":{"ags":"08125024","name":"Ellhofen","ewz":3982,"dist_km":41.1,"city":false,"warm_m2":16.49,"own_value":true,"m2_median":61,"share_median":0.296,"m2_p25":47,"share_p25":0.383},"geometry":{"type":"MultiPolygon","coordinates":[[[[9.3378,49.1596],[9.3278,49.1543],[9.3063,49.153],[9.3087,49.1401],[9.306,49.1344],[9.306,49.1307],[9.3079,49.1291],[9.3071,49.1254],[9.3084,49.1246],[9.3108,49.1263],[9.3188,49.1351],[9.3394,49.1379],[9.339,49.1432],[9.3357,49.1556],[9.3378,49.1596]]],[[[9.3755,49.1584],[9.3751,49.1596],[9.3745,49.1633],[9.3713,49.166],[9.3663,49.1588],[9.3755,49.1584]]]]}},{"type":"Feature","properties":{"ags":"08125057","name":"Lehrensteinsfeld","ewz":2755,"dist_km":38.6,"city":false,"warm_m2":15.06,"own_value":true,"m2_median":67,"share_median":0.271,"m2_p25":51,"share_p25":0.351},"geometry":{"type":"Polygon","coordinates":[[[9.3396,49.1121],[9.3412,49.1309],[9.3394,49.1379],[9.3188,49.1351],[9.3108,49.1263],[9.3025,49.1224],[9.2996,49.1165],[9.3242,49.1125],[9.3367,49.1067],[9.3396,49.1121]]]}},{"type":"Feature","properties":{"ags":"08125102","name":"Weinsberg","ewz":13468,"dist_km":41.8,"city":false,"warm_m2":17.21,"own_value":true,"m2_median":58,"share_median":0.308,"m2_p25":45,"share_p25":0.4},"geometry":{"type":"Polygon","coordinates":[[[9.3035,49.1693],[9.3033,49.172],[9.3053,49.1848],[9.2932,49.191],[9.2811,49.1761],[9.2877,49.165],[9.2741,49.159],[9.2636,49.1604],[9.2592,49.1595],[9.2626,49.1555],[9.2552,49.1499],[9.2723,49.1443],[9.2783,49.1373],[9.2749,49.1222],[9.2977,49.1197],[9.2996,49.1165],[9.3025,49.1224],[9.3084,49.1246],[9.3071,49.1254],[9.3079,49.1291],[9.306,49.1307],[9.306,49.1344],[9.3087,49.1401],[9.3063,49.153],[9.3278,49.1543],[9.3378,49.1596],[9.3399,49.1573],[9.3555,49.1544],[9.3663,49.1588],[9.3713,49.166],[9.3483,49.1712],[9.3315,49.1676],[9.3086,49.1648],[9.3035,49.1693]]]}},{"type":"Feature","properties":{"ags":"08126011","name":"Bretzfeld","ewz":12645,"dist_km":45.2,"city":false,"warm_m2":13.89,"own_value":true,"m2_median":72,"share_median":0.248,"m2_p25":56,"share_p25":0.322},"geometry":{"type":"Polygon","coordinates":[[[9.4584,49.1788],[9.4542,49.1818],[9.4556,49.1999],[9.4466,49.202],[9.4385,49.213],[9.4257,49.1999],[9.4182,49.1974],[9.4116,49.1937],[9.3897,49.1968],[9.3886,49.1982],[9.3758,49.1949],[9.3644,49.1837],[9.3435,49.1705],[9.3483,49.1712],[9.3713,49.166],[9.3745,49.1633],[9.3755,49.1584],[9.3795,49.159],[9.3894,49.1483],[9.4094,49.1461],[9.4318,49.1512],[9.4374,49.1433],[9.4224,49.1384],[9.4214,49.1258],[9.4356,49.1267],[9.4386,49.1153],[9.4356,49.1035],[9.4332,49.1034],[9.437,49.096],[9.4407,49.0954],[9.4427,49.0985],[9.4417,49.1],[9.4572,49.1054],[9.4568,49.1128],[9.4787,49.109],[9.4898,49.1139],[9.4905,49.1224],[9.4827,49.1301],[9.4918,49.1398],[9.5082,49.1336],[9.515,49.121],[9.5111,49.1156],[9.5275,49.1086],[9.5314,49.1153],[9.533,49.1181],[9.5312,49.1186],[9.5321,49.1211],[9.5182,49.128],[9.5105,49.1464],[9.4869,49.1537],[9.4747,49.1599],[9.4584,49.1788]]]}},{"type":"Feature","properties":{"ags":"08127052","name":"Mainhardt","ewz":6166,"dist_km":44.1,"city":false,"warm_m2":12.71,"own_value":true,"m2_median":79,"share_median":0.227,"m2_p25":61,"share_p25":0.295},"geometry":{"type":"Polygon","coordinates":[[[9.6033,49.1056],[9.5954,49.1135],[9.5724,49.1221],[9.5642,49.1315],[9.5536,49.1333],[9.5367,49.1236],[9.5312,49.1186],[9.533,49.1181],[9.5314,49.1153],[9.5275,49.1086],[9.5026,49.103],[9.4981,49.0924],[9.5017,49.0807],[9.5193,49.077],[9.5178,49.0686],[9.5335,49.0586],[9.568,49.0534],[9.5955,49.0565],[9.612,49.0517],[9.6152,49.0547],[9.6159,49.057],[9.6235,49.0653],[9.6364,49.0673],[9.6511,49.0789],[9.6536,49.0858],[9.6466,49.0873],[9.6376,49.0856],[9.6087,49.1055],[9.6033,49.1056]]]}},{"type":"Feature","properties":{"ags":"08127023","name":"Fichtenberg","ewz":3008,"dist_km":44.7,"city":false,"warm_m2":13.54,"own_value":true,"m2_median":74,"share_median":0.242,"m2_p25":57,"share_p25":0.314},"geometry":{"type":"Polygon","coordinates":[[[9.7282,48.9714],[9.736,48.977],[9.7516,48.9788],[9.7639,48.9882],[9.747,49.0026],[9.7284,49.0121],[9.7094,49.0092],[9.6997,48.9975],[9.6743,48.9947],[9.6717,48.9899],[9.6637,48.9862],[9.6716,48.974],[9.6668,48.962],[9.6723,48.963],[9.6799,48.9683],[9.6933,48.964],[9.7046,48.9576],[9.7282,48.9714]]]}},{"type":"Feature","properties":{"ags":"08127062","name":"Oberrot","ewz":3576,"dist_km":44,"city":false,"warm_m2":12.64,"own_value":true,"m2_median":80,"share_median":0.226,"m2_p25":61,"share_p25":0.293},"geometry":{"type":"Polygon","coordinates":[[[9.6173,49.0542],[9.6152,49.0547],[9.612,49.0517],[9.5958,49.0458],[9.611,49.0219],[9.6064,49.0192],[9.605,49.0147],[9.6025,49.0109],[9.6018,49.0055],[9.635,49.0041],[9.6403,48.9971],[9.669,48.9915],[9.6743,48.9947],[9.6997,48.9975],[9.7094,49.0092],[9.7024,49.0185],[9.709,49.0298],[9.6957,49.0328],[9.6939,49.0417],[9.6649,49.0429],[9.6532,49.0366],[9.6501,49.0397],[9.6437,49.0491],[9.6173,49.0542]]]}},{"type":"Feature","properties":{"ags":"08127076","name":"Schwäbisch Hall","ewz":42743,"dist_km":56.7,"city":false,"warm_m2":15.41,"own_value":true,"m2_median":66,"share_median":0.273,"m2_p25":51,"share_p25":0.354},"geometry":{"type":"Polygon","coordinates":[[[9.7806,49.1507],[9.7597,49.155],[9.735,49.146],[9.7361,49.1367],[9.7251,49.1346],[9.708,49.1453],[9.7113,49.1521],[9.6891,49.1626],[9.69,49.167],[9.6869,49.165],[9.6819,49.1643],[9.6707,49.1586],[9.6728,49.149],[9.6646,49.1434],[9.6699,49.1419],[9.6699,49.139],[9.6769,49.1357],[9.6946,49.1258],[9.6895,49.1204],[9.698,49.1028],[9.6928,49.092],[9.6686,49.0853],[9.6513,49.0869],[9.6536,49.0858],[9.6511,49.0789],[9.6364,49.0673],[9.6235,49.0653],[9.6159,49.057],[9.6173,49.0542],[9.6437,49.0491],[9.646,49.0459],[9.6488,49.0472],[9.658,49.0566],[9.6646,49.066],[9.7086,49.0768],[9.7005,49.0836],[9.7011,49.0962],[9.7192,49.0982],[9.7306,49.0929],[9.7417,49.0957],[9.7431,49.0919],[9.7455,49.092],[9.7451,49.0946],[9.7536,49.0956],[9.769,49.0955],[9.7848,49.084],[9.781,49.0736],[9.7951,49.0681],[9.8036,49.0694],[9.8165,49.0816],[9.8196,49.0816],[9.8248,49.0815],[9.84,49.0777],[9.8399,49.0768],[9.852,49.082],[9.8736,49.0893],[9.8669,49.1093],[9.8685,49.1119],[9.8659,49.1133],[9.869,49.1159],[9.8693,49.1187],[9.857,49.1179],[9.856,49.1316],[9.8367,49.1437],[9.8091,49.1563],[9.8061,49.1542],[9.8064,49.1456],[9.7957,49.1432],[9.7801,49.1486],[9.7806,49.1507]]]}},{"type":"Feature","properties":{"ags":"08127100","name":"Rosengarten","ewz":5288,"dist_km":49.1,"city":false,"warm_m2":13.7,"own_value":true,"m2_median":74,"share_median":0.244,"m2_p25":57,"share_p25":0.316},"geometry":{"type":"Polygon","coordinates":[[[9.7455,49.092],[9.7431,49.0919],[9.7417,49.0957],[9.7306,49.0929],[9.7192,49.0982],[9.7011,49.0962],[9.7005,49.0836],[9.7086,49.0768],[9.6646,49.066],[9.658,49.0566],[9.6488,49.0472],[9.646,49.0459],[9.6532,49.0366],[9.6649,49.0429],[9.6939,49.0417],[9.6957,49.0328],[9.709,49.0298],[9.7143,49.035],[9.7268,49.0397],[9.7336,49.0452],[9.7578,49.0455],[9.7536,49.0475],[9.7436,49.0557],[9.7516,49.0641],[9.7466,49.0714],[9.7369,49.0726],[9.7342,49.0821],[9.7442,49.09],[9.7455,49.092]]]}},{"type":"Feature","properties":{"ags":"08136027","name":"Gschwend","ewz":4896,"dist_km":45.5,"city":false,"warm_m2":12.11,"own_value":true,"m2_median":83,"share_median":0.216,"m2_p25":64,"share_p25":0.281},"geometry":{"type":"Polygon","coordinates":[[[9.7543,48.9566],[9.7385,48.9634],[9.7282,48.9714],[9.7046,48.9576],[9.6933,48.964],[9.6879,48.9526],[9.6735,48.9399],[9.6771,48.9386],[9.6973,48.9173],[9.7017,48.9118],[9.7208,48.9131],[9.7161,48.9081],[9.7303,48.9055],[9.7413,48.9019],[9.7641,48.9041],[9.7856,48.9122],[9.7935,48.913],[9.7987,48.9044],[9.8015,48.9036],[9.8028,48.9052],[9.8012,48.9106],[9.8058,48.9096],[9.8098,48.9036],[9.8205,48.9137],[9.8349,48.9179],[9.8449,48.9347],[9.8166,48.9402],[9.8118,48.9398],[9.8083,48.9452],[9.7967,48.9438],[9.7943,48.9506],[9.7971,48.9558],[9.79,48.9555],[9.7642,48.9536],[9.7543,48.9566]]]}},{"type":"Feature","properties":{"ags":"08136042","name":"Lorch","ewz":11032,"dist_km":37.1,"city":false,"warm_m2":14.9,"own_value":true,"m2_median":67,"share_median":0.268,"m2_p25":52,"share_p25":0.348},"geometry":{"type":"Polygon","coordinates":[[[9.7105,48.8283],[9.7023,48.8274],[9.6948,48.8222],[9.659,48.8253],[9.655,48.8176],[9.6493,48.8196],[9.6453,48.8192],[9.6402,48.8202],[9.6471,48.8125],[9.6432,48.7962],[9.62,48.7882],[9.6266,48.7744],[9.6294,48.7746],[9.6344,48.7726],[9.6579,48.7704],[9.6699,48.774],[9.6824,48.777],[9.7152,48.7779],[9.716,48.777],[9.7292,48.7931],[9.726,48.8028],[9.7198,48.8142],[9.7138,48.8206],[9.7105,48.8283]]]}},{"type":"Feature","properties":{"ags":"08136065","name":"Schwäbisch Gmünd","ewz":62726,"dist_km":42.9,"city":false,"warm_m2":14.93,"own_value":true,"m2_median":67,"share_median":0.267,"m2_p25":52,"share_p25":0.347},"geometry":{"type":"MultiPolygon","coordinates":[[[[9.8408,48.8416],[9.8172,48.8434],[9.8187,48.8411],[9.8059,48.8433],[9.8102,48.8326],[9.808,48.8204],[9.7885,48.8173],[9.7825,48.8277],[9.7783,48.8285],[9.7648,48.8273],[9.7579,48.8291],[9.7523,48.8231],[9.7283,48.8161],[9.726,48.8028],[9.7292,48.7931],[9.716,48.777],[9.7141,48.7722],[9.7296,48.7684],[9.7438,48.7729],[9.752,48.7608],[9.7528,48.7517],[9.7638,48.7535],[9.7621,48.7477],[9.7728,48.748],[9.7853,48.7407],[9.7876,48.7404],[9.791,48.7394],[9.7942,48.7335],[9.792,48.7318],[9.7938,48.7311],[9.7925,48.7294],[9.7964,48.7318],[9.7997,48.7392],[9.8047,48.7617],[9.8147,48.7738],[9.8119,48.7807],[9.812,48.7863],[9.8212,48.785],[9.8202,48.7796],[9.8519,48.7673],[9.8507,48.7517],[9.8599,48.7458],[9.8501,48.7264],[9.8526,48.7249],[9.8729,48.7179],[9.9,48.7183],[9.8973,48.7319],[9.8828,48.7378],[9.8876,48.7518],[9.8871,48.7451],[9.9041,48.7504],[9.9105,48.7533],[9.9122,48.7561],[9.9187,48.7589],[9.9311,48.7568],[9.9367,48.7581],[9.9436,48.758],[9.9415,48.7642],[9.9231,48.7634],[9.9077,48.7692],[9.903,48.7773],[9.9124,48.7803],[9.8939,48.8027],[9.8988,48.8041],[9.8934,48.8074],[9.8941,48.8217],[9.8898,48.8192],[9.8709,48.8195],[9.8574,48.8316],[9.8567,48.8364],[9.847,48.838],[9.8449,48.8421],[9.8408,48.8416]]],[[[9.781,48.7287],[9.7777,48.7335],[9.7679,48.7306],[9.7735,48.7257],[9.7753,48.7258],[9.7738,48.7285],[9.781,48.7287]]]]}},{"type":"Feature","properties":{"ags":"08136079","name":"Waldstetten","ewz":7271,"dist_km":47.7,"city":false,"warm_m2":13.65,"own_value":true,"m2_median":74,"share_median":0.244,"m2_p25":57,"share_p25":0.316},"geometry":{"type":"MultiPolygon","coordinates":[[[[9.8212,48.785],[9.812,48.7863],[9.8119,48.7807],[9.8147,48.7738],[9.8047,48.7617],[9.7997,48.7392],[9.7964,48.7318],[9.7925,48.7294],[9.7876,48.7279],[9.7919,48.7203],[9.8061,48.7167],[9.8099,48.7242],[9.8217,48.728],[9.8391,48.7303],[9.8457,48.729],[9.8501,48.7264],[9.8599,48.7458],[9.8507,48.7517],[9.8519,48.7673],[9.8202,48.7796],[9.8212,48.785]]],[[[9.7753,48.7258],[9.777,48.7264],[9.7786,48.7283],[9.7738,48.7285],[9.7753,48.7258]]],[[[9.792,48.7318],[9.7942,48.7335],[9.791,48.7394],[9.7876,48.7404],[9.7916,48.735],[9.786,48.7355],[9.7855,48.7345],[9.792,48.7318]]]]}},{"type":"Feature","properties":{"ags":"08136015","name":"Durlangen","ewz":2806,"dist_km":45.3,"city":false,"warm_m2":12.45,"own_value":true,"m2_median":81,"share_median":0.223,"m2_p25":62,"share_p25":0.288},"geometry":{"type":"Polygon","coordinates":[[[9.7997,48.8732],[9.7874,48.874],[9.7682,48.8692],[9.7631,48.8567],[9.7659,48.8535],[9.7599,48.8534],[9.76,48.8522],[9.77,48.8511],[9.7796,48.848],[9.7864,48.8436],[9.8059,48.8433],[9.8187,48.8411],[9.8142,48.8467],[9.8172,48.8544],[9.8108,48.8601],[9.8072,48.8649],[9.8027,48.8654],[9.8052,48.8689],[9.7997,48.8732]]]}},{"type":"Feature","properties":{"ags":"08136044","name":"Mutlangen","ewz":6845,"dist_km":45,"city":false,"warm_m2":15.17,"own_value":true,"m2_median":66,"share_median":0.271,"m2_p25":51,"share_p25":0.352},"geometry":{"type":"Polygon","coordinates":[[[9.8059,48.8433],[9.7864,48.8436],[9.7796,48.848],[9.77,48.8511],[9.76,48.8522],[9.7599,48.8534],[9.7573,48.8531],[9.7693,48.8369],[9.7689,48.8327],[9.7628,48.8291],[9.7648,48.8273],[9.7783,48.8285],[9.7825,48.8277],[9.7885,48.8173],[9.808,48.8204],[9.8102,48.8326],[9.8059,48.8433]]]}},{"type":"Feature","properties":{"ags":"08136061","name":"Ruppertshofen","ewz":1963,"dist_km":47.4,"city":false,"warm_m2":12.4,"own_value":true,"m2_median":81,"share_median":0.221,"m2_p25":63,"share_p25":0.287},"geometry":{"type":"Polygon","coordinates":[[[9.7987,48.9044],[9.7935,48.913],[9.7856,48.9122],[9.7641,48.9041],[9.7751,48.8964],[9.7856,48.8989],[9.7855,48.8842],[9.7978,48.8782],[9.7932,48.8779],[9.7997,48.8732],[9.8065,48.8675],[9.8174,48.8723],[9.8342,48.8714],[9.8525,48.8803],[9.8489,48.8836],[9.8342,48.8814],[9.8284,48.8877],[9.8273,48.9044],[9.8081,48.9016],[9.7987,48.9044]]]}},{"type":"Feature","properties":{"ags":"08136066","name":"Spraitbach","ewz":3372,"dist_km":44.5,"city":false,"warm_m2":12.38,"own_value":true,"m2_median":81,"share_median":0.221,"m2_p25":63,"share_p25":0.287},"geometry":{"type":"Polygon","coordinates":[[[9.7641,48.9041],[9.7413,48.9019],[9.7453,48.8996],[9.7472,48.8929],[9.7514,48.863],[9.7607,48.8557],[9.7631,48.8567],[9.7682,48.8692],[9.7874,48.874],[9.7997,48.8732],[9.7932,48.8779],[9.7978,48.8782],[9.7855,48.8842],[9.7856,48.8989],[9.7751,48.8964],[9.7641,48.9041]]]}},{"type":"Feature","properties":{"ags":"08215007","name":"Bretten","ewz":30136,"dist_km":45.3,"city":false,"warm_m2":14.38,"own_value":true,"m2_median":70,"share_median":0.257,"m2_p25":54,"share_p25":0.333},"geometry":{"type":"Polygon","coordinates":[[[8.7612,49.0517],[8.7469,49.0646],[8.7623,49.0733],[8.7546,49.0867],[8.7602,49.0938],[8.7596,49.0946],[8.7501,49.0983],[8.7474,49.0947],[8.727,49.0881],[8.7094,49.0923],[8.6998,49.0946],[8.685,49.0926],[8.6623,49.0838],[8.6563,49.0793],[8.6632,49.0713],[8.6771,49.0607],[8.6674,49.0463],[8.6464,49.0419],[8.6414,49.0323],[8.6389,49.0286],[8.6351,49.0256],[8.6357,49.0214],[8.6433,49.0084],[8.6559,49.0169],[8.6591,49.0146],[8.6611,49.0069],[8.6653,49.0022],[8.6681,48.9959],[8.6719,48.9934],[8.676,48.993],[8.6835,48.9924],[8.7035,48.9956],[8.7126,48.9886],[8.7346,48.9947],[8.731,48.9972],[8.7369,49.0014],[8.7391,49.0018],[8.7298,49.0162],[8.7326,49.0273],[8.7592,49.0463],[8.7612,49.0517]]]}},{"type":"Feature","properties":{"ags":"08215040","name":"Kürnbach","ewz":2380,"dist_km":40.4,"city":false,"warm_m2":12.24,"own_value":true,"m2_median":82,"share_median":0.22,"m2_p25":63,"share_p25":0.285},"geometry":{"type":"Polygon","coordinates":[[[8.8408,49.0955],[8.8268,49.0936],[8.8251,49.0913],[8.8157,49.0865],[8.8172,49.0847],[8.8121,49.0776],[8.8333,49.0672],[8.8356,49.0622],[8.8668,49.0617],[8.8756,49.0598],[8.8778,49.0585],[8.8763,49.0696],[8.8672,49.0772],[8.8791,49.08],[8.8594,49.0907],[8.8408,49.0955]]]}},{"type":"Feature","properties":{"ags":"08215059","name":"Oberderdingen","ewz":11956,"dist_km":42.8,"city":false,"warm_m2":14.15,"own_value":true,"m2_median":71,"share_median":0.253,"m2_p25":55,"share_p25":0.329},"geometry":{"type":"Polygon","coordinates":[[[8.8143,49.0904],[8.7912,49.0992],[8.7854,49.1085],[8.785,49.1097],[8.7721,49.1038],[8.7602,49.1011],[8.757,49.1013],[8.7501,49.0983],[8.7602,49.0938],[8.7546,49.0867],[8.7623,49.0733],[8.7469,49.0646],[8.7612,49.0517],[8.7597,49.041],[8.7789,49.046],[8.7967,49.0454],[8.8126,49.0335],[8.8275,49.036],[8.8388,49.0382],[8.8389,49.0522],[8.8362,49.0608],[8.8333,49.0672],[8.8121,49.0776],[8.8172,49.0847],[8.8143,49.0904]]]}},{"type":"Feature","properties":{"ags":"08215082","name":"Sulzfeld","ewz":5188,"dist_km":42.6,"city":false,"warm_m2":13.44,"own_value":true,"m2_median":75,"share_median":0.241,"m2_p25":58,"share_p25":0.312},"geometry":{"type":"Polygon","coordinates":[[[8.874,49.1235],[8.8745,49.1289],[8.8593,49.1261],[8.8285,49.1255],[8.8321,49.1121],[8.8295,49.0995],[8.8359,49.0946],[8.8408,49.0955],[8.8594,49.0907],[8.8791,49.08],[8.8911,49.0813],[8.8933,49.0846],[8.8919,49.0995],[8.8901,49.1072],[8.8917,49.1097],[8.8875,49.1173],[8.8847,49.1167],[8.8818,49.1191],[8.874,49.1235]]]}},{"type":"Feature","properties":{"ags":"08215094","name":"Zaisenhausen","ewz":1874,"dist_km":44.8,"city":false,"warm_m2":13.05,"own_value":true,"m2_median":77,"share_median":0.233,"m2_p25":60,"share_p25":0.303},"geometry":{"type":"Polygon","coordinates":[[[8.8285,49.1255],[8.8264,49.1266],[8.8054,49.1236],[8.7841,49.1131],[8.7854,49.1085],[8.7912,49.0992],[8.8143,49.0904],[8.8157,49.0865],[8.8251,49.0913],[8.8268,49.0936],[8.8359,49.0946],[8.8295,49.0995],[8.8321,49.1121],[8.8285,49.1255]]]}},{"type":"Feature","properties":{"ags":"08231000","name":"Pforzheim","ewz":128992,"dist_km":35.3,"city":false,"warm_m2":13.73,"own_value":true,"m2_median":73,"share_median":0.247,"m2_p25":56,"share_p25":0.321},"geometry":{"type":"Polygon","coordinates":[[[8.7351,48.9268],[8.7252,48.9296],[8.7154,48.9239],[8.7006,48.9246],[8.6804,48.9141],[8.6644,48.9095],[8.6477,48.9202],[8.6444,48.9175],[8.6289,48.9083],[8.63,48.9037],[8.633,48.8993],[8.6433,48.8923],[8.6439,48.8848],[8.6488,48.8788],[8.6449,48.8648],[8.6399,48.8636],[8.6409,48.8594],[8.64,48.8575],[8.6347,48.8555],[8.6258,48.8541],[8.6289,48.8536],[8.6302,48.8483],[8.6495,48.8409],[8.6662,48.8388],[8.6807,48.8352],[8.691,48.8353],[8.691,48.8383],[8.6979,48.8373],[8.7034,48.8395],[8.7166,48.8303],[8.7241,48.8199],[8.7421,48.8227],[8.7499,48.8301],[8.7412,48.8345],[8.7483,48.8412],[8.7471,48.8358],[8.7602,48.8331],[8.7694,48.8346],[8.7714,48.8463],[8.7758,48.8525],[8.7878,48.8543],[8.8069,48.8587],[8.8086,48.8625],[8.795,48.8669],[8.7915,48.8836],[8.7938,48.8863],[8.7899,48.8885],[8.7573,48.8995],[8.7646,48.9169],[8.7556,48.9245],[8.7351,48.9268]]]}},{"type":"Feature","properties":{"ags":"08235065","name":"Schömberg","ewz":8094,"dist_km":38.4,"city":false,"warm_m2":11.87,"own_value":true,"m2_median":84,"share_median":0.213,"m2_p25":65,"share_p25":0.277},"geometry":{"type":"Polygon","coordinates":[[[8.6363,48.8194],[8.6213,48.8247],[8.618,48.8285],[8.5965,48.8076],[8.6031,48.8007],[8.589,48.7873],[8.6016,48.7719],[8.6091,48.7676],[8.6146,48.7678],[8.6247,48.7721],[8.6305,48.7716],[8.6374,48.7681],[8.6468,48.7695],[8.6671,48.7712],[8.6743,48.7766],[8.6914,48.7789],[8.6915,48.7859],[8.7105,48.7948],[8.7192,48.7929],[8.7245,48.7953],[8.7205,48.7976],[8.7034,48.8209],[8.6956,48.8156],[8.6944,48.8094],[8.6902,48.8057],[8.6788,48.8059],[8.6647,48.8025],[8.6582,48.8072],[8.6425,48.8178],[8.6363,48.8194]]]}},{"type":"Feature","properties":{"ags":"08235080","name":"Wildberg","ewz":10372,"dist_km":36.9,"city":false,"warm_m2":12.71,"own_value":true,"m2_median":79,"share_median":0.229,"m2_p25":61,"share_p25":0.297},"geometry":{"type":"Polygon","coordinates":[[[8.815,48.6698],[8.8089,48.6776],[8.7899,48.6731],[8.7793,48.6738],[8.7665,48.6731],[8.7659,48.6643],[8.7433,48.6481],[8.737,48.6595],[8.7301,48.6616],[8.7242,48.657],[8.7233,48.655],[8.7036,48.6548],[8.6986,48.6505],[8.6497,48.6456],[8.6391,48.637],[8.6517,48.6301],[8.655,48.6313],[8.6687,48.6411],[8.6744,48.6303],[8.7011,48.6224],[8.7145,48.6037],[8.7301,48.6025],[8.7436,48.597],[8.7465,48.5962],[8.7599,48.6029],[8.79,48.5966],[8.7949,48.5943],[8.7931,48.6008],[8.795,48.609],[8.801,48.6112],[8.7974,48.6208],[8.7899,48.6291],[8.7956,48.6351],[8.7908,48.6382],[8.7978,48.6431],[8.7987,48.6586],[8.8088,48.6628],[8.8187,48.6645],[8.8194,48.6663],[8.8179,48.6689],[8.815,48.6698]]]}},{"type":"Feature","properties":{"ags":"08235006","name":"Altensteig","ewz":10983,"dist_km":47.8,"city":false,"warm_m2":12.55,"own_value":true,"m2_median":80,"share_median":0.224,"m2_p25":62,"share_p25":0.29},"geometry":{"type":"Polygon","coordinates":[[[8.592,48.6136],[8.5855,48.615],[8.565,48.6513],[8.5544,48.6528],[8.5501,48.6374],[8.5554,48.6222],[8.5675,48.6124],[8.5449,48.6093],[8.5596,48.5934],[8.5534,48.5903],[8.5454,48.5907],[8.5421,48.5864],[8.5437,48.5859],[8.5436,48.583],[8.5527,48.5752],[8.5625,48.5691],[8.5758,48.5781],[8.5782,48.5668],[8.5683,48.5597],[8.5594,48.5497],[8.5867,48.5447],[8.6023,48.5499],[8.5981,48.5707],[8.601,48.5772],[8.6304,48.5826],[8.6353,48.5813],[8.6344,48.5784],[8.6352,48.5694],[8.6454,48.5657],[8.6475,48.5644],[8.6614,48.5627],[8.6725,48.5598],[8.6702,48.5719],[8.6701,48.5759],[8.661,48.5793],[8.6538,48.5851],[8.6535,48.5969],[8.6345,48.5957],[8.6352,48.6115],[8.6588,48.6147],[8.6504,48.6286],[8.6517,48.6301],[8.6356,48.6374],[8.6203,48.634],[8.6159,48.6268],[8.592,48.6136]]]}},{"type":"Feature","properties":{"ags":"08235007","name":"Althengstett","ewz":8104,"dist_km":29.7,"city":false,"warm_m2":13.93,"own_value":true,"m2_median":71,"share_median":0.252,"m2_p25":55,"share_p25":0.327},"geometry":{"type":"Polygon","coordinates":[[[8.7835,48.7548],[8.7813,48.7474],[8.7596,48.7475],[8.7554,48.7542],[8.7557,48.7582],[8.7486,48.7548],[8.742,48.7532],[8.7383,48.7436],[8.7558,48.7236],[8.7713,48.716],[8.8046,48.7058],[8.8243,48.715],[8.8218,48.7362],[8.799,48.7388],[8.7887,48.7464],[8.7953,48.752],[8.7835,48.7548]]]}},{"type":"Feature","properties":{"ags":"08235029","name":"Gechingen","ewz":3766,"dist_km":28,"city":false,"warm_m2":13.61,"own_value":true,"m2_median":73,"share_median":0.246,"m2_p25":56,"share_p25":0.32},"geometry":{"type":"Polygon","coordinates":[[[8.8352,48.7087],[8.8293,48.7129],[8.8243,48.715],[8.8046,48.7058],[8.7977,48.6808],[8.7899,48.6731],[8.8089,48.6776],[8.815,48.6698],[8.8258,48.6695],[8.8273,48.6769],[8.8472,48.6854],[8.8632,48.6972],[8.8606,48.7035],[8.8553,48.7069],[8.844,48.7098],[8.8352,48.7087]]]}},{"type":"Feature","properties":{"ags":"08235057","name":"Ostelsheim","ewz":2595,"dist_km":25.3,"city":false,"warm_m2":14.39,"own_value":true,"m2_median":69,"share_median":0.261,"m2_p25":53,"share_p25":0.339},"geometry":{"type":"Polygon","coordinates":[[[8.8545,48.7346],[8.8218,48.7362],[8.8243,48.715],[8.8293,48.7129],[8.8352,48.7087],[8.844,48.7098],[8.8553,48.7069],[8.8645,48.7191],[8.8756,48.7212],[8.8786,48.7248],[8.8734,48.7276],[8.8618,48.7324],[8.8545,48.7346]]]}},{"type":"Feature","properties":{"ags":"08235067","name":"Simmozheim","ewz":2897,"dist_km":27.3,"city":false,"warm_m2":14.44,"own_value":true,"m2_median":69,"share_median":0.262,"m2_p25":53,"share_p25":0.34},"geometry":{"type":"MultiPolygon","coordinates":[[[[8.8335,48.7432],[8.8355,48.7541],[8.8193,48.7634],[8.8024,48.7576],[8.7887,48.7464],[8.799,48.7388],[8.8218,48.7362],[8.8292,48.7365],[8.832,48.7421],[8.8335,48.7432]]],[[[8.7781,48.7566],[8.7656,48.7627],[8.7557,48.7582],[8.7554,48.7542],[8.7596,48.7475],[8.7813,48.7474],[8.7835,48.7548],[8.7781,48.7566]]]]}},{"type":"Feature","properties":{"ags":"08235008","name":"Bad Liebenzell","ewz":9829,"dist_km":33.8,"city":false,"warm_m2":14.3,"own_value":true,"m2_median":70,"share_median":0.258,"m2_p25":54,"share_p25":0.334},"geometry":{"type":"Polygon","coordinates":[[[8.7561,48.7911],[8.7455,48.7976],[8.743,48.8016],[8.7397,48.8034],[8.7192,48.7929],[8.7105,48.7948],[8.6915,48.7859],[8.6914,48.7789],[8.6743,48.7766],[8.6671,48.7712],[8.6468,48.7695],[8.6374,48.7681],[8.6439,48.7642],[8.6743,48.7635],[8.6867,48.7549],[8.6983,48.759],[8.7238,48.76],[8.7308,48.7619],[8.734,48.758],[8.742,48.7532],[8.7486,48.7548],[8.7656,48.7627],[8.7781,48.7566],[8.7953,48.752],[8.8024,48.7576],[8.8193,48.7634],[8.8114,48.7657],[8.7994,48.7737],[8.8042,48.7778],[8.8034,48.7784],[8.7982,48.7786],[8.791,48.78],[8.7821,48.7743],[8.7688,48.7771],[8.7561,48.7911]]]}},{"type":"Feature","properties":{"ags":"08235073","name":"Unterreichenbach","ewz":2457,"dist_km":34.7,"city":false,"warm_m2":12.66,"own_value":true,"m2_median":79,"share_median":0.228,"m2_p25":61,"share_p25":0.296},"geometry":{"type":"Polygon","coordinates":[[[8.729,48.798],[8.713,48.8248],[8.7044,48.8335],[8.7002,48.837],[8.691,48.8383],[8.691,48.8353],[8.6981,48.8287],[8.6958,48.8166],[8.6777,48.8168],[8.6657,48.8103],[8.6534,48.8122],[8.6582,48.8072],[8.6647,48.8025],[8.6788,48.8059],[8.6892,48.8054],[8.694,48.8086],[8.6956,48.8156],[8.7034,48.8209],[8.7205,48.7976],[8.7245,48.7953],[8.729,48.798]]]}},{"type":"Feature","properties":{"ags":"08235047","name":"Neubulach","ewz":5815,"dist_km":38.6,"city":false,"warm_m2":12.46,"own_value":true,"m2_median":80,"share_median":0.224,"m2_p25":62,"share_p25":0.29},"geometry":{"type":"Polygon","coordinates":[[[8.7104,48.6782],[8.7019,48.6858],[8.6955,48.6878],[8.686,48.6878],[8.6809,48.6858],[8.6656,48.6817],[8.6634,48.6722],[8.6577,48.6674],[8.6565,48.6593],[8.6522,48.6557],[8.6397,48.652],[8.6234,48.6538],[8.6026,48.6491],[8.6057,48.6388],[8.6203,48.634],[8.6356,48.6374],[8.6391,48.637],[8.6497,48.6456],[8.6986,48.6505],[8.7036,48.6548],[8.7233,48.655],[8.7253,48.6651],[8.7256,48.677],[8.7104,48.6782]]]}},{"type":"Feature","properties":{"ags":"08235050","name":"Neuweiler","ewz":3210,"dist_km":43.9,"city":false,"warm_m2":10.66,"own_value":true,"m2_median":94,"share_median":0.191,"m2_p25":73,"share_p25":0.247},"geometry":{"type":"Polygon","coordinates":[[[8.5938,48.7175],[8.5723,48.7253],[8.5712,48.7287],[8.5697,48.7261],[8.5608,48.7175],[8.5625,48.6838],[8.5619,48.6736],[8.5567,48.6678],[8.5493,48.6659],[8.5445,48.6621],[8.5544,48.6528],[8.565,48.6513],[8.5855,48.615],[8.592,48.6136],[8.6159,48.6268],[8.6203,48.634],[8.6057,48.6388],[8.6026,48.6491],[8.6234,48.6538],[8.6397,48.652],[8.6516,48.6554],[8.6562,48.6588],[8.6577,48.6674],[8.6624,48.6719],[8.6434,48.6801],[8.6313,48.6885],[8.6169,48.6901],[8.6104,48.7109],[8.6067,48.7119],[8.5938,48.7175]]]}},{"type":"Feature","properties":{"ags":"08235084","name":"Bad Teinach-Zavelstein","ewz":3241,"dist_km":38.9,"city":false,"warm_m2":13.13,"own_value":true,"m2_median":76,"share_median":0.236,"m2_p25":59,"share_p25":0.306},"geometry":{"type":"Polygon","coordinates":[[[8.675,48.7055],[8.675,48.7191],[8.6581,48.7262],[8.6505,48.7242],[8.6302,48.7078],[8.6104,48.7109],[8.6169,48.6901],[8.6313,48.6885],[8.6434,48.6801],[8.6624,48.6719],[8.6656,48.6817],[8.6809,48.6858],[8.6867,48.6878],[8.6947,48.6879],[8.7014,48.6861],[8.7104,48.6782],[8.7256,48.677],[8.7337,48.6891],[8.7305,48.6955],[8.7061,48.7049],[8.697,48.6998],[8.6792,48.7034],[8.675,48.7055]]]}},{"type":"Feature","properties":{"ags":"08235055","name":"Oberreichenbach","ewz":3072,"dist_km":40.4,"city":false,"warm_m2":11.74,"own_value":true,"m2_median":85,"share_median":0.211,"m2_p25":66,"share_p25":0.273},"geometry":{"type":"Polygon","coordinates":[[[8.6439,48.7642],[8.6309,48.7714],[8.6279,48.7717],[8.6244,48.772],[8.6227,48.7619],[8.616,48.757],[8.6052,48.756],[8.5841,48.7422],[8.5712,48.7287],[8.5723,48.7253],[8.5938,48.7175],[8.6067,48.7119],[8.6302,48.7078],[8.6505,48.7242],[8.6581,48.7262],[8.6738,48.7329],[8.6887,48.7347],[8.6936,48.7385],[8.6831,48.7516],[8.6867,48.7549],[8.6743,48.7635],[8.6439,48.7642]]]}},{"type":"Feature","properties":{"ags":"08235085","name":"Calw","ewz":24448,"dist_km":32.5,"city":false,"warm_m2":13.94,"own_value":true,"m2_median":72,"share_median":0.252,"m2_p25":55,"share_p25":0.326},"geometry":{"type":"Polygon","coordinates":[[[8.734,48.758],[8.7308,48.7619],[8.7238,48.76],[8.6983,48.759],[8.6831,48.7516],[8.6936,48.7385],[8.6887,48.7347],[8.6738,48.7329],[8.6581,48.7262],[8.675,48.7191],[8.675,48.7055],[8.6792,48.7034],[8.697,48.6998],[8.7061,48.7049],[8.7305,48.6955],[8.7337,48.6891],[8.7256,48.677],[8.7253,48.6651],[8.7242,48.657],[8.7301,48.6616],[8.737,48.6595],[8.7433,48.6481],[8.7659,48.6643],[8.7665,48.6731],[8.7793,48.6738],[8.7899,48.6731],[8.7977,48.6808],[8.8046,48.7058],[8.7713,48.716],[8.7558,48.7236],[8.7383,48.7436],[8.742,48.7532],[8.734,48.758]]]}},{"type":"Feature","properties":{"ags":"08235020","name":"Ebhausen","ewz":4862,"dist_km":42.3,"city":false,"warm_m2":13.31,"own_value":true,"m2_median":75,"share_median":0.238,"m2_p25":58,"share_p25":0.309},"geometry":{"type":"Polygon","coordinates":[[[8.7301,48.6025],[8.7145,48.6037],[8.7011,48.6224],[8.6744,48.6303],[8.6687,48.6411],[8.655,48.6313],[8.6504,48.6286],[8.6588,48.6147],[8.6352,48.6115],[8.6345,48.5957],[8.6535,48.5969],[8.6538,48.5851],[8.661,48.5793],[8.6701,48.5759],[8.6735,48.5776],[8.6853,48.5777],[8.6968,48.5777],[8.698,48.5822],[8.7001,48.596],[8.7153,48.5957],[8.7301,48.6025]]]}},{"type":"Feature","properties":{"ags":"08235032","name":"Haiterbach","ewz":6029,"dist_km":48.3,"city":false,"warm_m2":13.03,"own_value":true,"m2_median":77,"share_median":0.232,"m2_p25":60,"share_p25":0.301},"geometry":{"type":"Polygon","coordinates":[[[8.6475,48.5644],[8.6396,48.5619],[8.6189,48.5421],[8.6271,48.5402],[8.6221,48.5359],[8.6044,48.5251],[8.6,48.5178],[8.6004,48.5097],[8.6056,48.5049],[8.6168,48.5075],[8.6215,48.5015],[8.6312,48.5005],[8.6335,48.5015],[8.636,48.5004],[8.6396,48.5041],[8.674,48.5102],[8.6858,48.5369],[8.6864,48.5423],[8.6719,48.5469],[8.6771,48.5542],[8.6769,48.5582],[8.6725,48.5598],[8.6614,48.5627],[8.6475,48.5644]]]}},{"type":"Feature","properties":{"ags":"08235046","name":"Nagold","ewz":23321,"dist_km":43.2,"city":false,"warm_m2":14.73,"own_value":true,"m2_median":68,"share_median":0.264,"m2_p25":53,"share_p25":0.342},"geometry":{"type":"Polygon","coordinates":[[[8.7436,48.597],[8.7301,48.6025],[8.7153,48.5957],[8.7001,48.596],[8.698,48.5822],[8.6989,48.575],[8.7033,48.5678],[8.6929,48.5583],[8.6781,48.5598],[8.6771,48.5542],[8.6719,48.5469],[8.6864,48.5423],[8.6858,48.5369],[8.674,48.5102],[8.6791,48.5001],[8.6921,48.4932],[8.6916,48.492],[8.6933,48.4841],[8.7022,48.4839],[8.7156,48.488],[8.7341,48.4871],[8.7415,48.4951],[8.7395,48.5044],[8.7557,48.5041],[8.7615,48.5059],[8.7657,48.5128],[8.7707,48.5214],[8.765,48.5221],[8.7595,48.5257],[8.7634,48.5379],[8.7584,48.5444],[8.7733,48.5499],[8.7582,48.556],[8.755,48.5755],[8.7513,48.5934],[8.7436,48.597]]]}},{"type":"Feature","properties":{"ags":"08235060","name":"Rohrdorf","ewz":1972,"dist_km":43.6,"city":false,"warm_m2":12.77,"own_value":true,"m2_median":79,"share_median":0.229,"m2_p25":61,"share_p25":0.296},"geometry":{"type":"Polygon","coordinates":[[[8.6853,48.5777],[8.6735,48.5776],[8.6701,48.5759],[8.6702,48.5719],[8.6725,48.5598],[8.6769,48.5582],[8.6781,48.5598],[8.6929,48.5583],[8.7033,48.5678],[8.6989,48.575],[8.6968,48.5777],[8.6853,48.5777]]]}},{"type":"Feature","properties":{"ags":"08235035","name":"Höfen an der Enz","ewz":1708,"dist_km":44.5,"city":false,"warm_m2":12.15,"own_value":true,"m2_median":83,"share_median":0.217,"m2_p25":64,"share_p25":0.282},"geometry":{"type":"Polygon","coordinates":[[[8.5965,48.8076],[8.5879,48.8187],[8.579,48.8158],[8.559,48.81],[8.5537,48.8009],[8.5543,48.7977],[8.5509,48.7913],[8.578,48.7894],[8.589,48.7873],[8.6031,48.8007],[8.5965,48.8076]]]}},{"type":"Feature","properties":{"ags":"08235079","name":"Bad Wildbad","ewz":10601,"dist_km":49.2,"city":false,"warm_m2":12.68,"own_value":true,"m2_median":80,"share_median":0.226,"m2_p25":61,"share_p25":0.293},"geometry":{"type":"Polygon","coordinates":[[[8.578,48.7894],[8.5509,48.7913],[8.5482,48.7879],[8.5149,48.779],[8.5048,48.7774],[8.4912,48.764],[8.4846,48.7567],[8.4796,48.7402],[8.4718,48.7197],[8.4583,48.7171],[8.4588,48.6975],[8.4433,48.6926],[8.4475,48.6868],[8.4856,48.6809],[8.4759,48.6682],[8.4919,48.6624],[8.5032,48.6558],[8.5323,48.6562],[8.5372,48.6608],[8.5441,48.6619],[8.5496,48.6661],[8.5559,48.6673],[8.5603,48.6709],[8.5621,48.6742],[8.5625,48.6838],[8.5608,48.7175],[8.5697,48.7261],[8.574,48.7347],[8.5841,48.7422],[8.6052,48.756],[8.616,48.757],[8.623,48.7628],[8.6244,48.772],[8.6131,48.7674],[8.6071,48.7684],[8.6016,48.7719],[8.589,48.7873],[8.578,48.7894]]]}},{"type":"Feature","properties":{"ags":"08236004","name":"Birkenfeld","ewz":10200,"dist_km":43.3,"city":false,"warm_m2":13.73,"own_value":true,"m2_median":73,"share_median":0.246,"m2_p25":56,"share_p25":0.319},"geometry":{"type":"Polygon","coordinates":[[[8.6439,48.8848],[8.6433,48.8923],[8.633,48.8993],[8.6342,48.8893],[8.6151,48.8742],[8.5791,48.8923],[8.571,48.8769],[8.565,48.8655],[8.5848,48.8535],[8.5937,48.8542],[8.5958,48.8494],[8.6136,48.8518],[8.6188,48.8437],[8.6211,48.8456],[8.6178,48.8524],[8.6386,48.8565],[8.6409,48.8588],[8.6399,48.8636],[8.6449,48.8648],[8.6488,48.8788],[8.6439,48.8848]]]}},{"type":"Feature","properties":{"ags":"08236028","name":"Illingen","ewz":8022,"dist_km":29.6,"city":false,"warm_m2":14.61,"own_value":true,"m2_median":68,"share_median":0.264,"m2_p25":52,"share_p25":0.343},"geometry":{"type":"Polygon","coordinates":[[[8.9334,48.9907],[8.9166,49.0054],[8.9047,49.0213],[8.8966,49.0164],[8.8695,49.0108],[8.8828,49.0014],[8.8818,49.0016],[8.8806,48.9974],[8.8779,48.9958],[8.8708,48.9817],[8.8948,48.9579],[8.8954,48.9503],[8.906,48.9442],[8.9072,48.9441],[8.9296,48.9365],[8.9461,48.9436],[8.9453,48.9618],[8.9308,48.9712],[8.9213,48.987],[8.9334,48.9907]]]}},{"type":"Feature","properties":{"ags":"08236030","name":"Ispringen","ewz":6097,"dist_km":40.5,"city":false,"warm_m2":13.85,"own_value":true,"m2_median":72,"share_median":0.248,"m2_p25":56,"share_p25":0.322},"geometry":{"type":"Polygon","coordinates":[[[8.7006,48.9246],[8.7007,48.9354],[8.6968,48.9379],[8.6777,48.9303],[8.6692,48.9314],[8.6614,48.937],[8.649,48.9283],[8.6454,48.9232],[8.6477,48.9202],[8.6644,48.9095],[8.6804,48.9141],[8.7006,48.9246]]]}},{"type":"Feature","properties":{"ags":"08236033","name":"Knittlingen","ewz":8208,"dist_km":39.6,"city":false,"warm_m2":13.07,"own_value":true,"m2_median":77,"share_median":0.235,"m2_p25":59,"share_p25":0.304},"geometry":{"type":"Polygon","coordinates":[[[8.7597,49.041],[8.7592,49.0463],[8.7326,49.0273],[8.7298,49.0162],[8.7391,49.0018],[8.7329,48.9987],[8.7436,48.9929],[8.7541,48.9959],[8.7613,48.9981],[8.7774,49.0094],[8.8032,49.0105],[8.8246,49.0207],[8.8391,49.0222],[8.839,49.0324],[8.8371,49.0344],[8.8391,49.037],[8.8345,49.0377],[8.8275,49.036],[8.8126,49.0335],[8.7967,49.0454],[8.7789,49.046],[8.7597,49.041]]]}},{"type":"Feature","properties":{"ags":"08236046","name":"Niefern-Öschelbronn","ewz":12600,"dist_km":31.3,"city":false,"warm_m2":16.09,"own_value":true,"m2_median":62,"share_median":0.291,"m2_p25":48,"share_p25":0.377},"geometry":{"type":"Polygon","coordinates":[[[8.8231,48.9213],[8.8082,48.9338],[8.7849,48.9274],[8.763,48.9219],[8.7556,48.9245],[8.7646,48.9169],[8.7573,48.8995],[8.7899,48.8885],[8.7932,48.8877],[8.8047,48.8848],[8.8227,48.8886],[8.8266,48.8959],[8.8433,48.9065],[8.8383,48.9169],[8.8231,48.9213]]]}},{"type":"Feature","properties":{"ags":"08236070","name":"Keltern","ewz":9098,"dist_km":46.2,"city":false,"warm_m2":13.46,"own_value":true,"m2_median":75,"share_median":0.24,"m2_p25":58,"share_p25":0.312},"geometry":{"type":"Polygon","coordinates":[[[8.5615,48.9171],[8.5486,48.9201],[8.5413,48.9099],[8.5193,48.8992],[8.5177,48.8879],[8.5264,48.8797],[8.5258,48.8787],[8.539,48.8823],[8.5444,48.8772],[8.5691,48.8737],[8.571,48.8769],[8.5791,48.8923],[8.6151,48.8742],[8.6342,48.8893],[8.63,48.9037],[8.6175,48.9115],[8.6103,48.9177],[8.5786,48.9132],[8.5615,48.9171]]]}},{"type":"Feature","properties":{"ags":"08236071","name":"Remchingen","ewz":11935,"dist_km":48.7,"city":false,"warm_m2":13.77,"own_value":true,"m2_median":73,"share_median":0.246,"m2_p25":57,"share_p25":0.318},"geometry":{"type":"Polygon","coordinates":[[[8.5891,48.987],[8.5769,48.9897],[8.5572,48.9702],[8.5593,48.9638],[8.5427,48.9523],[8.5398,48.9534],[8.5364,48.9441],[8.5541,48.9278],[8.5539,48.9203],[8.5615,48.9171],[8.5786,48.9132],[8.6103,48.9177],[8.5973,48.9379],[8.6001,48.946],[8.5967,48.9458],[8.5954,48.952],[8.5746,48.9743],[8.5891,48.987]]]}},{"type":"Feature","properties":{"ags":"08236019","name":"Friolzheim","ewz":4271,"dist_km":26.8,"city":false,"warm_m2":16.17,"own_value":true,"m2_median":61,"share_median":0.293,"m2_p25":47,"share_p25":0.38},"geometry":{"type":"Polygon","coordinates":[[[8.7844,48.8418],[8.7783,48.8447],[8.7984,48.8295],[8.8275,48.8277],[8.8382,48.8165],[8.8599,48.8371],[8.8593,48.8406],[8.8553,48.8424],[8.8375,48.8454],[8.8303,48.8432],[8.7841,48.8434],[8.7844,48.8418]]]}},{"type":"Feature","properties":{"ags":"08236025","name":"Heimsheim","ewz":5608,"dist_km":23.2,"city":false,"warm_m2":17.32,"own_value":true,"m2_median":57,"share_median":0.315,"m2_p25":44,"share_p25":0.409},"geometry":{"type":"Polygon","coordinates":[[[8.873,48.8362],[8.8599,48.8371],[8.8382,48.8165],[8.8439,48.8133],[8.8424,48.7994],[8.8475,48.7926],[8.8678,48.7924],[8.8869,48.8024],[8.8961,48.7983],[8.9009,48.8018],[8.8916,48.8035],[8.8928,48.8131],[8.8998,48.8157],[8.9024,48.8155],[8.9008,48.8194],[8.8902,48.8219],[8.8754,48.8255],[8.8859,48.8304],[8.873,48.8362]]]}},{"type":"Feature","properties":{"ags":"08236039","name":"Mönsheim","ewz":3012,"dist_km":24.3,"city":false,"warm_m2":17.06,"own_value":true,"m2_median":58,"share_median":0.31,"m2_p25":45,"share_p25":0.402},"geometry":{"type":"Polygon","coordinates":[[[8.8964,48.8647],[8.8904,48.8744],[8.8706,48.8802],[8.8506,48.8779],[8.8448,48.8731],[8.8371,48.867],[8.845,48.8676],[8.8504,48.8597],[8.8382,48.8613],[8.8386,48.8582],[8.8406,48.8564],[8.8405,48.8531],[8.8375,48.8454],[8.8553,48.8424],[8.8593,48.8406],[8.8599,48.8371],[8.873,48.8362],[8.8948,48.8469],[8.8982,48.8515],[8.9023,48.8604],[8.8964,48.8647]]]}},{"type":"Feature","properties":{"ags":"08236065","name":"Wiernsheim","ewz":6901,"dist_km":25.9,"city":false,"warm_m2":14.71,"own_value":true,"m2_median":67,"share_median":0.267,"m2_p25":52,"share_p25":0.346},"geometry":{"type":"Polygon","coordinates":[[[8.8923,48.8976],[8.8795,48.8998],[8.8768,48.9091],[8.8566,48.9102],[8.8408,48.9184],[8.8231,48.9213],[8.8383,48.9169],[8.8433,48.9065],[8.8266,48.8959],[8.8227,48.8886],[8.8239,48.8798],[8.8448,48.8731],[8.8506,48.8779],[8.8706,48.8802],[8.8904,48.8744],[8.8964,48.8647],[8.9023,48.8604],[8.9053,48.8623],[8.9195,48.8666],[8.9267,48.8681],[8.9175,48.8888],[8.9123,48.8975],[8.9152,48.8992],[8.9133,48.9038],[8.9105,48.902],[8.8923,48.8976]]]}},{"type":"Feature","properties":{"ags":"08236067","name":"Wimsheim","ewz":2866,"dist_km":28,"city":false,"warm_m2":14.02,"own_value":true,"m2_median":71,"share_median":0.254,"m2_p25":55,"share_p25":0.329},"geometry":{"type":"Polygon","coordinates":[[[8.8504,48.8597],[8.845,48.8676],[8.8371,48.867],[8.8109,48.8613],[8.8086,48.8625],[8.8069,48.8587],[8.7878,48.8543],[8.7758,48.8525],[8.7767,48.8505],[8.7819,48.85],[8.7841,48.8434],[8.8303,48.8432],[8.8405,48.8531],[8.8406,48.8564],[8.8386,48.8582],[8.8382,48.8613],[8.8353,48.8613],[8.8431,48.8644],[8.8416,48.861],[8.8504,48.8597]]]}},{"type":"Feature","properties":{"ags":"08236068","name":"Wurmberg","ewz":3323,"dist_km":28.9,"city":false,"warm_m2":13.93,"own_value":true,"m2_median":71,"share_median":0.252,"m2_p25":55,"share_p25":0.327},"geometry":{"type":"MultiPolygon","coordinates":[[[[8.8227,48.8886],[8.8047,48.8848],[8.7932,48.8877],[8.7938,48.8863],[8.7915,48.8836],[8.795,48.8669],[8.8109,48.8613],[8.8371,48.867],[8.8448,48.8731],[8.8239,48.8798],[8.8227,48.8886]]],[[[8.8416,48.861],[8.8431,48.8644],[8.8353,48.8613],[8.8416,48.861]]]]}},{"type":"Feature","properties":{"ags":"08236011","name":"Eisingen","ewz":4855,"dist_km":40.9,"city":false,"warm_m2":13.47,"own_value":true,"m2_median":75,"share_median":0.242,"m2_p25":57,"share_p25":0.313},"geometry":{"type":"Polygon","coordinates":[[[8.6818,48.9554],[8.6633,48.9573],[8.6485,48.9526],[8.6487,48.9458],[8.6692,48.9314],[8.6777,48.9303],[8.6968,48.9379],[8.6987,48.937],[8.7047,48.9504],[8.6917,48.9511],[8.6818,48.9554]]]}},{"type":"Feature","properties":{"ags":"08236074","name":"Kämpfelbach","ewz":6468,"dist_km":43.8,"city":false,"warm_m2":13.2,"own_value":true,"m2_median":76,"share_median":0.236,"m2_p25":59,"share_p25":0.306},"geometry":{"type":"Polygon","coordinates":[[[8.6453,48.948],[8.6274,48.9506],[8.6195,48.9571],[8.608,48.9476],[8.6001,48.946],[8.5973,48.9379],[8.6103,48.9177],[8.6175,48.9115],[8.6289,48.9083],[8.6444,48.9175],[8.6454,48.9232],[8.6483,48.9275],[8.6614,48.937],[8.6453,48.948]]]}},{"type":"Feature","properties":{"ags":"08236076","name":"Königsbach-Stein","ewz":10258,"dist_km":46,"city":false,"warm_m2":13.97,"own_value":true,"m2_median":72,"share_median":0.25,"m2_p25":56,"share_p25":0.324},"geometry":{"type":"Polygon","coordinates":[[[8.6707,48.994],[8.667,48.9973],[8.6635,49.0041],[8.6607,49.0076],[8.6476,49.0024],[8.6478,48.9902],[8.6393,48.9896],[8.6146,48.992],[8.6017,48.9855],[8.5891,48.987],[8.5746,48.9743],[8.5954,48.952],[8.5967,48.9458],[8.608,48.9476],[8.6195,48.9571],[8.6274,48.9506],[8.6453,48.948],[8.6487,48.9458],[8.6485,48.9526],[8.6633,48.9573],[8.6818,48.9554],[8.6842,48.9551],[8.6932,48.9632],[8.6938,48.9726],[8.6679,48.9867],[8.6707,48.994]]]}},{"type":"Feature","properties":{"ags":"08236038","name":"Maulbronn","ewz":6697,"dist_km":36.3,"city":false,"warm_m2":13.89,"own_value":true,"m2_median":72,"share_median":0.25,"m2_p25":56,"share_p25":0.324},"geometry":{"type":"Polygon","coordinates":[[[8.8761,49.0011],[8.8549,49.0155],[8.8391,49.0222],[8.8246,49.0207],[8.8032,49.0105],[8.7774,49.0094],[8.7613,48.9981],[8.7806,48.99],[8.7815,48.9855],[8.7798,48.9811],[8.7803,48.9789],[8.7987,48.981],[8.817,48.9732],[8.8244,48.9714],[8.8388,48.9827],[8.843,48.997],[8.8717,48.9966],[8.8806,48.9982],[8.8818,49.0016],[8.8761,49.0011]]]}},{"type":"Feature","properties":{"ags":"08236061","name":"Sternenfels","ewz":2797,"dist_km":36.3,"city":false,"warm_m2":11.21,"own_value":true,"m2_median":89,"share_median":0.202,"m2_p25":69,"share_p25":0.262},"geometry":{"type":"Polygon","coordinates":[[[8.8668,49.0617],[8.8435,49.0621],[8.8356,49.0622],[8.8362,49.0608],[8.8389,49.0522],[8.8388,49.0382],[8.8345,49.0377],[8.8391,49.037],[8.8371,49.0344],[8.839,49.0324],[8.8391,49.0222],[8.8549,49.0155],[8.8761,49.0011],[8.8828,49.0014],[8.8695,49.0108],[8.8966,49.0164],[8.9047,49.0213],[8.8947,49.0249],[8.8819,49.0302],[8.8785,49.0316],[8.8757,49.0371],[8.8715,49.0501],[8.8805,49.0565],[8.8756,49.0598],[8.8668,49.0617]]]}},{"type":"Feature","properties":{"ags":"08236040","name":"Mühlacker","ewz":26664,"dist_km":31,"city":false,"warm_m2":14.29,"own_value":true,"m2_median":70,"share_median":0.258,"m2_p25":54,"share_p25":0.335},"geometry":{"type":"Polygon","coordinates":[[[8.8779,48.9958],[8.8806,48.9982],[8.8739,49.0003],[8.8717,48.9966],[8.843,48.997],[8.8388,48.9827],[8.8244,48.9714],[8.827,48.9689],[8.8361,48.9693],[8.8357,48.9547],[8.8258,48.9511],[8.7825,48.9494],[8.7792,48.949],[8.7722,48.94],[8.7934,48.9314],[8.7849,48.9274],[8.8082,48.9338],[8.8231,48.9213],[8.8408,48.9184],[8.8566,48.9102],[8.8768,48.9091],[8.8795,48.8998],[8.8923,48.8976],[8.9105,48.902],[8.9133,48.9038],[8.9127,48.9062],[8.9075,48.9075],[8.9102,48.912],[8.9153,48.9123],[8.9056,48.928],[8.9045,48.9442],[8.906,48.9442],[8.8954,48.9503],[8.8948,48.9579],[8.8708,48.9817],[8.8779,48.9958]]]}},{"type":"Feature","properties":{"ags":"08236050","name":"Ötisheim","ewz":4896,"dist_km":34.1,"city":false,"warm_m2":13.3,"own_value":true,"m2_median":75,"share_median":0.24,"m2_p25":58,"share_p25":0.311},"geometry":{"type":"Polygon","coordinates":[[[8.817,48.9732],[8.7987,48.981],[8.7731,48.9781],[8.7678,48.976],[8.7688,48.9523],[8.7758,48.9486],[8.7825,48.9494],[8.8258,48.9511],[8.8357,48.9547],[8.8361,48.9693],[8.827,48.9689],[8.817,48.9732]]]}},{"type":"Feature","properties":{"ags":"08236013","name":"Engelsbrand","ewz":4525,"dist_km":38.9,"city":false,"warm_m2":14.51,"own_value":true,"m2_median":69,"share_median":0.261,"m2_p25":53,"share_p25":0.338},"geometry":{"type":"Polygon","coordinates":[[[8.6289,48.8536],[8.6211,48.8456],[8.6188,48.8437],[8.6218,48.8333],[8.6179,48.83],[8.6205,48.8251],[8.6326,48.8231],[8.6363,48.8194],[8.6425,48.8178],[8.6534,48.8122],[8.6657,48.8103],[8.6777,48.8168],[8.6958,48.8166],[8.6981,48.8287],[8.691,48.8353],[8.6807,48.8352],[8.6662,48.8388],[8.6495,48.8409],[8.6302,48.8483],[8.6289,48.8536]]]}},{"type":"Feature","properties":{"ags":"08236043","name":"Neuenbürg","ewz":8566,"dist_km":44.5,"city":false,"warm_m2":13.57,"own_value":true,"m2_median":74,"share_median":0.243,"m2_p25":57,"share_p25":0.315},"geometry":{"type":"Polygon","coordinates":[[[8.5937,48.8542],[8.5848,48.8535],[8.565,48.8655],[8.5588,48.8582],[8.5634,48.8343],[8.5251,48.8102],[8.5285,48.8079],[8.5308,48.8015],[8.5168,48.7974],[8.53,48.7849],[8.5482,48.7879],[8.5543,48.7977],[8.5539,48.8013],[8.5597,48.8103],[8.579,48.8158],[8.5879,48.8187],[8.5965,48.8076],[8.618,48.8285],[8.6182,48.8306],[8.6218,48.8333],[8.6136,48.8518],[8.5958,48.8494],[8.5937,48.8542]]]}},{"type":"Feature","properties":{"ags":"08236031","name":"Kieselbronn","ewz":3092,"dist_km":35.6,"city":false,"warm_m2":13.7,"own_value":true,"m2_median":73,"share_median":0.247,"m2_p25":56,"share_p25":0.32},"geometry":{"type":"Polygon","coordinates":[[[8.7445,48.95],[8.7464,48.9519],[8.725,48.9463],[8.7252,48.9296],[8.7351,48.9268],[8.7556,48.9245],[8.763,48.9219],[8.7934,48.9314],[8.7722,48.94],[8.758,48.9398],[8.7445,48.95]]]}},{"type":"Feature","properties":{"ags":"08236073","name":"Neulingen","ewz":6709,"dist_km":39.7,"city":false,"warm_m2":13.61,"own_value":true,"m2_median":74,"share_median":0.244,"m2_p25":57,"share_p25":0.317},"geometry":{"type":"Polygon","coordinates":[[[8.7035,48.9956],[8.6835,48.9924],[8.676,48.993],[8.6707,48.994],[8.6679,48.9867],[8.6938,48.9726],[8.6932,48.9632],[8.6842,48.9551],[8.6917,48.9511],[8.7047,48.9504],[8.6987,48.937],[8.7007,48.9354],[8.7006,48.9246],[8.7154,48.9239],[8.7252,48.9296],[8.725,48.9463],[8.7259,48.956],[8.7385,48.9638],[8.7427,48.9747],[8.7411,48.9777],[8.7396,48.9777],[8.7358,48.9844],[8.7346,48.9947],[8.7126,48.9886],[8.7035,48.9956]]]}},{"type":"Feature","properties":{"ags":"08236075","name":"Ölbronn-Dürrn","ewz":3498,"dist_km":37.5,"city":false,"warm_m2":13.07,"own_value":true,"m2_median":77,"share_median":0.235,"m2_p25":59,"share_p25":0.305},"geometry":{"type":"Polygon","coordinates":[[[8.7436,48.9929],[8.7394,48.9955],[8.7329,48.9987],[8.731,48.9972],[8.7346,48.9947],[8.7358,48.9844],[8.7396,48.9777],[8.7411,48.9777],[8.7427,48.9747],[8.7385,48.9638],[8.7259,48.956],[8.725,48.9463],[8.7464,48.9519],[8.7445,48.95],[8.758,48.9398],[8.7722,48.94],[8.7792,48.949],[8.7758,48.9486],[8.7688,48.9523],[8.7678,48.976],[8.7731,48.9781],[8.7803,48.9789],[8.7798,48.9811],[8.7815,48.9855],[8.7806,48.99],[8.7613,48.9981],[8.7541,48.9959],[8.7436,48.9929]]]}},{"type":"Feature","properties":{"ags":"08236044","name":"Neuhausen","ewz":5281,"dist_km":30.9,"city":false,"warm_m2":13.82,"own_value":true,"m2_median":72,"share_median":0.25,"m2_p25":56,"share_p25":0.324},"geometry":{"type":"Polygon","coordinates":[[[8.7483,48.8412],[8.7412,48.8345],[8.7499,48.8301],[8.7421,48.8227],[8.7241,48.8199],[8.7166,48.8303],[8.7034,48.8395],[8.6979,48.8373],[8.7002,48.837],[8.7044,48.8335],[8.713,48.8248],[8.729,48.798],[8.7375,48.8026],[8.7406,48.8033],[8.7455,48.7976],[8.7561,48.7911],[8.7688,48.7771],[8.7821,48.7743],[8.791,48.78],[8.7982,48.7786],[8.8042,48.7778],[8.8078,48.7814],[8.8111,48.7809],[8.8029,48.7876],[8.8009,48.7948],[8.8103,48.806],[8.799,48.8181],[8.7866,48.8185],[8.7877,48.825],[8.7866,48.8307],[8.7788,48.8324],[8.7734,48.8321],[8.7602,48.8331],[8.7471,48.8358],[8.7483,48.8412]]]}},{"type":"Feature","properties":{"ags":"08236062","name":"Tiefenbronn","ewz":5448,"dist_km":27.3,"city":false,"warm_m2":15.17,"own_value":true,"m2_median":66,"share_median":0.275,"m2_p25":50,"share_p25":0.357},"geometry":{"type":"Polygon","coordinates":[[[8.7819,48.85],[8.7767,48.8505],[8.7714,48.8463],[8.7694,48.8346],[8.7734,48.8321],[8.7788,48.8324],[8.787,48.8304],[8.7866,48.8185],[8.799,48.8181],[8.8103,48.806],[8.8009,48.7948],[8.8029,48.7876],[8.8141,48.786],[8.8261,48.792],[8.8424,48.7994],[8.8439,48.8133],[8.8382,48.8165],[8.8275,48.8277],[8.7984,48.8295],[8.7783,48.8447],[8.7844,48.8418],[8.7819,48.85]]]}},{"type":"Feature","properties":{"ags":"08237027","name":"Eutingen im Gäu","ewz":6035,"dist_km":46.5,"city":false,"warm_m2":13.13,"own_value":true,"m2_median":77,"share_median":0.235,"m2_p25":59,"share_p25":0.304},"geometry":{"type":"Polygon","coordinates":[[[8.7557,48.5041],[8.7395,48.5044],[8.7415,48.4951],[8.7341,48.4871],[8.7156,48.488],[8.7022,48.4839],[8.6894,48.4839],[8.6917,48.4767],[8.7214,48.4736],[8.7325,48.4565],[8.7445,48.4611],[8.7568,48.4574],[8.7578,48.4464],[8.7695,48.44],[8.7725,48.4392],[8.7804,48.441],[8.7902,48.4519],[8.8182,48.4607],[8.8178,48.4624],[8.8069,48.479],[8.7953,48.4848],[8.7765,48.4865],[8.7653,48.5035],[8.7557,48.5041]]]}},{"type":"Feature","properties":{"ags":"08415014","name":"Dettingen an der Erms","ewz":10204,"dist_km":31.1,"city":false,"warm_m2":15.12,"own_value":true,"m2_median":66,"share_median":0.273,"m2_p25":51,"share_p25":0.354},"geometry":{"type":"Polygon","coordinates":[[[9.3518,48.5432],[9.3479,48.5454],[9.3374,48.5474],[9.3319,48.5408],[9.3268,48.5407],[9.3191,48.5236],[9.3272,48.5126],[9.3449,48.5141],[9.3472,48.5079],[9.3635,48.5088],[9.3688,48.5134],[9.3727,48.517],[9.3835,48.5171],[9.4026,48.5257],[9.3853,48.5339],[9.3692,48.5345],[9.3579,48.5445],[9.3518,48.5432]]]}},{"type":"Feature","properties":{"ags":"08415019","name":"Eningen unter Achalm","ewz":11582,"dist_km":34.5,"city":false,"warm_m2":15.18,"own_value":true,"m2_median":66,"share_median":0.273,"m2_p25":51,"share_p25":0.355},"geometry":{"type":"Polygon","coordinates":[[[9.2575,48.5106],[9.2528,48.5102],[9.2443,48.5025],[9.2478,48.4931],[9.2311,48.4834],[9.2622,48.4633],[9.2718,48.4566],[9.2799,48.4556],[9.2923,48.4605],[9.293,48.465],[9.2982,48.4676],[9.3273,48.478],[9.3199,48.4962],[9.3128,48.4931],[9.2963,48.4945],[9.2643,48.5052],[9.2575,48.5106]]]}},{"type":"Feature","properties":{"ags":"08415059","name":"Pfullingen","ewz":19221,"dist_km":36.8,"city":false,"warm_m2":14.8,"own_value":true,"m2_median":68,"share_median":0.266,"m2_p25":52,"share_p25":0.345},"geometry":{"type":"MultiPolygon","coordinates":[[[[9.2799,48.4556],[9.2718,48.4566],[9.2622,48.4633],[9.2311,48.4834],[9.2222,48.4833],[9.2157,48.4728],[9.1834,48.4595],[9.1745,48.4595],[9.168,48.4441],[9.1713,48.4367],[9.1887,48.4275],[9.1973,48.431],[9.2048,48.4249],[9.2168,48.4245],[9.224,48.432],[9.2412,48.437],[9.253,48.4498],[9.2759,48.454],[9.2799,48.4556]]],[[[9.2799,48.4556],[9.2842,48.455],[9.2998,48.4613],[9.297,48.4642],[9.2936,48.4654],[9.2923,48.4605],[9.2799,48.4556]]]]}},{"type":"Feature","properties":{"ags":"08415061","name":"Reutlingen","ewz":118528,"dist_km":32,"city":false,"warm_m2":16.5,"own_value":true,"m2_median":60,"share_median":0.298,"m2_p25":47,"share_p25":0.386},"geometry":{"type":"MultiPolygon","coordinates":[[[[9.2481,48.575],[9.2374,48.5784],[9.2286,48.5685],[9.2241,48.5641],[9.2202,48.5576],[9.2149,48.5538],[9.2073,48.5516],[9.1929,48.5548],[9.1713,48.5485],[9.1721,48.5465],[9.1757,48.5389],[9.1672,48.5236],[9.1644,48.523],[9.1691,48.5176],[9.1682,48.5087],[9.1594,48.501],[9.1486,48.5004],[9.1417,48.4896],[9.1253,48.4819],[9.1197,48.4753],[9.1206,48.4724],[9.124,48.4726],[9.1253,48.4709],[9.1319,48.4703],[9.1343,48.4588],[9.1352,48.4553],[9.1146,48.4353],[9.1169,48.4273],[9.1441,48.4128],[9.15,48.418],[9.1664,48.4218],[9.1885,48.4224],[9.1961,48.4303],[9.1887,48.4275],[9.1713,48.4367],[9.168,48.4441],[9.1745,48.4595],[9.1834,48.4595],[9.2157,48.4728],[9.2222,48.4833],[9.2311,48.4834],[9.2478,48.4931],[9.2443,48.5025],[9.2529,48.5122],[9.2395,48.5379],[9.2411,48.5466],[9.2511,48.5522],[9.248,48.5626],[9.2557,48.5662],[9.2526,48.5708],[9.2539,48.5716],[9.2518,48.5722],[9.2481,48.575]]],[[[9.164,48.5486],[9.1624,48.5509],[9.1521,48.5559],[9.1508,48.551],[9.1517,48.5479],[9.164,48.5486]]]]}},{"type":"Feature","properties":{"ags":"08415080","name":"Wannweil","ewz":5468,"dist_km":30.1,"city":false,"warm_m2":14.74,"own_value":true,"m2_median":68,"share_median":0.266,"m2_p25":52,"share_p25":0.346},"geometry":{"type":"Polygon","coordinates":[[[9.1628,48.5226],[9.1566,48.5267],[9.1417,48.5236],[9.1363,48.5097],[9.1413,48.5008],[9.1594,48.501],[9.1682,48.5087],[9.1691,48.5176],[9.1644,48.523],[9.1628,48.5226]]]}},{"type":"Feature","properties":{"ags":"08415091","name":"Sonnenbühl","ewz":7094,"dist_km":44.9,"city":false,"warm_m2":11.6,"own_value":true,"m2_median":87,"share_median":0.207,"m2_p25":67,"share_p25":0.269},"geometry":{"type":"Polygon","coordinates":[[[9.2168,48.4245],[9.2048,48.4249],[9.1973,48.431],[9.1961,48.4303],[9.1885,48.4224],[9.1664,48.4218],[9.15,48.418],[9.1471,48.41],[9.1299,48.3946],[9.1283,48.3919],[9.1214,48.3897],[9.1274,48.377],[9.1295,48.3729],[9.1329,48.3735],[9.1453,48.3699],[9.158,48.3706],[9.1793,48.3676],[9.1782,48.36],[9.1671,48.3533],[9.1741,48.3444],[9.1891,48.338],[9.2126,48.3331],[9.2205,48.3386],[9.2201,48.3393],[9.2326,48.3433],[9.2496,48.3646],[9.2399,48.3718],[9.2429,48.3836],[9.2482,48.399],[9.2263,48.405],[9.2255,48.4167],[9.2168,48.4245]]]}},{"type":"Feature","properties":{"ags":"08415092","name":"Lichtenstein","ewz":9304,"dist_km":40.4,"city":false,"warm_m2":13.57,"own_value":true,"m2_median":74,"share_median":0.243,"m2_p25":57,"share_p25":0.316},"geometry":{"type":"Polygon","coordinates":[[[9.3125,48.4215],[9.3053,48.4256],[9.3016,48.4431],[9.3072,48.459],[9.3035,48.4622],[9.2998,48.4613],[9.2842,48.455],[9.2759,48.454],[9.253,48.4498],[9.2412,48.437],[9.224,48.432],[9.2168,48.4245],[9.2255,48.4167],[9.2263,48.405],[9.2482,48.399],[9.2446,48.388],[9.2603,48.389],[9.2882,48.4019],[9.301,48.405],[9.3157,48.4147],[9.3125,48.4215]]]}},{"type":"Feature","properties":{"ags":"08415093","name":"St. Johann","ewz":5261,"dist_km":38.1,"city":false,"warm_m2":11.63,"own_value":true,"m2_median":86,"share_median":0.209,"m2_p25":66,"share_p25":0.271},"geometry":{"type":"Polygon","coordinates":[[[9.3579,48.5017],[9.3534,48.5042],[9.3472,48.5079],[9.3455,48.5115],[9.3321,48.5112],[9.322,48.4975],[9.3199,48.4962],[9.3273,48.478],[9.2982,48.4676],[9.2936,48.4654],[9.297,48.4642],[9.2998,48.4613],[9.3035,48.4622],[9.3072,48.459],[9.3016,48.4431],[9.3053,48.4256],[9.3125,48.4215],[9.3317,48.4181],[9.3366,48.4149],[9.3456,48.4097],[9.3833,48.4102],[9.3892,48.4199],[9.4028,48.4171],[9.4069,48.4195],[9.4119,48.4253],[9.4108,48.4254],[9.4171,48.4391],[9.4178,48.4423],[9.4046,48.448],[9.3989,48.4584],[9.3992,48.473],[9.3926,48.4818],[9.3741,48.4817],[9.3693,48.4742],[9.352,48.4772],[9.3529,48.4807],[9.3599,48.4837],[9.3499,48.4874],[9.3455,48.4972],[9.3579,48.5017]]]}},{"type":"Feature","properties":{"ags":"08415089","name":"Engstingen","ewz":5219,"dist_km":44.2,"city":false,"warm_m2":12.73,"own_value":true,"m2_median":79,"share_median":0.228,"m2_p25":61,"share_p25":0.295},"geometry":{"type":"Polygon","coordinates":[[[9.3317,48.4181],[9.3125,48.4215],[9.3157,48.4147],[9.301,48.405],[9.2882,48.4019],[9.2603,48.389],[9.2446,48.388],[9.2429,48.3836],[9.2399,48.3718],[9.2496,48.3646],[9.264,48.3603],[9.2803,48.36],[9.2895,48.3587],[9.3011,48.3635],[9.318,48.3618],[9.3317,48.3714],[9.3306,48.3899],[9.3462,48.3897],[9.3396,48.4027],[9.3403,48.4124],[9.3317,48.4181]]]}},{"type":"Feature","properties":{"ags":"08415029","name":"Grafenberg","ewz":2747,"dist_km":25.3,"city":false,"warm_m2":15.27,"own_value":true,"m2_median":65,"share_median":0.277,"m2_p25":50,"share_p25":0.36},"geometry":{"type":"Polygon","coordinates":[[[9.3216,48.569],[9.3123,48.5812],[9.3065,48.5766],[9.3021,48.5777],[9.2953,48.5655],[9.2867,48.564],[9.2904,48.559],[9.298,48.5608],[9.309,48.5621],[9.3092,48.5633],[9.3216,48.569]]]}},{"type":"Feature","properties":{"ags":"08415050","name":"Metzingen","ewz":22530,"dist_km":29.1,"city":false,"warm_m2":15.97,"own_value":true,"m2_median":62,"share_median":0.289,"m2_p25":48,"share_p25":0.375},"geometry":{"type":"Polygon","coordinates":[[[9.3206,48.5567],[9.3154,48.5616],[9.309,48.5621],[9.298,48.5608],[9.2865,48.5568],[9.2505,48.5501],[9.2449,48.5449],[9.2395,48.5379],[9.2529,48.5122],[9.2528,48.5102],[9.2575,48.5106],[9.2643,48.5052],[9.2963,48.4945],[9.3128,48.4931],[9.322,48.4975],[9.3321,48.5112],[9.3455,48.5115],[9.3449,48.5141],[9.3272,48.5126],[9.3191,48.5236],[9.3268,48.5407],[9.3241,48.5412],[9.3146,48.5462],[9.319,48.5526],[9.3169,48.5546],[9.3206,48.5567]]]}},{"type":"Feature","properties":{"ags":"08415062","name":"Riederich","ewz":4300,"dist_km":26,"city":false,"warm_m2":14.98,"own_value":true,"m2_median":66,"share_median":0.272,"m2_p25":51,"share_p25":0.353},"geometry":{"type":"Polygon","coordinates":[[[9.2898,48.5654],[9.2545,48.5683],[9.2557,48.5662],[9.248,48.5626],[9.2511,48.5522],[9.2411,48.5466],[9.2449,48.5449],[9.2505,48.5501],[9.2865,48.5568],[9.2904,48.559],[9.2867,48.564],[9.2898,48.5654]]]}},{"type":"Feature","properties":{"ags":"08415027","name":"Gomadingen","ewz":2382,"dist_km":46.7,"city":false,"warm_m2":11.91,"own_value":true,"m2_median":85,"share_median":0.213,"m2_p25":65,"share_p25":0.276},"geometry":{"type":"Polygon","coordinates":[[[9.4246,48.4099],[9.4127,48.4217],[9.4119,48.4253],[9.4069,48.4195],[9.4028,48.4171],[9.3892,48.4199],[9.3833,48.4102],[9.3456,48.4097],[9.3366,48.4149],[9.3403,48.4124],[9.3396,48.4027],[9.3462,48.3897],[9.3306,48.3899],[9.3317,48.3714],[9.3617,48.3764],[9.3711,48.3702],[9.3936,48.3667],[9.3942,48.355],[9.411,48.3589],[9.4341,48.3581],[9.4412,48.3543],[9.4472,48.3561],[9.4549,48.3619],[9.4539,48.3747],[9.4616,48.3883],[9.4589,48.3966],[9.4246,48.4099]]]}},{"type":"Feature","properties":{"ags":"08415053","name":"Münsingen","ewz":14860,"dist_km":50.6,"city":false,"warm_m2":11.77,"own_value":true,"m2_median":86,"share_median":0.21,"m2_p25":66,"share_p25":0.272},"geometry":{"type":"Polygon","coordinates":[[[9.4391,48.4499],[9.4327,48.4518],[9.4206,48.4465],[9.4171,48.4391],[9.4108,48.4254],[9.4128,48.425],[9.4127,48.4217],[9.4246,48.4099],[9.4589,48.3966],[9.4616,48.3883],[9.4539,48.3747],[9.4549,48.3619],[9.4472,48.3561],[9.4483,48.3564],[9.4579,48.3465],[9.4486,48.3362],[9.4547,48.3286],[9.4691,48.3295],[9.4756,48.3218],[9.5067,48.3065],[9.5231,48.3091],[9.5335,48.3159],[9.5344,48.3184],[9.55,48.3201],[9.5576,48.3326],[9.5794,48.3319],[9.5909,48.3485],[9.5921,48.3563],[9.542,48.3571],[9.5318,48.3664],[9.5296,48.382],[9.538,48.3939],[9.5463,48.3952],[9.5806,48.3922],[9.5928,48.3983],[9.6213,48.3957],[9.6259,48.4038],[9.6237,48.4142],[9.6285,48.4145],[9.6262,48.4178],[9.619,48.4166],[9.6067,48.4163],[9.5937,48.4115],[9.5574,48.4112],[9.5522,48.4186],[9.5313,48.4215],[9.5194,48.4197],[9.5146,48.4299],[9.4895,48.4442],[9.4867,48.4443],[9.4876,48.4432],[9.4858,48.4427],[9.4857,48.4406],[9.4554,48.4418],[9.4391,48.4499]]]}},{"type":"Feature","properties":{"ags":"08415060","name":"Pliezhausen","ewz":9853,"dist_km":24.4,"city":false,"warm_m2":14.95,"own_value":true,"m2_median":66,"share_median":0.271,"m2_p25":51,"share_p25":0.352},"geometry":{"type":"Polygon","coordinates":[[[9.1424,48.5787],[9.1356,48.5812],[9.1261,48.5822],[9.1282,48.5697],[9.1256,48.5666],[9.1342,48.5636],[9.14,48.5631],[9.1401,48.5613],[9.1507,48.5536],[9.1508,48.551],[9.1521,48.5559],[9.1624,48.5509],[9.1698,48.5506],[9.1713,48.5485],[9.1929,48.5548],[9.2083,48.5516],[9.2207,48.5543],[9.2202,48.5576],[9.2241,48.5641],[9.2252,48.5664],[9.2072,48.5728],[9.2071,48.5817],[9.1613,48.5778],[9.1462,48.5748],[9.1492,48.5768],[9.1442,48.5745],[9.1437,48.5762],[9.1424,48.5787]]]}},{"type":"Feature","properties":{"ags":"08415087","name":"Walddorfhäslach","ewz":5551,"dist_km":22,"city":false,"warm_m2":15.05,"own_value":true,"m2_median":66,"share_median":0.274,"m2_p25":51,"share_p25":0.355},"geometry":{"type":"Polygon","coordinates":[[[9.18,48.6053],[9.1539,48.6056],[9.1512,48.6041],[9.1373,48.6013],[9.1292,48.6013],[9.1318,48.6],[9.1309,48.5907],[9.1261,48.5822],[9.1356,48.5812],[9.1424,48.5787],[9.1437,48.5762],[9.1442,48.5745],[9.1492,48.5768],[9.1462,48.5748],[9.1613,48.5778],[9.2071,48.5817],[9.2056,48.5931],[9.2028,48.6042],[9.1883,48.5976],[9.1808,48.6024],[9.18,48.6053]]]}},{"type":"Feature","properties":{"ags":"08415028","name":"Grabenstetten","ewz":1729,"dist_km":35.5,"city":false,"warm_m2":12.27,"own_value":true,"m2_median":81,"share_median":0.221,"m2_p25":63,"share_p25":0.287},"geometry":{"type":"Polygon","coordinates":[[[9.4635,48.5443],[9.4514,48.5464],[9.4505,48.5448],[9.4447,48.5443],[9.4405,48.5425],[9.4261,48.544],[9.4186,48.5363],[9.4202,48.5335],[9.4277,48.5333],[9.4247,48.5292],[9.4254,48.527],[9.4249,48.521],[9.4406,48.523],[9.4518,48.5121],[9.4447,48.5052],[9.4692,48.5004],[9.4743,48.499],[9.4832,48.5056],[9.4733,48.5136],[9.4738,48.5123],[9.4666,48.516],[9.4825,48.5353],[9.4635,48.5443]]]}},{"type":"Feature","properties":{"ags":"08415039","name":"Hülben","ewz":3171,"dist_km":33.5,"city":false,"warm_m2":11.94,"own_value":true,"m2_median":84,"share_median":0.215,"m2_p25":64,"share_p25":0.279},"geometry":{"type":"Polygon","coordinates":[[[9.4139,48.5357],[9.4087,48.5381],[9.3986,48.5341],[9.3895,48.5345],[9.3841,48.5357],[9.3853,48.5339],[9.4026,48.5257],[9.3835,48.5171],[9.3787,48.5173],[9.3812,48.5157],[9.3812,48.5132],[9.3892,48.5086],[9.3986,48.5167],[9.4063,48.5064],[9.4173,48.506],[9.425,48.5107],[9.4173,48.5196],[9.4202,48.5335],[9.4186,48.5363],[9.4139,48.5357]]]}},{"type":"Feature","properties":{"ags":"08415078","name":"Bad Urach","ewz":12755,"dist_km":37.5,"city":false,"warm_m2":14.43,"own_value":true,"m2_median":69,"share_median":0.259,"m2_p25":53,"share_p25":0.336},"geometry":{"type":"Polygon","coordinates":[[[9.4277,48.5333],[9.4202,48.5335],[9.4173,48.5196],[9.425,48.5107],[9.4173,48.506],[9.4063,48.5064],[9.3986,48.5167],[9.3892,48.5086],[9.3812,48.5132],[9.3812,48.5157],[9.3787,48.5173],[9.3746,48.5176],[9.3688,48.5134],[9.3635,48.5088],[9.3534,48.5042],[9.3579,48.5017],[9.3455,48.4972],[9.3499,48.4874],[9.3599,48.4837],[9.3529,48.4807],[9.352,48.4772],[9.3693,48.4742],[9.3741,48.4817],[9.3926,48.4818],[9.3992,48.473],[9.3989,48.4584],[9.4046,48.448],[9.4178,48.4423],[9.4206,48.4465],[9.4327,48.4518],[9.4391,48.4499],[9.4554,48.4418],[9.4857,48.4406],[9.4858,48.4427],[9.4876,48.4432],[9.4867,48.4443],[9.4834,48.444],[9.473,48.4516],[9.4752,48.4657],[9.4781,48.4728],[9.482,48.4731],[9.4835,48.4913],[9.4792,48.4964],[9.4692,48.5004],[9.4447,48.5052],[9.4518,48.5121],[9.4406,48.523],[9.4249,48.521],[9.4254,48.527],[9.4247,48.5292],[9.4277,48.5333]]]}},{"type":"Feature","properties":{"ags":"08415088","name":"Römerstein","ewz":4097,"dist_km":40.7,"city":false,"warm_m2":12.24,"own_value":true,"m2_median":82,"share_median":0.22,"m2_p25":63,"share_p25":0.285},"geometry":{"type":"Polygon","coordinates":[[[9.5737,48.54],[9.5658,48.5383],[9.5596,48.532],[9.5411,48.5262],[9.5309,48.5136],[9.5099,48.5261],[9.5045,48.5268],[9.4991,48.5208],[9.4795,48.5183],[9.472,48.5154],[9.4733,48.5136],[9.4832,48.5056],[9.4743,48.499],[9.4792,48.4964],[9.4835,48.4913],[9.482,48.4731],[9.4865,48.4722],[9.4991,48.471],[9.5184,48.477],[9.5277,48.4738],[9.5552,48.4716],[9.5662,48.4757],[9.5911,48.4767],[9.5925,48.4794],[9.5832,48.4907],[9.5856,48.4899],[9.5858,48.4927],[9.5896,48.499],[9.5912,48.5121],[9.582,48.5328],[9.5852,48.5367],[9.5825,48.5391],[9.5737,48.54]]]}},{"type":"Feature","properties":{"ags":"08415971","name":"Gutsbezirk Münsingen","ewz":0,"dist_km":47.1,"city":false},"geometry":{"type":"Polygon","coordinates":[[[9.5911,48.4767],[9.5662,48.4757],[9.5552,48.4716],[9.5277,48.4738],[9.5184,48.477],[9.4991,48.471],[9.4865,48.4722],[9.4781,48.4728],[9.4752,48.4657],[9.473,48.4516],[9.4834,48.444],[9.4895,48.4442],[9.5146,48.4299],[9.5194,48.4197],[9.5313,48.4215],[9.5522,48.4186],[9.5574,48.4112],[9.5937,48.4115],[9.6076,48.4164],[9.617,48.4165],[9.6367,48.4186],[9.6322,48.4428],[9.6212,48.4574],[9.617,48.4634],[9.603,48.4723],[9.5911,48.4767]]]}},{"type":"Feature","properties":{"ags":"08416009","name":"Dettenhausen","ewz":5630,"dist_km":21.1,"city":false,"warm_m2":13.68,"own_value":true,"m2_median":72,"share_median":0.249,"m2_p25":56,"share_p25":0.323},"geometry":{"type":"Polygon","coordinates":[[[9.1083,48.6163],[9.1078,48.6228],[9.0956,48.6217],[9.0896,48.6031],[9.0779,48.598],[9.0792,48.5888],[9.0996,48.5809],[9.1154,48.5832],[9.1261,48.5822],[9.1309,48.5907],[9.1318,48.6],[9.1292,48.6013],[9.1215,48.6004],[9.1129,48.6033],[9.1127,48.6071],[9.1083,48.6163]]]}},{"type":"Feature","properties":{"ags":"08416022","name":"Kirchentellinsfurt","ewz":5732,"dist_km":27,"city":false,"warm_m2":13.51,"own_value":true,"m2_median":74,"share_median":0.245,"m2_p25":57,"share_p25":0.318},"geometry":{"type":"Polygon","coordinates":[[[9.1256,48.5666],[9.118,48.5566],[9.1282,48.5485],[9.1303,48.5341],[9.1321,48.5337],[9.1417,48.5236],[9.1566,48.5267],[9.1628,48.5226],[9.1672,48.5236],[9.1757,48.5389],[9.1721,48.5465],[9.1698,48.5506],[9.164,48.5486],[9.1517,48.5479],[9.1507,48.5536],[9.1401,48.5613],[9.14,48.5631],[9.1342,48.5636],[9.1256,48.5666]]]}},{"type":"Feature","properties":{"ags":"08416023","name":"Kusterdingen","ewz":9038,"dist_km":31.5,"city":false,"warm_m2":14.12,"own_value":true,"m2_median":71,"share_median":0.255,"m2_p25":54,"share_p25":0.331},"geometry":{"type":"Polygon","coordinates":[[[9.1321,48.5337],[9.1248,48.5348],[9.1115,48.5263],[9.1026,48.5136],[9.0894,48.5129],[9.0777,48.4915],[9.0816,48.4857],[9.076,48.4876],[9.0753,48.4839],[9.0716,48.4829],[9.08,48.48],[9.0982,48.4721],[9.1196,48.4714],[9.1253,48.4709],[9.124,48.4726],[9.1206,48.4724],[9.1197,48.4753],[9.1253,48.4819],[9.1417,48.4896],[9.1486,48.5004],[9.1413,48.5008],[9.1363,48.5097],[9.1417,48.5236],[9.1321,48.5337]]]}},{"type":"Feature","properties":{"ags":"08416041","name":"Tübingen","ewz":93615,"dist_km":31.2,"city":false,"warm_m2":18.47,"own_value":true,"m2_median":54,"share_median":0.334,"m2_p25":42,"share_p25":0.433},"geometry":{"type":"Polygon","coordinates":[[[9.0577,48.5913],[9.0571,48.5937],[9.0521,48.5932],[9.0405,48.5874],[9.035,48.5763],[9.0158,48.5609],[9.0126,48.5535],[8.9961,48.5532],[8.9767,48.5402],[8.9742,48.527],[8.9653,48.514],[8.996,48.5122],[8.9798,48.5038],[8.979,48.4913],[9.0009,48.4606],[9.0098,48.4506],[9.0205,48.4502],[9.0179,48.4553],[9.0291,48.4617],[9.0503,48.467],[9.0611,48.4748],[9.0668,48.4851],[9.0716,48.4829],[9.0753,48.4839],[9.076,48.4876],[9.0816,48.4857],[9.0777,48.4915],[9.0894,48.5129],[9.1026,48.5136],[9.1115,48.5263],[9.1248,48.5348],[9.1303,48.5341],[9.1282,48.5485],[9.118,48.5566],[9.1282,48.5697],[9.1261,48.5822],[9.119,48.5814],[9.1184,48.5829],[9.1154,48.5832],[9.0996,48.5809],[9.0792,48.5888],[9.0577,48.5913]]]}},{"type":"Feature","properties":{"ags":"08416048","name":"Ammerbuch","ewz":11552,"dist_km":32,"city":false,"warm_m2":13.27,"own_value":true,"m2_median":75,"share_median":0.24,"m2_p25":58,"share_p25":0.311},"geometry":{"type":"Polygon","coordinates":[[[8.9976,48.5873],[8.9857,48.591],[8.9789,48.5899],[8.9666,48.5872],[8.9492,48.5871],[8.9489,48.5802],[8.9357,48.5774],[8.9452,48.5675],[8.9322,48.5644],[8.9242,48.5709],[8.9113,48.5722],[8.8884,48.5608],[8.8897,48.5603],[8.8834,48.5408],[8.8958,48.5302],[8.9183,48.534],[8.9349,48.5336],[8.9419,48.518],[8.9585,48.521],[8.9653,48.514],[8.9742,48.527],[8.9767,48.5402],[8.9961,48.5532],[9.0126,48.5535],[9.0158,48.5609],[9.035,48.5763],[9.031,48.5785],[9.0134,48.5865],[8.9976,48.5873]]]}},{"type":"Feature","properties":{"ags":"08416011","name":"Dußlingen","ewz":6353,"dist_km":37.5,"city":false,"warm_m2":13.66,"own_value":true,"m2_median":73,"share_median":0.246,"m2_p25":57,"share_p25":0.319},"geometry":{"type":"Polygon","coordinates":[[[9.0686,48.4718],[9.0686,48.479],[9.0702,48.4836],[9.0668,48.4851],[9.0611,48.4748],[9.0503,48.467],[9.0291,48.4617],[9.0179,48.4553],[9.0205,48.4502],[9.0156,48.4503],[9.0101,48.4466],[9.0159,48.4412],[9.0172,48.4383],[9.0323,48.4397],[9.0368,48.4341],[9.045,48.4356],[9.0701,48.445],[9.0744,48.4495],[9.0756,48.4619],[9.0686,48.4718]]]}},{"type":"Feature","properties":{"ags":"08416015","name":"Gomaringen","ewz":9274,"dist_km":36.8,"city":false,"warm_m2":13.08,"own_value":true,"m2_median":77,"share_median":0.235,"m2_p25":59,"share_p25":0.305},"geometry":{"type":"Polygon","coordinates":[[[9.1196,48.4714],[9.0982,48.4721],[9.08,48.48],[9.0702,48.4836],[9.0686,48.479],[9.0686,48.4718],[9.0756,48.4619],[9.0744,48.4495],[9.0753,48.447],[9.0795,48.4425],[9.1011,48.4332],[9.1,48.4267],[9.1169,48.4273],[9.1146,48.4353],[9.1352,48.4553],[9.1343,48.4588],[9.1319,48.4703],[9.1196,48.4714]]]}},{"type":"Feature","properties":{"ags":"08416026","name":"Nehren","ewz":4580,"dist_km":40.1,"city":false,"warm_m2":14.45,"own_value":true,"m2_median":69,"share_median":0.259,"m2_p25":54,"share_p25":0.336},"geometry":{"type":"Polygon","coordinates":[[[9.0795,48.4425],[9.0753,48.447],[9.0701,48.445],[9.045,48.4356],[9.054,48.4368],[9.0508,48.427],[9.0597,48.4217],[9.074,48.4181],[9.0829,48.4189],[9.0897,48.4201],[9.096,48.4222],[9.0967,48.4249],[9.1011,48.4332],[9.0795,48.4425]]]}},{"type":"Feature","properties":{"ags":"08416006","name":"Bodelshausen","ewz":5948,"dist_km":45.8,"city":false,"warm_m2":12.52,"own_value":true,"m2_median":80,"share_median":0.224,"m2_p25":62,"share_p25":0.29},"geometry":{"type":"Polygon","coordinates":[[[8.9943,48.3993],[8.9998,48.4056],[8.9927,48.4166],[8.9806,48.413],[8.9743,48.4138],[8.9567,48.4157],[8.9514,48.4064],[8.9346,48.4094],[8.9372,48.3993],[8.9365,48.3901],[8.9499,48.3885],[8.9537,48.3808],[8.9725,48.3851],[8.9898,48.3822],[9.0008,48.3871],[9.0039,48.3898],[9.0013,48.3957],[8.9943,48.3993]]]}},{"type":"Feature","properties":{"ags":"08416025","name":"Mössingen","ewz":20979,"dist_km":43.8,"city":false,"warm_m2":13.21,"own_value":true,"m2_median":76,"share_median":0.236,"m2_p25":59,"share_p25":0.306},"geometry":{"type":"Polygon","coordinates":[[[9.1169,48.4273],[9.1,48.4267],[9.0967,48.4249],[9.096,48.4222],[9.0897,48.4201],[9.0829,48.4189],[9.074,48.4181],[9.0597,48.4217],[9.0573,48.4229],[9.0421,48.4091],[9.0321,48.411],[8.9963,48.3986],[9.0013,48.3957],[9.0039,48.3898],[9.0047,48.3757],[9.0415,48.373],[9.0586,48.3728],[9.0726,48.3677],[9.0976,48.3668],[9.1096,48.3739],[9.1303,48.3715],[9.1274,48.377],[9.1214,48.3897],[9.1283,48.3919],[9.1299,48.3946],[9.1471,48.41],[9.1441,48.4128],[9.1169,48.4273]]]}},{"type":"Feature","properties":{"ags":"08416031","name":"Ofterdingen","ewz":5602,"dist_km":41.6,"city":false,"warm_m2":13.24,"own_value":true,"m2_median":76,"share_median":0.237,"m2_p25":58,"share_p25":0.308},"geometry":{"type":"Polygon","coordinates":[[[9.0172,48.4383],[9.0159,48.4412],[9.0101,48.4466],[9.002,48.4387],[9.003,48.4297],[9.0016,48.4214],[8.9838,48.4246],[8.9743,48.4138],[8.9806,48.413],[8.9927,48.4166],[8.9998,48.4056],[8.9943,48.3993],[8.9963,48.3986],[9.0321,48.411],[9.0421,48.4091],[9.0573,48.4229],[9.0508,48.427],[9.054,48.4368],[9.0368,48.4341],[9.0323,48.4397],[9.0172,48.4383]]]}},{"type":"Feature","properties":{"ags":"08416018","name":"Hirrlingen","ewz":3202,"dist_km":46.5,"city":false,"warm_m2":11.53,"own_value":true,"m2_median":87,"share_median":0.206,"m2_p25":67,"share_p25":0.267},"geometry":{"type":"Polygon","coordinates":[[[8.9158,48.4376],[8.9125,48.4385],[8.897,48.4333],[8.8949,48.4245],[8.8807,48.4248],[8.8713,48.4174],[8.873,48.4175],[8.8696,48.4143],[8.8746,48.4087],[8.8723,48.4072],[8.8693,48.4007],[8.876,48.397],[8.8908,48.3995],[8.8944,48.3927],[8.9093,48.3948],[8.9272,48.3904],[8.9365,48.3901],[8.9372,48.3993],[8.9127,48.4114],[8.9048,48.4278],[8.9163,48.4343],[8.9158,48.4376]]]}},{"type":"Feature","properties":{"ags":"08416036","name":"Rottenburg am Neckar","ewz":44791,"dist_km":39.2,"city":false,"warm_m2":13.51,"own_value":true,"m2_median":74,"share_median":0.243,"m2_p25":57,"share_p25":0.315},"geometry":{"type":"Polygon","coordinates":[[[8.8834,48.5408],[8.8662,48.5402],[8.8509,48.5372],[8.853,48.5331],[8.86,48.5265],[8.8584,48.5167],[8.8449,48.5091],[8.8467,48.5001],[8.8513,48.4988],[8.8955,48.4976],[8.9054,48.493],[8.8941,48.4767],[8.8743,48.4762],[8.8744,48.4669],[8.8617,48.4638],[8.8367,48.468],[8.8271,48.4755],[8.8365,48.4854],[8.8391,48.499],[8.8356,48.5032],[8.7964,48.5103],[8.7899,48.5201],[8.781,48.5213],[8.7718,48.5243],[8.7689,48.5218],[8.7707,48.5214],[8.7657,48.5128],[8.7615,48.5059],[8.7557,48.5041],[8.7653,48.5035],[8.7765,48.4865],[8.7953,48.4848],[8.8069,48.479],[8.8178,48.4624],[8.8225,48.4546],[8.8384,48.4511],[8.8412,48.4439],[8.8661,48.4281],[8.8649,48.4208],[8.8713,48.4174],[8.8807,48.4248],[8.8949,48.4245],[8.897,48.4333],[8.9125,48.4385],[8.9158,48.4376],[8.9163,48.4343],[8.9048,48.4278],[8.9127,48.4114],[8.9372,48.3993],[8.9346,48.4094],[8.9514,48.4064],[8.9567,48.4157],[8.9743,48.4138],[8.9838,48.4246],[9.0016,48.4214],[9.003,48.4297],[9.002,48.4387],[9.0111,48.4482],[9.0156,48.4503],[9.0098,48.4506],[9.0009,48.4606],[8.979,48.4913],[8.9798,48.5038],[8.996,48.5122],[8.9653,48.514],[8.9585,48.521],[8.9419,48.518],[8.9349,48.5336],[8.9183,48.534],[8.8958,48.5302],[8.8834,48.5408]]]}},{"type":"Feature","properties":{"ags":"08416049","name":"Neustetten","ewz":3932,"dist_km":41,"city":false,"warm_m2":12.28,"own_value":true,"m2_median":82,"share_median":0.22,"m2_p25":63,"share_p25":0.286},"geometry":{"type":"Polygon","coordinates":[[[8.8391,48.499],[8.8365,48.4854],[8.8271,48.4755],[8.8367,48.468],[8.8617,48.4638],[8.8744,48.4669],[8.8743,48.4762],[8.8941,48.4767],[8.9054,48.493],[8.8955,48.4976],[8.8513,48.4988],[8.8391,48.499]]]}},{"type":"Feature","properties":{"ags":"08416050","name":"Starzach","ewz":4421,"dist_km":47.5,"city":false,"warm_m2":10.84,"own_value":true,"m2_median":93,"share_median":0.193,"m2_p25":72,"share_p25":0.251},"geometry":{"type":"Polygon","coordinates":[[[8.8182,48.4607],[8.7902,48.4519],[8.7804,48.441],[8.7725,48.4392],[8.7649,48.4258],[8.7698,48.4248],[8.7673,48.4169],[8.7777,48.4155],[8.7946,48.4174],[8.799,48.414],[8.8014,48.4069],[8.8071,48.408],[8.8168,48.4066],[8.8318,48.4064],[8.8347,48.4105],[8.8465,48.4121],[8.8677,48.4155],[8.8649,48.4208],[8.8661,48.4281],[8.8412,48.4439],[8.8384,48.4511],[8.8225,48.4546],[8.8182,48.4607]]]}},{"type":"Feature","properties":{"ags":"08425071","name":"Laichingen","ewz":12447,"dist_km":49.4,"city":false,"warm_m2":14.49,"own_value":true,"m2_median":70,"share_median":0.258,"m2_p25":54,"share_p25":0.335},"geometry":{"type":"Polygon","coordinates":[[[9.7938,48.4945],[9.7686,48.4939],[9.7473,48.505],[9.7346,48.5044],[9.718,48.5216],[9.7035,48.5284],[9.6978,48.5351],[9.6948,48.5365],[9.6905,48.5346],[9.6821,48.5246],[9.6719,48.5216],[9.6558,48.524],[9.6592,48.5195],[9.6628,48.5197],[9.6543,48.5104],[9.6308,48.4954],[9.5891,48.4898],[9.5832,48.4907],[9.5925,48.4794],[9.603,48.4723],[9.617,48.4634],[9.6199,48.4602],[9.6368,48.4567],[9.6485,48.4655],[9.6611,48.4691],[9.6698,48.4689],[9.6865,48.4665],[9.6952,48.4458],[9.6894,48.4401],[9.6891,48.4323],[9.6929,48.4324],[9.7086,48.4357],[9.7096,48.4424],[9.7389,48.44],[9.7378,48.4484],[9.7399,48.4555],[9.726,48.4634],[9.7184,48.4781],[9.7171,48.4795],[9.7367,48.4782],[9.776,48.4872],[9.7916,48.4855],[9.8016,48.4839],[9.7979,48.4928],[9.7995,48.4975],[9.798,48.4972],[9.7983,48.4988],[9.7938,48.4945]]]}},{"type":"Feature","properties":{"ags":"08425134","name":"Westerheim","ewz":3063,"dist_km":44.2,"city":false,"warm_m2":13.71,"own_value":true,"m2_median":73,"share_median":0.245,"m2_p25":57,"share_p25":0.318},"geometry":{"type":"Polygon","coordinates":[[[9.6166,48.5368],[9.6112,48.5415],[9.5873,48.5402],[9.5871,48.5383],[9.582,48.5328],[9.5912,48.5121],[9.5896,48.499],[9.5858,48.4927],[9.5856,48.4899],[9.5891,48.4898],[9.6308,48.4954],[9.6543,48.5104],[9.6628,48.5197],[9.6557,48.5189],[9.6531,48.5195],[9.6326,48.537],[9.6211,48.537],[9.6166,48.5368]]]}}]}